theta_a,theta_f,coverage,correctness,product,f1,false_alarm_pct,accuracy,refused
0.39,0.6,0.9270833333333334,0.5335830212234707,0.49467592592592596,0.3646258503401361,37.604166666666664,53.35830212234707,315
0.39,0.61,0.9231481481481482,0.5348545636910732,0.49374999999999997,0.3645083932853717,37.15277777777778,53.48545636910732,332
0.39,0.62,0.9194444444444444,0.5360020140986909,0.4928240740740741,0.36426353915143156,36.736111111111114,53.600201409869086,348
0.38,0.6,0.9226851851851852,0.5331159056698445,0.49189814814814814,0.3654960790998977,37.604166666666664,53.31159056698445,334
0.39,0.63,0.9143518518518519,0.5374683544303798,0.4914351851851852,0.36363636363636365,36.18055555555556,53.74683544303798,370
0.38,0.61,0.91875,0.5343915343915344,0.4909722222222222,0.36538461538461536,37.15277777777778,53.43915343915344,351
0.37,0.6,0.9199074074074074,0.532964267740312,0.49027777777777776,0.366120218579235,37.604166666666664,53.296426774031204,346
0.38,0.62,0.9150462962962963,0.535542625853782,0.49004629629629637,0.3651452282157676,36.736111111111114,53.5542625853782,367
0.39,0.64,0.9097222222222222,0.5384223918575064,0.48981481481481487,0.36216596343178625,35.729166666666664,53.84223918575064,390
0.37,0.61,0.9159722222222222,0.5342431134698004,0.4893518518518518,0.36601307189542487,37.15277777777778,53.42431134698003,363
0.38,0.63,0.9099537037037037,0.5370134825744085,0.4886574074074073,0.3645251396648045,36.18055555555556,53.70134825744085,389
0.39,0.65,0.9071759259259259,0.5386578208726716,0.4886574074074073,0.36067892503536064,35.520833333333336,53.865782087267156,401
0.37,0.62,0.9122685185185185,0.5353971073331641,0.48842592592592593,0.36577762383096646,36.736111111111114,53.53971073331641,379
0.39,0.66,0.9053240740740741,0.5389925850166198,0.48796296296296304,0.3599574014909478,35.34722222222222,53.89925850166198,409
0.36000000000000004,0.6,0.9148148148148149,0.5331477732793523,0.48773148148148154,0.36750085704490915,37.604166666666664,53.314777327935225,368
0.38,0.64,0.9053240740740741,0.537969828688315,0.48703703703703705,0.3630595699682764,35.729166666666664,53.7969828688315,409
0.37,0.63,0.9071759259259259,0.53687165093136,0.487037037037037,0.36516264428121725,36.18055555555556,53.687165093136,401
0.36000000000000004,0.61,0.9108796296296297,0.5344345616264294,0.48680555555555555,0.367403314917127,37.15277777777778,53.443456162642946,385
0.36000000000000004,0.62,0.9071759259259259,0.5355958152589947,0.48587962962962966,0.3671766342141864,36.736111111111114,53.55958152589947,401
0.38,0.65,0.9027777777777778,0.5382051282051282,0.48587962962962966,0.36157390996100675,35.520833333333336,53.820512820512825,420
0.39,0.67,0.9,0.5396090534979424,0.48564814814814816,0.35704022988505746,34.89583333333333,53.96090534979424,432
0.37,0.64,0.9025462962962963,0.5378302128750961,0.48541666666666666,0.3637005649717514,35.729166666666664,53.78302128750961,421
0.38,0.66,0.9009259259259259,0.538540596094553,0.4851851851851852,0.3608540925266904,35.34722222222222,53.8540596094553,428
0.36000000000000004,0.63,0.9020833333333333,0.5370798049781883,0.4844907407407407,0.3665730337078652,36.18055555555556,53.70798049781883,423
0.37,0.65,0.9,0.5380658436213992,0.4842592592592593,0.3622159090909091,35.520833333333336,53.80658436213992,432
0.35000000000000003,0.6,0.9104166666666667,0.5319094838545639,0.4842592592592592,0.3680054926192929,37.604166666666664,53.190948385456394,387
0.39,0.68,0.89375,0.5418285418285418,0.4842592592592592,0.3569611050527081,34.166666666666664,54.18285418285418,459
0.37,0.66,0.8981481481481481,0.5384020618556701,0.4835648148148148,0.3614973262032086,35.34722222222222,53.840206185567006,440
0.35000000000000003,0.61,0.9064814814814814,0.533197139938713,0.48333333333333334,0.367911479944675,37.15277777777778,53.3197139938713,404
0.36000000000000004,0.64,0.8974537037037037,0.5380448800619035,0.4828703703703704,0.3651187522155265,35.729166666666664,53.804488006190354,443
0.38,0.67,0.8956018518518518,0.5391574050142156,0.4828703703703704,0.3579402232625135,34.89583333333333,53.91574050142156,451
0.35000000000000003,0.62,0.9027777777777778,0.5343589743589744,0.48240740740740745,0.36768802228412256,36.736111111111114,53.43589743589744,420
0.39,0.6900000000000001,0.8877314814814815,0.5426336375488918,0.481712962962963,0.35372144436256453,33.645833333333336,54.263363754889184,485
0.36000000000000004,0.65,0.8949074074074074,0.5382824624935334,0.48171296296296295,0.36363636363636365,35.520833333333336,53.82824624935334,454
0.38,0.68,0.8893518518518518,0.5413846954711088,0.48148148148148145,0.3578717201166181,34.166666666666664,54.13846954711088,478
0.34,0.6,0.906712962962963,0.5307633392902732,0.48125000000000007,0.36838487972508593,37.604166666666664,53.07633392902732,403
0.37,0.67,0.892824074074074,0.5390199637023594,0.48125,0.35858585858585856,34.89583333333333,53.901996370235935,463
0.36000000000000004,0.66,0.8930555555555556,0.5386210471747019,0.48101851851851857,0.36292054402290624,35.34722222222222,53.862104717470196,462
0.35000000000000003,0.63,0.8976851851851851,0.5358432181536875,0.4810185185185185,0.3670886075949367,36.18055555555556,53.58432181536875,442
0.34,0.61,0.9027777777777778,0.532051282051282,0.48032407407407407,0.36829352717203184,37.15277777777778,53.205128205128204,420
0.39,0.7000000000000001,0.8833333333333333,0.5435010482180294,0.48009259259259257,0.3519345238095238,33.229166666666664,54.35010482180294,504
0.37,0.68,0.8865740740740741,0.5412532637075718,0.47986111111111107,0.3585250091274188,34.166666666666664,54.12532637075718,490
0.34,0.62,0.899074074074074,0.5332131822863028,0.47939814814814813,0.3680724991286162,36.736111111111114,53.321318228630275,436
0.35000000000000003,0.64,0.8930555555555556,0.5368066355624675,0.47939814814814813,0.36563720269790556,35.729166666666664,53.680663556246756,462
0.39,0.7100000000000001,0.8787037037037037,0.5453108535300316,0.47916666666666663,0.35210210210210213,32.673611111111114,54.531085353003164,524
0.38,0.6900000000000001,0.8833333333333333,0.5421907756813418,0.47893518518518524,0.3546361285555966,33.645833333333336,54.219077568134175,504
0.36000000000000004,0.67,0.8877314814814815,0.5392438070404172,0.4787037037037037,0.3600144875045274,34.89583333333333,53.92438070404172,485
0.35000000000000003,0.65,0.8905092592592593,0.5370418507928256,0.4782407407407408,0.3641556586933238,35.520833333333336,53.70418507928256,473
0.34,0.63,0.8939814814814815,0.5346970481615743,0.4780092592592592,0.36747624076029567,36.18055555555556,53.469704816157424,458
0.39,0.7200000000000001,0.8743055555555556,0.5464654487688642,0.47777777777777775,0.35089048882152335,32.22222222222222,54.646544876886416,543
0.33,0.6,0.9011574074074075,0.5299255073208322,0.4775462962962963,0.3694004135079255,37.604166666666664,52.992550732083224,427
0.35000000000000003,0.66,0.8886574074074074,0.5373795259182078,0.47754629629629625,0.3634408602150538,35.34722222222222,53.73795259182078,481
0.39,0.7300000000000001,0.8699074074074075,0.5486961149547632,0.4773148148148149,0.35217723453017574,31.631944444444443,54.86961149547632,562
0.36000000000000004,0.68,0.8814814814814815,0.5414915966386554,0.4773148148148148,0.35997067448680353,34.166666666666664,54.14915966386554,512
0.38,0.7000000000000001,0.8789351851851852,0.5430603107716618,0.4773148148148148,0.35285341290563227,33.229166666666664,54.30603107716618,523
0.37,0.6900000000000001,0.8805555555555555,0.5420609884332281,0.47731481481481475,0.35529237601776464,33.645833333333336,54.20609884332281,516
0.33,0.61,0.8972222222222223,0.5312177502579979,0.47662037037037036,0.3693162096494273,37.15277777777778,53.12177502579979,444
0.34,0.64,0.8893518518518518,0.5356585111920874,0.47638888888888886,0.36602700781805264,35.729166666666664,53.56585111920874,478
0.38,0.7100000000000001,0.8743055555555556,0.5448768864177919,0.47638888888888886,0.3530297327813324,32.673611111111114,54.48768864177919,543
0.37,0.7000000000000001,0.8761574074074074,0.5429326287978864,0.4756944444444445,0.3535127055306427,33.229166666666664,54.29326287978864,535
0.33,0.62,0.8935185185185185,0.5323834196891192,0.4756944444444444,0.36910171268787134,36.736111111111114,53.23834196891192,460
0.32,0.6,0.8962962962962963,0.5304752066115702,0.4754629629629629,0.37093425605536334,37.604166666666664,53.04752066115702,448
0.39,0.7400000000000001,0.8652777777777778,0.5492241840556448,0.47523148148148153,0.34916956353804557,31.25,54.92241840556448,582
0.34,0.65,0.8868055555555555,0.5358914121639259,0.4752314814814815,0.3645461043602573,35.520833333333336,53.58914121639259,489
0.35000000000000003,0.67,0.8833333333333333,0.5379979035639413,0.4752314814814815,0.3605368153790352,34.89583333333333,53.799790356394126,504
0.38,0.7200000000000001,0.8699074074074075,0.5460351250665247,0.47500000000000003,0.3518237082066869,32.22222222222222,54.60351250665247,562
0.36000000000000004,0.6900000000000001,0.875462962962963,0.5423056583818086,0.47476851851851853,0.3567447045707915,33.645833333333336,54.23056583818086,538
0.37,0.7100000000000001,0.8715277777777778,0.5447543160690571,0.47476851851851853,0.35369532428355954,32.673611111111114,54.47543160690571,555
0.34,0.66,0.8849537037037037,0.536228093120586,0.4745370370370371,0.3638320775026911,35.34722222222222,53.62280931205859,497
0.32,0.61,0.8923611111111112,0.5317769130998703,0.47453703703703703,0.3708609271523179,37.15277777777778,53.17769130998703,465
0.38,0.7300000000000001,0.8655092592592593,0.5482749398234822,0.47453703703703703,0.3531214094216775,31.631944444444443,54.827493982348216,581
0.33,0.63,0.888425925925926,0.5338718082334549,0.4743055555555556,0.36851394281680194,36.18055555555556,53.387180823345496,482
0.39,0.7500000000000001,0.862037037037037,0.5499462943071965,0.4740740740740741,0.34785992217898837,30.9375,54.994629430719655,596
0.35000000000000003,0.68,0.8770833333333333,0.5402480865663764,0.4738425925925926,0.3604992657856094,34.166666666666664,54.02480865663763,531
0.32,0.62,0.8886574074074074,0.5329512893982808,0.47361111111111115,0.37065637065637064,36.736111111111114,53.29512893982808,481
0.37,0.7200000000000001,0.8671296296296296,0.5459156433529098,0.4733796296296296,0.35249333840883135,32.22222222222222,54.591564335290975,574
0.36000000000000004,0.7000000000000001,0.8710648148148148,0.5431836300823811,0.4731481481481482,0.35497185741088183,33.229166666666664,54.318363008238116,557
0.37,0.7300000000000001,0.8627314814814815,0.5481620606385833,0.47291666666666665,0.3537989255564083,31.631944444444443,54.81620606385833,593
0.31,0.6,0.8921296296296296,0.5298391281785159,0.4726851851851852,0.3717059639389736,37.604166666666664,52.98391281785159,466
0.33,0.64,0.8837962962962963,0.534834992142483,0.4726851851851852,0.36707056307911623,35.729166666666664,53.4834992142483,502
0.38,0.7400000000000001,0.8608796296296296,0.5488034417854262,0.47245370370370365,0.3501161890007746,31.25,54.880344178542614,601
0.32,0.63,0.8835648148148149,0.5344511396384595,0.4722222222222222,0.37008153137185396,36.18055555555556,53.44511396384595,503
0.34,0.67,0.8796296296296297,0.5368421052631579,0.4722222222222222,0.36092955700798846,34.89583333333333,53.68421052631579,520
0.36000000000000004,0.7100000000000001,0.8664351851851851,0.5450173657493989,0.47222222222222215,0.3551684967815221,32.673611111111114,54.50173657493988,577
0.39,0.7600000000000001,0.857175925925926,0.5506346205779098,0.47199074074074077,0.3448818897637796,30.520833333333336,55.06346205779098,617
0.31,0.61,0.8881944444444444,0.5311441230127704,0.4717592592592592,0.3716381418092909,37.15277777777778,53.114412301277035,483
0.33,0.65,0.88125,0.5350669818754925,0.47152777777777777,0.3655913978494623,35.520833333333336,53.50669818754925,513
0.38,0.7500000000000001,0.8576388888888888,0.549527665317139,0.4712962962962963,0.34880998829496684,30.9375,54.952766531713905,615
0.35000000000000003,0.6900000000000001,0.8710648148148148,0.5410576667552485,0.47129629629629627,0.3572757722366952,33.645833333333336,54.10576667552485,557
0.34,0.68,0.8733796296296297,0.5390935595017228,0.4708333333333334,0.36089672914369725,34.166666666666664,53.90935595017228,547
0.36000000000000004,0.7200000000000001,0.862037037037037,0.5461868958109559,0.4708333333333333,0.35397553516819574,32.22222222222222,54.618689581095595,596
0.31,0.62,0.8844907407407407,0.5323213818372153,0.47083333333333327,0.37143862117481535,36.736111111111114,53.23213818372153,499
0.33,0.66,0.8793981481481481,0.5354040536983417,0.47083333333333327,0.3648794530406621,35.34722222222222,53.54040536983417,521
0.37,0.7400000000000001,0.8581018518518518,0.5486916644186673,0.47083333333333327,0.35079549864183157,31.25,54.86916644186673,613
0.32,0.64,0.8789351851851852,0.5354227021332632,0.4706018518518519,0.3686471009305655,35.729166666666664,53.54227021332632,523
0.3,0.6,0.8895833333333333,0.5290137913088733,0.4706018518518518,0.3719639139486468,37.604166666666664,52.90137913088733,477
0.36000000000000004,0.7300000000000001,0.8576388888888888,0.5484480431848853,0.4703703703703703,0.35529865125240856,31.631944444444443,54.84480431848853,615
0.3,0.61,0.8856481481481482,0.5303188708834292,0.469675925925926,0.3718979377839916,37.15277777777778,53.03188708834292,494
0.35000000000000003,0.7000000000000001,0.8666666666666667,0.5419337606837606,0.4696759259259259,0.35550544907929343,33.229166666666664,54.19337606837607,576
0.37,0.7500000000000001,0.8548611111111111,0.5494178174925535,0.4696759259259259,0.34949179046129786,30.9375,54.94178174925535,627
0.32,0.65,0.8763888888888889,0.5356576862123613,0.46944444444444444,0.367170626349892,35.520833333333336,53.56576862123613,534
0.39,0.7700000000000001,0.8520833333333333,0.5509372453137734,0.46944444444444444,0.3406461906661349,30.138888888888886,55.09372453137734,639
0.31,0.63,0.8793981481481481,0.533824690708081,0.4694444444444444,0.3708703374777976,36.18055555555556,53.3824690708081,521
0.38,0.7600000000000001,0.8527777777777777,0.5502171552660152,0.46921296296296294,0.3458349782866167,30.520833333333336,55.021715526601525,636
0.3,0.62,0.8819444444444444,0.531496062992126,0.46875000000000006,0.37170010559662087,36.736111111111114,53.14960629921261,510
0.32,0.66,0.874537037037037,0.5359978824775014,0.46875,0.36646187206360675,35.34722222222222,53.59978824775013,542
0.35000000000000003,0.7100000000000001,0.862037037037037,0.5437701396348013,0.46875,0.3557072430792568,32.673611111111114,54.377013963480124,596
0.33,0.67,0.8740740740740741,0.5360169491525424,0.46851851851851856,0.3619810633648944,34.89583333333333,53.60169491525424,544
0.34,0.6900000000000001,0.8673611111111111,0.5398985855350947,0.46828703703703706,0.35767511177347244,33.645833333333336,53.98985855350947,573
0.36000000000000004,0.7400000000000001,0.8530092592592593,0.5489823609226594,0.46828703703703706,0.3522992985190959,31.25,54.89823609226594,635
0.29000000000000004,0.6,0.8854166666666666,0.5288888888888889,0.468287037037037,0.3729993041057759,37.604166666666664,52.888888888888886,495
0.31,0.64,0.8747685185185186,0.5347975654935168,0.46782407407407406,0.3694404591104735,35.729166666666664,53.47975654935168,541
0.37,0.7600000000000001,0.85,0.5501089324618736,0.46759259259259256,0.34651898734177217,30.520833333333336,55.010893246187365,648
0.29000000000000004,0.61,0.8814814814814815,0.5301995798319328,0.4673611111111111,0.37294076410795646,37.15277777777778,53.01995798319328,512
0.3,0.63,0.8768518518518519,0.5329989440337909,0.4673611111111111,0.37113402061855677,36.18055555555556,53.29989440337909,532
0.35000000000000003,0.7200000000000001,0.8576388888888888,0.5449392712550607,0.46736111111111106,0.3545176110260337,32.22222222222222,54.49392712550607,615
0.36000000000000004,0.7500000000000001,0.8497685185185185,0.5497139743938981,0.4671296296296297,0.3510011778563015,30.9375,54.97139743938981,649
0.33,0.68,0.867824074074074,0.5382768738330221,0.4671296296296296,0.3619609288610395,34.166666666666664,53.82768738330221,571
0.35000000000000003,0.7300000000000001,0.8532407407407407,0.5472056429734129,0.4668981481481481,0.35584716325742966,31.631944444444443,54.72056429734129,634
0.39,0.7800000000000001,0.8456018518518519,0.5521489186969614,0.4668981481481481,0.3371150729335494,29.54861111111111,55.21489186969614,667
0.31,0.65,0.8722222222222222,0.535031847133758,0.4666666666666667,0.367965367965368,35.520833333333336,53.503184713375795,552
0.34,0.7000000000000001,0.8629629629629629,0.5407725321888412,0.4666666666666667,0.35590669676448455,33.229166666666664,54.077253218884124,592
0.38,0.7700000000000001,0.8476851851851852,0.5505188421627526,0.4666666666666667,0.3416,30.138888888888886,55.05188421627526,658
0.29000000000000004,0.62,0.8777777777777778,0.5313818565400844,0.4664351851851852,0.3727497352629721,36.736111111111114,53.13818565400844,528
0.32,0.67,0.8692129629629629,0.5366178428761651,0.4664351851851851,0.3635698610095099,34.89583333333333,53.66178428761651,565
0.31,0.66,0.8703703703703703,0.535372340425532,0.46597222222222223,0.36725823976819993,35.34722222222222,53.537234042553195,560
0.3,0.64,0.8722222222222222,0.5339702760084926,0.46574074074074073,0.36970567121320896,35.729166666666664,53.397027600849256,552
0.34,0.7100000000000001,0.8583333333333333,0.5426105717367853,0.4657407407407407,0.3561123766135156,32.673611111111114,54.26105717367853,612
0.28,0.6,0.8814814814814815,0.5280987394957983,0.4655092592592593,0.37364935517601955,37.604166666666664,52.80987394957983,512
0.29000000000000004,0.63,0.8726851851851852,0.5328912466843502,0.46504629629629635,0.37219251336898396,36.18055555555556,53.289124668435015,550
0.36000000000000004,0.7600000000000001,0.8449074074074074,0.5504109589041096,0.46504629629629635,0.34803337306317045,30.520833333333336,55.041095890410965,670
0.37,0.7700000000000001,0.8449074074074074,0.5504109589041096,0.46504629629629635,0.34228456913827654,30.138888888888886,55.041095890410965,670
0.32,0.68,0.8629629629629629,0.5388948497854077,0.46504629629629624,0.3635690485005554,34.166666666666664,53.88948497854077,592
0.35000000000000003,0.7400000000000001,0.8486111111111111,0.5477359519912711,0.4648148148148148,0.3528493364558938,31.25,54.773595199127115,654
0.33,0.6900000000000001,0.8618055555555556,0.5390813859790492,0.4645833333333334,0.3587443946188341,33.645833333333336,53.90813859790492,597
0.28,0.61,0.8775462962962963,0.5294117647058824,0.46458333333333335,0.37359550561797755,37.15277777777778,52.94117647058824,529
0.3,0.65,0.8696759259259259,0.5342028214000533,0.46458333333333335,0.3682310469314079,35.520833333333336,53.42028214000533,563
0.39,0.7900000000000001,0.8395833333333333,0.5533498759305211,0.46458333333333335,0.3338815789473684,28.993055555555557,55.33498759305211,693
0.34,0.7200000000000001,0.8539351851851852,0.543778801843318,0.46435185185185185,0.35492525871981606,32.22222222222222,54.377880184331794,631
0.38,0.7800000000000001,0.8412037037037037,0.5517336268574573,0.4641203703703703,0.33807395367736687,29.54861111111111,55.17336268574573,686
0.3,0.66,0.867824074074074,0.534542544678581,0.4638888888888889,0.36752446538600947,35.34722222222222,53.4542544678581,571
0.34,0.7300000000000001,0.8495370370370371,0.5460490463215258,0.4638888888888889,0.3562596599690881,31.631944444444443,54.60490463215258,650
0.35000000000000003,0.7500000000000001,0.8453703703703703,0.5484665936473165,0.4636574074074074,0.3515532835233976,30.9375,54.84665936473165,668
0.28,0.62,0.8738425925925926,0.5305960264900662,0.46365740740740735,0.3734087694483734,36.736111111111114,53.05960264900662,545
0.31,0.67,0.8650462962962963,0.535991436981536,0.46365740740740735,0.36436950146627567,34.89583333333333,53.5991436981536,583
0.29000000000000004,0.64,0.8680555555555556,0.5338666666666667,0.46342592592592596,0.3707703383729302,35.729166666666664,53.38666666666667,570
0.33,0.7000000000000001,0.8574074074074074,0.5399568034557235,0.4629629629629629,0.3569811320754717,33.229166666666664,53.99568034557235,616
0.27,0.6,0.8777777777777778,0.5271624472573839,0.46273148148148147,0.37417102966841187,37.604166666666664,52.71624472573839,528
0.39,0.8000000000000002,0.8333333333333334,0.5552777777777778,0.46273148148148147,0.33208176887776386,28.333333333333332,55.52777777777778,720
0.36000000000000004,0.7700000000000001,0.8398148148148148,0.5507166482910695,0.4625,0.34380032206119165,30.138888888888886,55.07166482910695,692
0.32,0.6900000000000001,0.8569444444444444,0.539708265802269,0.46249999999999997,0.36036036036036034,33.645833333333336,53.970826580226905,618
0.37,0.7800000000000001,0.8384259259259259,0.5516289342904472,0.46249999999999997,0.33876221498371334,29.54861111111111,55.16289342904472,698
0.28,0.63,0.86875,0.5321076472155609,0.4622685185185186,0.3728571428571429,36.18055555555556,53.21076472155609,567
0.29000000000000004,0.65,0.8655092592592593,0.534100026745119,0.4622685185185185,0.3692976104272266,35.520833333333336,53.4100026745119,581
0.31,0.68,0.8587962962962963,0.5382749326145553,0.4622685185185185,0.364378478664193,34.166666666666664,53.82749326145553,610
0.33,0.7100000000000001,0.8527777777777777,0.5418023887079262,0.462037037037037,0.35719725818735715,32.673611111111114,54.18023887079262,636
0.34,0.7400000000000001,0.8449074074074074,0.5465753424657535,0.4618055555555556,0.35326299335677996,31.25,54.657534246575345,670
0.38,0.7900000000000001,0.8351851851851851,0.5529379157427938,0.4618055555555556,0.33484536082474226,28.993055555555557,55.29379157427938,712
0.27,0.61,0.8738425925925926,0.528476821192053,0.4618055555555555,0.3741209563994374,37.15277777777778,52.847682119205295,545
0.3,0.67,0.8625,0.5351583467525497,0.46157407407407414,0.36463683052090984,34.89583333333333,53.51583467525497,594
0.35000000000000003,0.7600000000000001,0.8405092592592592,0.549160011016249,0.4615740740740741,0.3485873458018305,30.520833333333336,54.9160011016249,689
0.29000000000000004,0.66,0.8636574074074074,0.53444116858751,0.461574074074074,0.3685932388222465,35.34722222222222,53.444116858751,589
0.39,0.8100000000000002,0.8280092592592593,0.5571708135308918,0.46134259259259264,0.33108108108108103,27.743055555555557,55.717081353089185,743
0.27,0.62,0.8701388888888889,0.5296621441872839,0.46087962962962964,0.37393767705382436,36.736111111111114,52.966214418728384,561
0.32,0.7000000000000001,0.8525462962962963,0.5405919087700244,0.4608796296296296,0.35860500379075055,33.229166666666664,54.059190877002436,637
0.33,0.7200000000000001,0.8483796296296297,0.5429740791268759,0.4606481481481482,0.35601691657054974,32.22222222222222,54.29740791268759,655
0.28,0.64,0.8641203703703704,0.5330833110099116,0.46064814814814814,0.3714388748647674,35.729166666666664,53.308331100991154,587
0.34,0.7500000000000001,0.8416666666666667,0.5473047304730473,0.46064814814814814,0.35196850393700785,30.9375,54.73047304730473,684
0.37,0.7900000000000001,0.8324074074074074,0.5528364849833148,0.4601851851851852,0.3355371900826446,28.993055555555557,55.28364849833148,724
0.3,0.68,0.85625,0.5374425520410921,0.46018518518518514,0.3646490902339399,34.166666666666664,53.744255204109216,621
0.33,0.7300000000000001,0.8439814814814814,0.5452550740537575,0.46018518518518514,0.3573643410852713,31.631944444444443,54.52550740537575,674
0.39,0.8200000000000002,0.8229166666666666,0.5592123769338959,0.46018518518518514,0.33062793677915425,27.152777777777775,55.92123769338959,765
0.36000000000000004,0.7800000000000001,0.8333333333333334,0.5519444444444445,0.45995370370370375,0.3402862985685072,29.54861111111111,55.19444444444444,720
0.26,0.6,0.8731481481481481,0.5267762460233298,0.4599537037037037,0.37521876093804685,37.604166666666664,52.67762460233298,548
0.32,0.7100000000000001,0.8479166666666667,0.5424515424515425,0.4599537037037037,0.3588370313695486,32.673611111111114,54.24515424515425,657
0.38,0.8000000000000002,0.8289351851851852,0.5548729405194079,0.45995370370370364,0.3330543933054393,28.333333333333332,55.48729405194079,739
0.31,0.6900000000000001,0.8527777777777777,0.5390879478827362,0.4597222222222222,0.3611738148984198,33.645833333333336,53.90879478827362,636
0.27,0.63,0.8650462962962963,0.5311747390955311,0.4594907407407407,0.37339055793991416,36.18055555555556,53.11747390955311,583
0.28,0.65,0.861574074074074,0.5333154218162278,0.4594907407407407,0.36996735582154516,35.520833333333336,53.33154218162278,598
0.29000000000000004,0.67,0.8583333333333333,0.535059331175836,0.45925925925925926,0.365710080941869,34.89583333333333,53.5059331175836,612
0.35000000000000003,0.7700000000000001,0.8354166666666667,0.5494596841230258,0.4590277777777778,0.3443548387096774,30.138888888888886,54.945968412302584,711
0.26,0.61,0.8692129629629629,0.5280958721704394,0.45902777777777776,0.3751763046544429,37.15277777777778,52.80958721704394,565
0.28,0.66,0.8597222222222223,0.5336564351103931,0.4587962962962963,0.36926438455935906,35.34722222222222,53.36564351103931,606
0.34,0.7600000000000001,0.8368055555555556,0.5479944674965422,0.45856481481481487,0.34900398406374505,30.520833333333336,54.79944674965422,705
0.32,0.7200000000000001,0.8435185185185186,0.5436333699231614,0.4585648148148148,0.35766705291618384,32.22222222222222,54.363336992316135,676
0.38,0.8100000000000002,0.8236111111111111,0.5567734682405846,0.4585648148148148,0.3320626853028378,27.743055555555557,55.67734682405846,762
0.37,0.8000000000000002,0.8261574074074074,0.5547772485289997,0.4583333333333333,0.3337526205450734,28.333333333333332,55.47772485289997,751
0.26,0.62,0.8655092592592593,0.5292859053222787,0.45810185185185187,0.375,36.736111111111114,52.92859053222787,581
0.31,0.7000000000000001,0.8483796296296297,0.5399727148703957,0.45810185185185187,0.35942249240121577,33.229166666666664,53.99727148703957,655
0.33,0.7400000000000001,0.8393518518518519,0.5457804743519029,0.45810185185185187,0.3543708349666797,31.25,54.57804743519029,694
0.32,0.7300000000000001,0.8391203703703703,0.5459310344827586,0.4581018518518518,0.3590342679127726,31.631944444444443,54.59310344827586,695
0.27,0.64,0.8604166666666667,0.5321495829970406,0.4578703703703704,0.37197544239797764,35.729166666666664,53.214958299704065,603
0.29000000000000004,0.68,0.8520833333333333,0.5373539798967671,0.4578703703703703,0.36573556797020484,34.166666666666664,53.73539798967671,639
0.3,0.6900000000000001,0.8502314814814815,0.5382521099918323,0.4576388888888889,0.3614457831325301,33.645833333333336,53.82521099918323,647
0.36000000000000004,0.7900000000000001,0.8273148148148148,0.5531617235590375,0.4576388888888889,0.33706932337069323,28.993055555555557,55.316172355903745,746
0.39,0.8300000000000002,0.8162037037037037,0.5606920022688598,0.4576388888888888,0.3268144285093438,26.52777777777778,56.06920022688598,794
0.38,0.8200000000000002,0.8185185185185185,0.5588235294117647,0.45740740740740743,0.33161953727506427,27.152777777777775,55.88235294117647,784
0.31,0.7100000000000001,0.84375,0.541838134430727,0.45717592592592593,0.35966257668711654,32.673611111111114,54.1838134430727,675
0.25,0.6,0.86875,0.5259792166266987,0.4569444444444445,0.3760084180989127,37.604166666666664,52.59792166266987,567
0.37,0.8100000000000002,0.8208333333333333,0.55668358714044,0.4569444444444445,0.33276740237691005,27.743055555555557,55.668358714044,774
0.33,0.7500000000000001,0.8361111111111111,0.5465116279069767,0.45694444444444443,0.3530805687203792,30.9375,54.65116279069767,708
0.27,0.65,0.8578703703703704,0.532379924446843,0.45671296296296304,0.370504903741373,35.520833333333336,53.2379924446843,614
0.26,0.63,0.8604166666666667,0.5308044121603444,0.456712962962963,0.37446197991391683,36.18055555555556,53.08044121603444,603
0.28,0.67,0.8543981481481482,0.5342725548631807,0.4564814814814815,0.36638407666789535,34.89583333333333,53.42725548631807,629
0.35000000000000003,0.7800000000000001,0.8289351851851852,0.550684166433957,0.4564814814814815,0.34084391642769357,29.54861111111111,55.0684166433957,739
0.3,0.7000000000000001,0.8458333333333333,0.5391351943076081,0.45601851851851855,0.35969581749049423,33.229166666666664,53.913519430760815,666
0.25,0.61,0.8648148148148148,0.5273019271948608,0.4560185185185185,0.3759717314487633,37.15277777777778,52.73019271948608,584
0.27,0.66,0.8560185185185185,0.5327203893996755,0.4560185185185185,0.36980306345733044,35.34722222222222,53.272038939967544,622
0.32,0.7400000000000001,0.8344907407407407,0.5464632454923717,0.4560185185185185,0.35604568727845615,31.25,54.64632454923717,715
0.34,0.7700000000000001,0.8317129629629629,0.5482883384358475,0.4560185185185185,0.3447719014937424,30.138888888888886,54.828833843584746,727
0.31,0.7200000000000001,0.8393518518518519,0.5430226144511858,0.45578703703703705,0.3584978706929926,32.22222222222222,54.30226144511858,694
0.36000000000000004,0.8000000000000002,0.8210648148148149,0.5551170002819283,0.45578703703703705,0.33529907329401853,28.333333333333332,55.511700028192834,773
0.37,0.8200000000000002,0.8157407407407408,0.5587400681044268,0.45578703703703705,0.3323314727350794,27.152777777777775,55.87400681044268,796
0.39,0.8400000000000002,0.8118055555555556,0.5614485315084118,0.45578703703703705,0.32365875109938436,26.145833333333336,56.14485315084118,813
0.31,0.7300000000000001,0.8349537037037037,0.5453285278624896,0.4553240740740741,0.3598750975800156,31.631944444444443,54.53285278624897,713
0.24000000000000002,0.6,0.8652777777777778,0.5262172284644194,0.45532407407407405,0.37706647907140345,37.604166666666664,52.62172284644194,582
0.29000000000000004,0.6900000000000001,0.8460648148148148,0.5381668946648427,0.45532407407407405,0.36253776435045315,33.645833333333336,53.81668946648427,665
0.25,0.62,0.8611111111111112,0.5284946236559139,0.4550925925925926,0.3758007117437722,36.736111111111114,52.84946236559139,600
0.28,0.68,0.8481481481481481,0.5365720524017468,0.4550925925925926,0.3664179104477612,34.166666666666664,53.657205240174676,656
0.26,0.64,0.8557870370370371,0.5317825263727346,0.45509259259259255,0.373053241579138,35.729166666666664,53.17825263727346,623
0.3,0.7100000000000001,0.8412037037037037,0.5410016510731975,0.45509259259259255,0.35993860322333077,32.673611111111114,54.100165107319754,686
0.32,0.7500000000000001,0.83125,0.5472013366750209,0.45486111111111116,0.3547619047619048,30.9375,54.72013366750209,729
0.33,0.7600000000000001,0.83125,0.5472013366750209,0.45486111111111116,0.3501199040767386,30.520833333333336,54.72013366750209,729
0.38,0.8300000000000002,0.8118055555555556,0.5603079555175363,0.4548611111111111,0.32781168265039234,26.52777777777778,56.030795551753634,813
0.39,0.8500000000000002,0.80625,0.5638817111685329,0.45462962962962966,0.32338530066815147,25.48611111111111,56.38817111685329,837
0.24000000000000002,0.61,0.8613425925925926,0.527546358505778,0.45439814814814816,0.37703756201275684,37.15277777777778,52.7546358505778,599
0.36000000000000004,0.8100000000000002,0.8157407407407408,0.5570374574347332,0.4543981481481481,0.3343283582089553,27.743055555555557,55.70374574347332,796
0.35000000000000003,0.7900000000000001,0.8229166666666666,0.5518987341772152,0.4541666666666667,0.3376299376299376,28.993055555555557,55.18987341772152,765
0.26,0.65,0.8532407407407407,0.5320130222463375,0.4539351851851852,0.3715846994535519,35.520833333333336,53.20130222463375,634
0.29000000000000004,0.7000000000000001,0.8416666666666667,0.5390539053905391,0.4537037037037037,0.3607932875667429,33.229166666666664,53.90539053905391,684
0.25,0.63,0.8560185185185185,0.5300162249864792,0.45370370370370366,0.37526959022286127,36.18055555555556,53.00162249864792,622
0.27,0.67,0.8506944444444444,0.5333333333333333,0.45370370370370366,0.3669250645994832,34.89583333333333,53.333333333333336,645
0.3,0.7200000000000001,0.8368055555555556,0.5421853388658368,0.45370370370370366,0.35877566834560254,32.22222222222222,54.21853388658368,705
0.24000000000000002,0.62,0.8576388888888888,0.5287449392712551,0.4534722222222222,0.3768736616702356,36.736111111111114,52.87449392712551,615
0.34,0.7800000000000001,0.8252314814814815,0.5495091164095371,0.4534722222222222,0.3412633305988515,29.54861111111111,54.95091164095371,755
0.39,0.8600000000000002,0.8016203703703704,0.5656944845509674,0.4534722222222222,0.3225225225225225,24.96527777777778,56.56944845509674,857
0.31,0.7400000000000001,0.830324074074074,0.54586005018121,0.4532407407407408,0.35688906435057244,31.25,54.586005018121,733
0.36000000000000004,0.8200000000000002,0.8106481481481481,0.5591090805254141,0.4532407407407408,0.3339085418464193,27.152777777777775,55.91090805254141,818
0.26,0.66,0.8513888888888889,0.5323545405111474,0.4532407407407407,0.37088514996342353,35.34722222222222,53.235454051114736,642
0.37,0.8300000000000002,0.8090277777777778,0.5602288984263233,0.4532407407407407,0.32852774137177804,26.52777777777778,56.02288984263233,825
0.3,0.7300000000000001,0.8324074074074074,0.5444938820912124,0.45324074074074067,0.36015625,31.631944444444443,54.44938820912124,724
0.38,0.8400000000000002,0.8074074074074075,0.5610665137614679,0.4530092592592593,0.3246581385090428,26.145833333333336,56.106651376146786,832
0.29000000000000004,0.7100000000000001,0.837037037037037,0.540929203539823,0.4527777777777778,0.3610469591993842,32.673611111111114,54.0929203539823,704
0.32,0.7600000000000001,0.8263888888888888,0.5478991596638656,0.4527777777777778,0.35180722891566263,30.520833333333336,54.78991596638656,750
0.28,0.6900000000000001,0.8421296296296297,0.5373831775700935,0.45254629629629634,0.36322360953461974,33.645833333333336,53.73831775700935,682
0.27,0.68,0.8444444444444444,0.5356359649122807,0.45231481481481484,0.366965620328849,34.166666666666664,53.56359649122807,672
0.33,0.7700000000000001,0.8261574074074074,0.5474922947604371,0.45231481481481484,0.3458890238963143,30.138888888888886,54.749229476043716,751
0.35000000000000003,0.8000000000000002,0.8166666666666667,0.5538548752834467,0.4523148148148148,0.3358649789029536,28.333333333333332,55.38548752834467,792
0.24000000000000002,0.63,0.8525462962962963,0.5302742329622591,0.4520833333333334,0.3763518385003605,36.18055555555556,53.027423296225905,637
0.39,0.8700000000000002,0.7960648148148148,0.5678976446641466,0.4520833333333334,0.32146118721461187,24.34027777777778,56.78976446641466,881
0.25,0.64,0.8513888888888889,0.5309951060358891,0.45208333333333334,0.37386569872958253,35.729166666666664,53.099510603588904,642
0.31,0.7500000000000001,0.8270833333333333,0.5465994962216625,0.45208333333333334,0.3556085918854415,30.9375,54.65994962216625,747
0.23,0.6,0.8585648148148148,0.5262874090051227,0.4518518518518519,0.3789324849770237,37.604166666666664,52.62874090051227,611
0.38,0.8500000000000002,0.8018518518518518,0.5635103926096998,0.4518518518518519,0.32439678284182305,25.48611111111111,56.35103926096998,856
0.29000000000000004,0.7200000000000001,0.8326388888888889,0.5421184320266889,0.4513888888888889,0.35989117761368056,32.22222222222222,54.21184320266889,723
0.37,0.8400000000000002,0.8046296296296296,0.5609896432681243,0.45138888888888884,0.3253757736516357,26.145833333333336,56.09896432681243,844
0.3,0.7400000000000001,0.8277777777777777,0.5450223713646533,0.4511574074074074,0.3571710786250494,31.25,54.502237136465325,744
0.34,0.7900000000000001,0.819212962962963,0.5507205425261373,0.4511574074074074,0.33805162364696084,28.993055555555557,55.07205425261373,781
0.23,0.61,0.8546296296296296,0.5276273022751896,0.45092592592592595,0.3789173789173789,37.15277777777778,52.76273022751896,628
0.26,0.67,0.8460648148148148,0.53296853625171,0.45092592592592595,0.36801184746390225,34.89583333333333,53.296853625171,665
0.28,0.7000000000000001,0.8377314814814815,0.5382702403979,0.4509259259259259,0.36148261367978607,33.229166666666664,53.82702403979,701
0.29000000000000004,0.7300000000000001,0.8282407407407407,0.5444382336500838,0.4509259259259259,0.3612852664576803,31.631944444444443,54.443823365008384,742
0.35000000000000003,0.8100000000000002,0.8113425925925926,0.5557774607703281,0.4509259259259259,0.3348996155489107,27.743055555555557,55.577746077032806,815
0.25,0.65,0.8488425925925925,0.5312244341423507,0.45092592592592584,0.37239868565169765,35.520833333333336,53.122443414235065,653
0.36000000000000004,0.8300000000000002,0.8039351851851851,0.5606104232651886,0.45069444444444445,0.3301141352063214,26.52777777777778,56.06104232651886,847
0.38,0.8600000000000002,0.7972222222222223,0.5653310104529616,0.45069444444444445,0.3235427022141889,24.96527777777778,56.53310104529616,876
0.24000000000000002,0.64,0.8479166666666667,0.5312585312585313,0.45046296296296295,0.37495449581361484,35.729166666666664,53.125853125853126,657
0.25,0.66,0.8469907407407408,0.5315660016397923,0.4502314814814815,0.3717008797653959,35.34722222222222,53.15660016397923,661
0.32,0.7700000000000001,0.8212962962962963,0.548196166854566,0.4502314814814815,0.34757834757834755,30.138888888888886,54.819616685456594,772
0.37,0.8500000000000002,0.799074074074074,0.563441483198146,0.45023148148148145,0.3251231527093596,25.48611111111111,56.3441483198146,868
0.23,0.62,0.850925925925926,0.528835690968444,0.45,0.37876614060258246,36.736111111111114,52.8835690968444,644
0.28,0.7100000000000001,0.8331018518518518,0.540150041678244,0.45,0.3617431546471269,32.673611111111114,54.0150041678244,721
0.3,0.7500000000000001,0.8245370370370371,0.5457608085345311,0.45,0.3558917197452229,30.9375,54.576080853453114,758
0.31,0.7600000000000001,0.8222222222222222,0.5472972972972973,0.44999999999999996,0.35265700483091783,30.520833333333336,54.729729729729726,768
0.33,0.7800000000000001,0.819675925925926,0.5487150522451285,0.44976851851851857,0.34238683127572017,29.54861111111111,54.87150522451285,779
0.35000000000000003,0.8200000000000002,0.80625,0.5578524260694804,0.44976851851851857,0.334485738980121,27.152777777777775,55.78524260694804,837
0.27,0.6900000000000001,0.8384259259259259,0.5364439536167863,0.4497685185185185,0.3637741568776051,33.645833333333336,53.64439536167863,698
0.39,0.8800000000000002,0.7875,0.5711346266901822,0.4497685185185185,0.3191787214185721,23.40277777777778,57.11346266901822,918
0.22,0.6,0.8555555555555555,0.5257034632034632,0.44976851851851846,0.37946902654867254,37.604166666666664,52.57034632034632,624
0.26,0.68,0.8398148148148148,0.5352811466372657,0.449537037037037,0.3680659670164918,34.166666666666664,53.52811466372657,692
0.34,0.8000000000000002,0.812962962962963,0.5526765375854215,0.4493055555555556,0.336290663286861,28.333333333333332,55.267653758542146,808
0.24000000000000002,0.65,0.8453703703703703,0.5314895947426068,0.44930555555555557,0.37348956426217506,35.520833333333336,53.14895947426068,668
0.38,0.8700000000000002,0.7916666666666666,0.5675438596491228,0.4493055555555555,0.3224919835089327,24.34027777777778,56.75438596491228,900
0.37,0.8600000000000002,0.7944444444444444,0.5652680652680653,0.44907407407407407,0.32427536231884063,24.96527777777778,56.526806526806524,888
0.22,0.61,0.8516203703703704,0.5270453927697744,0.44884259259259257,0.37945791726105566,37.15277777777778,52.704539276977435,641
0.29000000000000004,0.7400000000000001,0.8236111111111111,0.5449690837549185,0.44884259259259257,0.358303606817281,31.25,54.49690837549185,762
0.36000000000000004,0.8400000000000002,0.799537037037037,0.5613781123335263,0.44884259259259257,0.3269657929808974,26.145833333333336,56.13781123335263,866
0.23,0.63,0.8458333333333333,0.5303776683087028,0.4486111111111111,0.37826086956521743,36.18055555555556,53.03776683087028,666
0.24000000000000002,0.66,0.8435185185185186,0.5318331503841932,0.4486111111111111,0.37279411764705883,35.34722222222222,53.18331503841932,676
0.28,0.7200000000000001,0.8287037037037037,0.541340782122905,0.4486111111111111,0.3605919003115265,32.22222222222222,54.134078212290504,740
0.27,0.7000000000000001,0.8340277777777778,0.5373300027754649,0.4481481481481482,0.3620359739762725,33.229166666666664,53.733000277546495,717
0.28,0.7300000000000001,0.8243055555555555,0.5436675091266499,0.44814814814814813,0.36199450333725947,31.631944444444443,54.36675091266498,759
0.25,0.67,0.8416666666666667,0.5321782178217822,0.4479166666666667,0.36883116883116884,34.89583333333333,53.21782178217822,684
0.3,0.7600000000000001,0.819675925925926,0.5464558034453544,0.4479166666666667,0.3529411764705882,30.520833333333336,54.64558034453544,779
0.22,0.62,0.8479166666666667,0.5282555282555282,0.44791666666666663,0.3793103448275862,36.736111111111114,52.825552825552826,657
0.34,0.8100000000000002,0.8076388888888889,0.5546001719690455,0.44791666666666663,0.3353293413173653,27.743055555555557,55.46001719690455,831
0.29000000000000004,0.7500000000000001,0.8203703703703704,0.5457110609480813,0.44768518518518524,0.3570287539936102,30.9375,54.57110609480813,776
0.32,0.7800000000000001,0.8148148148148148,0.5494318181818182,0.4476851851851852,0.3440860215053763,29.54861111111111,54.94318181818182,800
0.36000000000000004,0.8500000000000002,0.7939814814814815,0.5638483965014577,0.4476851851851852,0.3267326732673267,25.48611111111111,56.38483965014577,890
0.37,0.8700000000000002,0.7888888888888889,0.5674882629107981,0.4476851851851852,0.3232323232323232,24.34027777777778,56.748826291079816,912
0.31,0.7700000000000001,0.8171296296296297,0.5475920679886686,0.4474537037037037,0.3484292125662995,30.138888888888886,54.759206798866856,790
0.33,0.7900000000000001,0.8136574074074074,0.5499288762446657,0.4474537037037037,0.3391812865497076,28.993055555555557,54.99288762446657,805
0.35000000000000003,0.8300000000000002,0.799537037037037,0.5593514765489288,0.44722222222222224,0.3306948109058927,26.52777777777778,55.93514765489288,866
0.27,0.7100000000000001,0.8293981481481482,0.5392129500418643,0.4472222222222222,0.362302047122441,32.673611111111114,53.92129500418643,737
0.38,0.8800000000000002,0.7831018518518519,0.5707951522317469,0.44699074074074074,0.32022471910112354,23.40277777777778,57.079515223174695,937
0.23,0.64,0.8412037037037037,0.5313703907539901,0.4469907407407407,0.37687522868642515,35.729166666666664,53.13703907539901,686
0.26,0.6900000000000001,0.8337962962962963,0.5360910605219322,0.4469907407407407,0.36488027366020526,33.645833333333336,53.609106052193226,718
0.34,0.8200000000000002,0.8025462962962963,0.5566772425728296,0.44675925925925924,0.33491994807442665,27.152777777777775,55.667724257282956,853
0.39,0.8900000000000002,0.7796296296296297,0.5730403800475059,0.44675925925925924,0.3139312977099237,22.67361111111111,57.30403800475059,952
0.25,0.68,0.8354166666666667,0.5344970906068163,0.4465277777777778,0.3688955672426747,34.166666666666664,53.44970906068163,711
0.22,0.63,0.8428240740740741,0.5297995056303213,0.44652777777777775,0.3788098693759071,36.18055555555556,52.97995056303213,679
0.36000000000000004,0.8600000000000002,0.7893518518518519,0.5656891495601173,0.44652777777777775,0.325898953117888,24.96527777777778,56.56891495601173,910
0.24000000000000002,0.67,0.8381944444444445,0.5324495995581331,0.4462962962962963,0.36992928917007817,34.89583333333333,53.24495995581331,699
0.28,0.7400000000000001,0.819675925925926,0.5441965546455804,0.44606481481481486,0.35901509134233517,31.25,54.41965546455803,779
0.21000000000000002,0.6,0.8490740740740741,0.5250817884405671,0.44583333333333336,0.38095238095238093,37.604166666666664,52.50817884405671,652
0.27,0.7200000000000001,0.825,0.5404040404040404,0.44583333333333336,0.36115444617784714,32.22222222222222,54.04040404040404,756
0.23,0.65,0.8386574074074075,0.5316036433894562,0.4458333333333333,0.3754140596245859,35.520833333333336,53.16036433894562,697
0.33,0.8000000000000002,0.8074074074074075,0.5518922018348624,0.4456018518518519,0.3374311148791861,28.333333333333332,55.18922018348624,832
0.29000000000000004,0.7600000000000001,0.8155092592592592,0.5464093102469486,0.4456018518518518,0.3540824575586095,30.520833333333336,54.64093102469486,797
0.26,0.7000000000000001,0.8293981481481482,0.5369801842031817,0.4453703703703704,0.36314779270633396,33.229166666666664,53.69801842031817,737
0.32,0.7900000000000001,0.8087962962962963,0.5506582713222667,0.4453703703703704,0.3408900083963056,28.993055555555557,55.06582713222667,826
0.27,0.7300000000000001,0.8206018518518519,0.5427362482369534,0.44537037037037036,0.36256390090444357,31.631944444444443,54.27362482369534,775
0.3,0.7700000000000001,0.8145833333333333,0.5467462347257743,0.44537037037037036,0.34871376071866067,30.138888888888886,54.67462347257743,801
0.35000000000000003,0.8400000000000002,0.7951388888888888,0.5601164483260553,0.44537037037037036,0.32754784156653316,26.145833333333336,56.01164483260553,885
0.37,0.8800000000000002,0.7803240740740741,0.5707505191337882,0.44537037037037036,0.32097606757390895,23.40277777777778,57.075051913378815,949
0.23,0.66,0.8368055555555556,0.5319502074688797,0.4451388888888889,0.3747228381374723,35.34722222222222,53.19502074688797,705
0.36000000000000004,0.8700000000000002,0.7837962962962963,0.5679267572356763,0.4451388888888889,0.32487309644670054,24.34027777777778,56.79267572356763,934
0.24000000000000002,0.68,0.8319444444444445,0.5347801892042293,0.4449074074074075,0.37000753579502643,34.166666666666664,53.47801892042293,726
0.22,0.64,0.8381944444444445,0.5307925987296327,0.4449074074074074,0.37742762916819345,35.729166666666664,53.07925987296327,699
0.28,0.7500000000000001,0.8164351851851852,0.5449390416784803,0.4449074074074074,0.3577430972388956,30.9375,54.49390416784803,793
0.21000000000000002,0.61,0.8451388888888889,0.5264311147630786,0.44490740740740736,0.38095238095238093,37.15277777777778,52.64311147630786,669
0.31,0.7800000000000001,0.8106481481481481,0.5488292404340377,0.44490740740740736,0.3449419568822554,29.54861111111111,54.88292404340377,818
0.26,0.7100000000000001,0.8247685185185185,0.538871737300028,0.4444444444444444,0.3634250290585045,32.673611111111114,53.8871737300028,757
0.35000000000000003,0.8500000000000002,0.7895833333333333,0.5625916153620639,0.444212962962963,0.32732191163210095,25.48611111111111,56.25916153620639,909
0.33,0.8100000000000002,0.8020833333333334,0.5538239538239538,0.4442129629629629,0.336480686695279,27.743055555555557,55.38239538239538,855
0.34,0.8300000000000002,0.7958333333333333,0.558173356602676,0.4442129629629629,0.3311316600616469,26.52777777777778,55.817335660267595,882
0.21000000000000002,0.62,0.8414351851851852,0.5276478679504815,0.44398148148148153,0.3808150018031013,36.736111111111114,52.764786795048146,685
0.38,0.8900000000000002,0.7752314814814815,0.5727082711257092,0.44398148148148153,0.3149832455720441,22.67361111111111,57.27082711257092,971
0.25,0.6900000000000001,0.8293981481481482,0.5353056098241696,0.4439814814814814,0.3657142857142857,33.645833333333336,53.530560982416965,737
0.22,0.65,0.8356481481481481,0.5310249307479225,0.44375000000000003,0.3759675635827497,35.520833333333336,53.10249307479224,710
0.39,0.9000000000000002,0.7701388888888889,0.5761947700631199,0.44375000000000003,0.3095004897159648,21.70138888888889,57.61947700631199,993
0.32,0.8000000000000002,0.8025462962962963,0.5526391693106432,0.4435185185185185,0.3391563698338304,28.333333333333332,55.263916931064315,853
0.27,0.7400000000000001,0.8159722222222222,0.5432624113475177,0.44328703703703703,0.35958631662688945,31.25,54.326241134751776,795
0.26,0.7200000000000001,0.8203703703703704,0.5400677200902935,0.4430555555555556,0.3622848200312989,32.22222222222222,54.00677200902935,776
0.29000000000000004,0.7700000000000001,0.8104166666666667,0.5467009425878321,0.4430555555555556,0.34985661614092584,30.138888888888886,54.67009425878321,819
0.22,0.66,0.8337962962962963,0.5313714602998334,0.44305555555555554,0.37527757216876384,35.34722222222222,53.13714602998334,718
0.33,0.8200000000000002,0.7969907407407407,0.5559105431309904,0.44305555555555554,0.33608336951802,27.152777777777775,55.59105431309904,877
0.35000000000000003,0.8600000000000002,0.7849537037037037,0.564435269831908,0.4430555555555555,0.3264933880528956,24.96527777777778,56.44352698319079,929
0.3,0.7800000000000001,0.8081018518518519,0.54798052134059,0.4428240740740741,0.34522821576763485,29.54861111111111,54.798052134059006,829
0.23,0.67,0.8314814814814815,0.5325723830734966,0.44282407407407404,0.37186681631126073,34.89583333333333,53.25723830734967,728
0.28,0.7600000000000001,0.8115740740740741,0.5456360524814603,0.44282407407407404,0.3547995139732685,30.520833333333336,54.56360524814603,814
0.36000000000000004,0.8800000000000002,0.7752314814814815,0.5712152881457151,0.44282407407407404,0.32264150943396225,23.40277777777778,57.12152881457151,971
0.2,0.6,0.844212962962963,0.5242665204277488,0.4425925925925926,0.38190238688991807,37.604166666666664,52.426652042774876,673
0.21000000000000002,0.63,0.8363425925925926,0.5292001107113202,0.4425925925925926,0.3803278688524591,36.18055555555556,52.92001107113202,707
0.26,0.7300000000000001,0.8159722222222222,0.5424113475177305,0.44259259259259254,0.3637080867850099,31.631944444444443,54.241134751773046,795
0.31,0.7900000000000001,0.8046296296296296,0.5500575373993095,0.44259259259259254,0.3417508417508417,28.993055555555557,55.00575373993095,844
0.24000000000000002,0.6900000000000001,0.825925925925926,0.5355941704035875,0.44236111111111115,0.3668322506687046,33.645833333333336,53.559417040358746,752
0.25,0.7000000000000001,0.825,0.5361952861952862,0.4423611111111111,0.363986148518661,33.229166666666664,53.61952861952862,756
0.34,0.8400000000000002,0.7914351851851852,0.55893536121673,0.4423611111111111,0.3279857397504456,26.145833333333336,55.893536121673,901
0.37,0.8900000000000002,0.7724537037037037,0.5726700629307762,0.4423611111111111,0.31573896353166986,22.67361111111111,57.267006293077614,983
0.32,0.8100000000000002,0.7972222222222223,0.5545876887340302,0.44212962962962965,0.3382226056945643,27.743055555555557,55.45876887340302,876
0.27,0.7500000000000001,0.8127314814814814,0.5440045571062375,0.4421296296296296,0.35831663326653307,30.9375,54.40045571062375,809
0.2,0.61,0.8402777777777778,0.5256198347107438,0.44166666666666665,0.3819095477386935,37.15277777777778,52.56198347107438,690
0.35000000000000003,0.8700000000000002,0.7793981481481481,0.5666765666765666,0.4416666666666666,0.3254738788719371,24.34027777777778,56.667656667656665,953
0.23,0.68,0.8252314814814815,0.5349228611500702,0.4414351851851852,0.37196969696969706,34.166666666666664,53.49228611500701,755
0.25,0.7100000000000001,0.8203703703703704,0.5380925507900677,0.44143518518518515,0.3642718446601942,32.673611111111114,53.80925507900677,776
0.34,0.8500000000000002,0.7858796296296297,0.5614138438880707,0.4412037037037037,0.32776523702031607,25.48611111111111,56.14138438880707,925
0.21000000000000002,0.64,0.8317129629629629,0.5301976064569998,0.4409722222222222,0.3789551140544518,35.729166666666664,53.019760645699975,727
0.32,0.8200000000000002,0.7921296296296296,0.5566919929865576,0.4409722222222222,0.3378437363596682,27.152777777777775,55.669199298655755,898
0.38,0.9000000000000002,0.7657407407407407,0.5758766626360339,0.4409722222222222,0.31056511056511055,21.70138888888889,57.58766626360339,1012
0.22,0.67,0.8284722222222223,0.5319921765856385,0.44074074074074077,0.3724241288872237,34.89583333333333,53.199217658563846,741
0.2,0.62,0.836574074074074,0.5268400664084117,0.4407407407407407,0.38177874186550975,36.736111111111114,52.684006640841176,706
0.24000000000000002,0.7000000000000001,0.8215277777777777,0.5364891518737672,0.4407407407407407,0.36510999614048634,33.229166666666664,53.64891518737672,771
0.31,0.8000000000000002,0.7983796296296296,0.5520440707451435,0.4407407407407407,0.34002563007261855,28.333333333333332,55.20440707451435,871
0.3,0.7900000000000001,0.8020833333333334,0.5492063492063493,0.4405092592592593,0.342038753159225,28.993055555555557,54.920634920634924,855
0.26,0.7400000000000001,0.8113425925925926,0.5429386590584879,0.44050925925925927,0.3607342378292099,31.25,54.29386590584879,815
0.29000000000000004,0.7800000000000001,0.8039351851851851,0.5479412611575007,0.44050925925925927,0.3463780183180683,29.54861111111111,54.794126115750075,847
0.33,0.8300000000000002,0.7902777777777777,0.557410661980082,0.44050925925925927,0.33230225364560323,26.52777777777778,55.741066198008205,906
0.39,0.9100000000000003,0.7615740740740741,0.5781155015197569,0.4402777777777778,0.30251256281407035,20.9375,57.81155015197569,1030
0.28,0.7700000000000001,0.8064814814814815,0.5459242250287026,0.44027777777777777,0.3505747126436782,30.138888888888886,54.592422502870264,836
0.25,0.7200000000000001,0.8159722222222222,0.539290780141844,0.44004629629629627,0.3631372549019608,32.22222222222222,53.9290780141844,795
0.27,0.7600000000000001,0.8078703703703703,0.5446991404011461,0.44004629629629627,0.35537525354969574,30.520833333333336,54.46991404011461,830
0.34,0.8600000000000002,0.78125,0.5632592592592592,0.44004629629629627,0.32694063926940636,24.96527777777778,56.32592592592592,945
0.21000000000000002,0.65,0.8291666666666667,0.5304299274148521,0.4398148148148149,0.3774981495188749,35.520833333333336,53.04299274148521,738
0.36000000000000004,0.8900000000000002,0.7673611111111112,0.5731523378582202,0.4398148148148148,0.3174143753014954,22.67361111111111,57.315233785822016,1005
0.24000000000000002,0.7100000000000001,0.8168981481481481,0.5383961462170587,0.43981481481481477,0.3654070899883132,32.673611111111114,53.83961462170587,791
0.25,0.7300000000000001,0.8115740740740741,0.5416428978893326,0.4395833333333334,0.36457097667062077,31.631944444444443,54.16428978893326,814
0.26,0.7500000000000001,0.8081018518518519,0.5436837582354627,0.43935185185185194,0.3594692400482509,30.9375,54.368375823546266,829
0.2,0.63,0.8314814814814815,0.5283964365256125,0.4393518518518519,0.381300219138057,36.18055555555556,52.83964365256125,728
0.35000000000000003,0.8800000000000002,0.7708333333333334,0.56996996996997,0.4393518518518519,0.3232514177693762,23.40277777777778,56.996996996997,990
0.37,0.9000000000000002,0.762962962962963,0.5758495145631068,0.4393518518518519,0.31133004926108376,21.70138888888889,57.584951456310684,1024
0.22,0.68,0.8222222222222222,0.5343468468468469,0.4393518518518518,0.3725341426403642,34.166666666666664,53.43468468468468,768
0.31,0.8100000000000002,0.7930555555555555,0.5539988324576766,0.4393518518518518,0.3391003460207613,27.743055555555557,55.399883245767654,894
0.21000000000000002,0.66,0.8273148148148148,0.5307778399552322,0.4391203703703703,0.3768115942028985,35.34722222222222,53.07778399552322,746
0.23,0.6900000000000001,0.819212962962963,0.5357445606103419,0.43888888888888894,0.36880522474068383,33.645833333333336,53.57445606103419,781
0.33,0.8400000000000002,0.7858796296296297,0.5581737849779087,0.43865740740740744,0.3291592128801431,26.145833333333336,55.81737849779087,925
0.34,0.8700000000000002,0.7756944444444445,0.5655028349746344,0.4386574074074074,0.3259259259259259,24.34027777777778,56.55028349746344,969
0.3,0.8000000000000002,0.7958333333333333,0.5511925538103548,0.43865740740740733,0.34031637451902524,28.333333333333332,55.11925538103548,882
0.24000000000000002,0.7200000000000001,0.8125,0.5396011396011396,0.43842592592592594,0.36428009441384734,32.22222222222222,53.960113960113965,810
0.32,0.8300000000000002,0.7854166666666667,0.5582080754494547,0.4384259259259259,0.3340737450022212,26.52777777777778,55.820807544945474,927
0.29000000000000004,0.7900000000000001,0.7979166666666667,0.5491731940818103,0.4381944444444445,0.3431952662721893,28.993055555555557,54.91731940818103,873
0.31,0.8200000000000002,0.787962962962963,0.5561104582843713,0.43819444444444444,0.3387308533916849,27.152777777777775,55.611045828437135,916
0.24000000000000002,0.7300000000000001,0.8081018518518519,0.5419650529934116,0.43796296296296294,0.3657278857596192,31.631944444444443,54.196505299341155,829
0.2,0.64,0.8268518518518518,0.5293952967525196,0.4377314814814815,0.3799336038362228,35.729166666666664,52.93952967525196,748
0.28,0.7800000000000001,0.8,0.5471643518518519,0.4377314814814815,0.3471005423445974,29.54861111111111,54.71643518518518,864
0.27,0.7700000000000001,0.8027777777777778,0.5449826989619377,0.43750000000000006,0.3511513157894737,30.138888888888886,54.498269896193776,852
0.33,0.8500000000000002,0.7803240740740741,0.5606644912488876,0.43750000000000006,0.32895333031264157,25.48611111111111,56.06644912488876,949
0.19,0.6,0.8375,0.5223880597014925,0.4375,0.38285714285714284,37.604166666666664,52.23880597014925,702
0.25,0.7400000000000001,0.8069444444444445,0.5421686746987951,0.4375,0.36160000000000003,31.25,54.21686746987952,834
0.38,0.9100000000000003,0.757175925925926,0.5778049526138795,0.4375,0.30358043368633386,20.9375,57.780495261387955,1049
0.23,0.7000000000000001,0.8148148148148148,0.5366477272727272,0.4372685185185185,0.36709351959642994,33.229166666666664,53.66477272727273,800
0.26,0.7600000000000001,0.8032407407407407,0.5443804034582133,0.4372685185185185,0.35653235653235654,30.520833333333336,54.43804034582133,850
0.3,0.8100000000000002,0.7905092592592593,0.5531478770131771,0.4372685185185185,0.33939393939393936,27.743055555555557,55.31478770131771,905
0.36000000000000004,0.9000000000000002,0.7578703703703704,0.5763591936469151,0.4368055555555556,0.31302625061911843,21.70138888888889,57.63591936469151,1046
0.21000000000000002,0.67,0.8219907407407407,0.5313996057448606,0.4368055555555555,0.37396538750940556,34.89583333333333,53.139960574486054,769
0.22,0.6900000000000001,0.8162037037037037,0.5351673284174702,0.4368055555555555,0.3693728357060408,33.645833333333336,53.516732841747015,794
0.32,0.8400000000000002,0.7810185185185186,0.5589804386484885,0.4365740740740741,0.33093525179856115,26.145833333333336,55.898043864848844,946
0.19,0.61,0.8335648148148148,0.5237434046098306,0.43657407407407406,0.38287153652392947,37.15277777777778,52.37434046098306,719
0.2,0.65,0.8243055555555555,0.5296265094074698,0.43657407407407406,0.37847866419294984,35.520833333333336,52.96265094074698,759
0.39,0.9200000000000003,0.7518518518518519,0.5803571428571429,0.43634259259259267,0.2941481097876748,20.069444444444446,58.03571428571429,1072
0.23,0.7100000000000001,0.8101851851851852,0.5385714285714286,0.4363425925925926,0.3674108891500196,32.673611111111114,53.85714285714286,820
0.25,0.7500000000000001,0.8037037037037037,0.5429147465437788,0.4363425925925926,0.36033857315598544,30.9375,54.29147465437788,848
0.33,0.8600000000000002,0.7756944444444445,0.5625186511489108,0.4363425925925926,0.32813932172318977,24.96527777777778,56.251865114891075,969
0.35000000000000003,0.8900000000000002,0.762962962962963,0.5719053398058253,0.4363425925925926,0.3180280328661189,22.67361111111111,57.19053398058252,1024
0.29000000000000004,0.8000000000000002,0.7916666666666666,0.5511695906432749,0.43634259259259256,0.3414843414843415,28.333333333333332,55.11695906432749,900
0.34,0.8800000000000002,0.7671296296296296,0.5687990343995172,0.43634259259259256,0.3237103644107904,23.40277777777778,56.87990343995172,1006
0.3,0.8200000000000002,0.7854166666666667,0.5552608311229,0.43611111111111106,0.33902759526938236,27.152777777777775,55.52608311229,927
0.2,0.66,0.8224537037037037,0.5299746692935547,0.4358796296296297,0.3777943368107302,35.34722222222222,52.997466929355475,767
0.24000000000000002,0.7400000000000001,0.8034722222222223,0.5424949582252953,0.4358796296296296,0.36276083467094705,31.25,54.249495822529525,849
0.37,0.9100000000000003,0.7543981481481481,0.5777845965019944,0.43587962962962956,0.30434782608695654,20.9375,57.778459650199444,1061
0.19,0.62,0.8298611111111112,0.5249651324965132,0.4356481481481482,0.3827473722363175,36.736111111111114,52.49651324965132,735
0.31,0.8300000000000002,0.78125,0.5576296296296296,0.4356481481481481,0.33496659242761695,26.52777777777778,55.76296296296296,945
0.21000000000000002,0.68,0.8157407407407408,0.5337684449489217,0.43541666666666673,0.3740952380952381,34.166666666666664,53.376844494892175,796
0.32,0.8500000000000002,0.7754629629629629,0.5614925373134328,0.4354166666666667,0.33075170842824597,25.48611111111111,56.149253731343286,970
0.28,0.7900000000000001,0.7939814814814815,0.5483965014577259,0.4354166666666666,0.34392206692079624,28.993055555555557,54.83965014577259,890
0.22,0.7000000000000001,0.8118055555555556,0.5360707157114343,0.4351851851851852,0.3676642052079285,33.229166666666664,53.60707157114343,813
0.33,0.8700000000000002,0.7701388888888889,0.5647730688307785,0.43495370370370373,0.3271375464684015,24.34027777777778,56.47730688307785,993
0.23,0.7200000000000001,0.805787037037037,0.5397874174087905,0.4349537037037037,0.3662974683544304,32.22222222222222,53.97874174087905,839
0.27,0.7800000000000001,0.7962962962962963,0.5462209302325581,0.4349537037037037,0.3476807354784789,29.54861111111111,54.622093023255815,880
0.29000000000000004,0.8100000000000002,0.7863425925925925,0.5531351192228436,0.4349537037037036,0.34057341442224154,27.743055555555557,55.31351192228436,923
0.24000000000000002,0.7500000000000001,0.8002314814814815,0.5432455886606885,0.4347222222222223,0.36150424585523655,30.9375,54.32455886606885,863
0.26,0.7700000000000001,0.7981481481481482,0.5446635730858469,0.43472222222222223,0.35231023102310227,30.138888888888886,54.46635730858469,872
0.23,0.7300000000000001,0.8013888888888889,0.5421721548238013,0.4344907407407408,0.3677702433187076,31.631944444444443,54.21721548238013,858
0.19,0.63,0.8247685185185185,0.5265225933202358,0.4342592592592593,0.38227755400952035,36.18055555555556,52.652259332023576,757
0.25,0.7600000000000001,0.7988425925925926,0.5436105476673428,0.4342592592592593,0.357405140758874,30.520833333333336,54.361054766734284,869
0.32,0.8600000000000002,0.7708333333333334,0.5633633633633633,0.4342592592592593,0.3299539170506912,24.96527777777778,56.33633633633634,990
0.22,0.7100000000000001,0.8071759259259259,0.5379982793232004,0.43425925925925923,0.36798744605727735,32.673611111111114,53.79982793232004,833
0.29000000000000004,0.8200000000000002,0.78125,0.5552592592592592,0.4337962962962963,0.3402197802197802,27.152777777777775,55.525925925925925,945
0.31,0.8400000000000002,0.7768518518518519,0.5584028605482717,0.4337962962962963,0.3318304779080252,26.145833333333336,55.84028605482717,964
0.2,0.67,0.8171296296296297,0.5305949008498584,0.43356481481481485,0.3749528479818936,34.89583333333333,53.05949008498584,790
0.3,0.8300000000000002,0.7787037037037037,0.5567776456599287,0.43356481481481485,0.3352652697280428,26.52777777777778,55.677764565992874,956
0.28,0.8000000000000002,0.7877314814814815,0.5503967087863649,0.4335648148148148,0.34221840068787623,28.333333333333332,55.03967087863649,917
0.38,0.9200000000000003,0.7474537037037037,0.5800557448126354,0.43356481481481474,0.29521829521829523,20.069444444444446,58.005574481263544,1091
0.35000000000000003,0.9000000000000002,0.7534722222222222,0.5751152073732719,0.43333333333333335,0.31364764267990075,21.70138888888889,57.511520737327196,1065
0.34,0.8900000000000002,0.7592592592592593,0.5707317073170731,0.4333333333333333,0.31848983543078413,22.67361111111111,57.073170731707314,1040
0.36000000000000004,0.9100000000000003,0.7493055555555556,0.5783132530120482,0.4333333333333333,0.30604982206405695,20.9375,57.831325301204814,1083
0.18000000000000002,0.6,0.8319444444444445,0.5205898720089037,0.43310185185185185,0.3835420393559929,37.604166666666664,52.05898720089037,726
0.21000000000000002,0.6900000000000001,0.8097222222222222,0.5345911949685535,0.43287037037037035,0.37094281298299847,33.645833333333336,53.459119496855344,822
0.22,0.7200000000000001,0.8027777777777778,0.5392156862745098,0.43287037037037035,0.366877971473851,32.22222222222222,53.92156862745098,852
0.32,0.8700000000000002,0.7652777777777777,0.5656382335148216,0.43287037037037035,0.32897196261682243,24.34027777777778,56.56382335148216,1014
0.39,0.9300000000000003,0.7416666666666667,0.583645443196005,0.43287037037037035,0.2873931623931624,19.0625,58.3645443196005,1116
0.24000000000000002,0.7600000000000001,0.7953703703703704,0.5439464493597206,0.4326388888888889,0.35857552189930414,30.520833333333336,54.39464493597206,884
0.19,0.64,0.8201388888888889,0.5275190516511431,0.43263888888888885,0.3809171597633137,35.729166666666664,52.75190516511431,777
0.27,0.7900000000000001,0.7902777777777777,0.5474516695957821,0.43263888888888885,0.3445057276198557,28.993055555555557,54.745166959578206,906
0.31,0.8500000000000002,0.7712962962962963,0.5609243697478992,0.43263888888888885,0.3316582914572864,25.48611111111111,56.09243697478992,988
0.33,0.8800000000000002,0.7615740740740741,0.5680851063829787,0.43263888888888885,0.32494061757719717,23.40277777777778,56.80851063829787,1030
0.22,0.7300000000000001,0.7983796296296296,0.5416062626848361,0.43240740740740735,0.36835797043547747,31.631944444444443,54.16062626848361,871
0.23,0.7400000000000001,0.7967592592592593,0.5427077280650784,0.43240740740740735,0.3648103309120258,31.25,54.270772806507836,878
0.18000000000000002,0.61,0.8280092592592593,0.5219457646072128,0.43217592592592596,0.38356164383561636,37.15277777777778,52.19457646072128,743
0.2,0.68,0.8108796296296297,0.5329717385098487,0.43217592592592596,0.37509549274255155,34.166666666666664,53.29717385098487,817
0.26,0.7800000000000001,0.7916666666666666,0.545906432748538,0.4321759259259259,0.34884696016771494,29.54861111111111,54.590643274853804,900
0.28,0.8100000000000002,0.7824074074074074,0.5523668639053254,0.4321759259259259,0.3413147583804963,27.743055555555557,55.23668639053254,940
0.37,0.9200000000000003,0.7446759259259259,0.5800435188063413,0.4319444444444444,0.29598749348619074,20.069444444444446,58.00435188063413,1103
0.3,0.8400000000000002,0.7743055555555556,0.5575485799701047,0.43171296296296297,0.332129963898917,26.145833333333336,55.75485799701047,975
0.25,0.7700000000000001,0.79375,0.5438903470399533,0.4317129629629629,0.35318444995864356,30.138888888888886,54.38903470399533,891
0.19,0.65,0.8175925925925925,0.5277463193657984,0.43148148148148147,0.3794642857142857,35.520833333333336,52.774631936579844,788
0.31,0.8600000000000002,0.7666666666666667,0.5628019323671497,0.43148148148148147,0.3308687615526802,24.96527777777778,56.28019323671497,1008
0.29000000000000004,0.8300000000000002,0.774537037037037,0.5567842199641363,0.43125,0.3364653243847875,26.52777777777778,55.67842199641363,974
0.23,0.7500000000000001,0.7935185185185185,0.543465577596266,0.43124999999999997,0.3635624237494917,30.9375,54.3465577596266,892
0.18000000000000002,0.62,0.8243055555555555,0.523167649536647,0.4312499999999999,0.38344226579520696,36.736111111111114,52.316764953664695,759
0.21000000000000002,0.7000000000000001,0.805324074074074,0.5354987065248634,0.4312499999999999,0.3692427790788446,33.229166666666664,53.54987065248634,841
0.28,0.8200000000000002,0.7773148148148148,0.5544967242406195,0.4310185185185185,0.34096916299559477,27.152777777777775,55.449672424061944,962
0.19,0.66,0.8157407407407408,0.5280930760499433,0.4307870370370371,0.37878221890175573,35.34722222222222,52.80930760499432,796
0.27,0.8000000000000002,0.7840277777777778,0.5494537939179215,0.430787037037037,0.34280792420327305,28.333333333333332,54.94537939179215,933
0.3,0.8500000000000002,0.76875,0.5600722673893406,0.4305555555555556,0.3319615912208505,25.48611111111111,56.00722673893406,999
0.32,0.8800000000000002,0.756712962962963,0.5689813398592842,0.4305555555555556,0.3268036311514573,23.40277777777778,56.898133985928425,1051
0.21000000000000002,0.7100000000000001,0.8006944444444445,0.5374385660595548,0.4303240740740741,0.36958234830575254,32.673611111111114,53.74385660595548,861
0.22,0.7400000000000001,0.79375,0.542140565762613,0.4303240740740741,0.3654001616814874,31.25,54.21405657626131,891
0.34,0.9000000000000002,0.7497685185185186,0.5739425748687866,0.4303240740740741,0.31411530815109345,21.70138888888889,57.394257486878665,1081
0.31,0.8700000000000002,0.7611111111111111,0.5650851581508516,0.4300925925925926,0.32989690721649484,24.34027777777778,56.50851581508516,1032
0.24000000000000002,0.7700000000000001,0.7902777777777777,0.5442296426479203,0.4300925925925925,0.35435684647302906,30.138888888888886,54.42296426479203,906
0.38,0.9300000000000003,0.7372685185185185,0.5833594976452119,0.4300925925925925,0.28847184986595176,19.0625,58.33594976452119,1135
0.17,0.6,0.8263888888888888,0.5201680672268908,0.42986111111111114,0.38491921005386,37.604166666666664,52.01680672268908,750
0.26,0.7900000000000001,0.7856481481481481,0.547142015321155,0.42986111111111114,0.345679012345679,28.993055555555557,54.7142015321155,926
0.35000000000000003,0.9100000000000003,0.7449074074074075,0.5770665009322561,0.42986111111111114,0.3066734589913398,20.9375,57.70665009322561,1102
0.18000000000000002,0.63,0.819212962962963,0.5247244984458886,0.4298611111111111,0.3829787234042553,36.18055555555556,52.472449844588866,781
0.2,0.6900000000000001,0.8048611111111111,0.5337935001438021,0.42962962962962964,0.3719488570321581,33.645833333333336,53.37935001438021,843
0.33,0.8900000000000002,0.7537037037037037,0.5700245700245701,0.42962962962962964,0.3197278911564626,22.67361111111111,57.00245700245701,1064
0.36000000000000004,0.9200000000000003,0.7395833333333334,0.5805946791862285,0.4293981481481482,0.29769392033542974,20.069444444444446,58.05946791862285,1125
0.27,0.8100000000000002,0.7787037037037037,0.5514268727705113,0.42939814814814814,0.3419101613606629,27.743055555555557,55.14268727705113,956
0.29000000000000004,0.8400000000000002,0.7701388888888889,0.5575593627892996,0.42939814814814814,0.33333333333333337,26.145833333333336,55.755936278929966,993
0.3,0.8600000000000002,0.7641203703703704,0.5619509239624356,0.42939814814814814,0.33117483811285847,24.96527777777778,56.19509239624356,1019
0.22,0.7500000000000001,0.7905092592592593,0.5428989751098097,0.4291666666666667,0.3641547861507128,30.9375,54.289897510980964,905
0.23,0.7600000000000001,0.7886574074074074,0.5441737599060757,0.4291666666666667,0.3606422396047756,30.520833333333336,54.417375990607574,913
0.25,0.7800000000000001,0.7872685185185185,0.5451337841811232,0.4291666666666667,0.34972677595628415,29.54861111111111,54.513378418112325,919
0.21000000000000002,0.7200000000000001,0.7962962962962963,0.5386627906976744,0.4289351851851852,0.36848388380421804,32.22222222222222,53.866279069767444,880
0.17,0.61,0.8224537037037037,0.5215311004784688,0.42893518518518514,0.38494934876989867,37.15277777777778,52.15311004784689,767
0.19,0.67,0.8104166666666667,0.5287060839760068,0.4284722222222222,0.3759455370650529,34.89583333333333,52.870608397600684,819
0.21000000000000002,0.7300000000000001,0.7918981481481482,0.541069862613271,0.4284722222222222,0.36998394863563405,31.631944444444443,54.106986261327094,899
0.28,0.8300000000000002,0.7706018518518518,0.5560228296785822,0.4284722222222222,0.33721973094170404,26.52777777777778,55.602282967858216,991
0.37,0.9300000000000003,0.7344907407407407,0.5833595965962811,0.4284722222222222,0.28924731182795704,19.0625,58.33595965962811,1147
0.27,0.8200000000000002,0.7736111111111111,0.5535607420706165,0.4282407407407408,0.3415710503089144,27.152777777777775,55.356074207061646,978
0.18000000000000002,0.64,0.8145833333333333,0.5257175333901677,0.42824074074074076,0.38162282326787705,35.729166666666664,52.571753339016766,801
0.29000000000000004,0.8500000000000002,0.7645833333333333,0.5600968816227672,0.4282407407407407,0.33318035796236806,25.48611111111111,56.00968816227672,1017
0.39,0.9400000000000003,0.7296296296296296,0.5866116751269036,0.4280092592592593,0.27570872707059474,17.98611111111111,58.66116751269036,1168
0.26,0.8000000000000002,0.7793981481481481,0.5491535491535492,0.42800925925925926,0.3439930855661193,28.333333333333332,54.91535491535492,953
0.3,0.8700000000000002,0.7585648148148149,0.564235581324382,0.42800925925925926,0.33020637898686683,24.34027777777778,56.4235581324382,1043
0.17,0.62,0.81875,0.522759400621996,0.4280092592592592,0.38483965014577265,36.736111111111114,52.2759400621996,783
0.2,0.7000000000000001,0.8004629629629629,0.5347021399652978,0.4280092592592592,0.37025440313111546,33.229166666666664,53.47021399652978,862
0.31,0.8800000000000002,0.7525462962962963,0.5684404798523531,0.4277777777777778,0.3277431720172496,23.40277777777778,56.84404798523531,1069
0.24000000000000002,0.7800000000000001,0.7837962962962963,0.545481393975192,0.42754629629629637,0.3509067903838043,29.54861111111111,54.5481393975192,934
0.32,0.8900000000000002,0.7488425925925926,0.5709428129829984,0.42754629629629626,0.32160312805474095,22.67361111111111,57.09428129829984,1085
0.19,0.68,0.8041666666666667,0.5310880829015544,0.42708333333333337,0.3761011106855611,34.166666666666664,53.10880829015544,846
0.29000000000000004,0.8600000000000002,0.7599537037037037,0.5619859884252209,0.42708333333333337,0.33240482822655526,24.96527777777778,56.19859884252209,1037
0.18000000000000002,0.65,0.812037037037037,0.5259407069555302,0.4270833333333333,0.380171449869549,35.520833333333336,52.59407069555302,812
0.2,0.7100000000000001,0.7958333333333333,0.5366492146596858,0.4270833333333333,0.3706045041485579,32.673611111111114,53.66492146596858,882
0.22,0.7600000000000001,0.7856481481481481,0.5436063641720683,0.42708333333333326,0.36123711340206194,30.520833333333336,54.360636417206834,926
0.25,0.7900000000000001,0.78125,0.5463703703703704,0.42685185185185187,0.3465642338881775,28.993055555555557,54.63703703703704,945
0.34,0.9100000000000003,0.7412037037037037,0.5758900687070581,0.4268518518518518,0.30714285714285716,20.9375,57.5890068707058,1118
0.17,0.63,0.8136574074074074,0.5243243243243243,0.42662037037037037,0.38438880706921946,36.18055555555556,52.43243243243243,805
0.23,0.7700000000000001,0.7835648148148148,0.5444608567208272,0.42662037037037037,0.3564273789649416,30.138888888888886,54.446085672082724,935
0.26,0.8100000000000002,0.774074074074074,0.5511363636363636,0.42662037037037037,0.3431072210065646,27.743055555555557,55.11363636363637,976
0.28,0.8400000000000002,0.7662037037037037,0.556797583081571,0.42662037037037037,0.3340898774398547,26.145833333333336,55.679758308157105,1010
0.33,0.9000000000000002,0.7442129629629629,0.5732503888024884,0.42662037037037037,0.3153692614770459,21.70138888888889,57.32503888024883,1105
0.21000000000000002,0.7400000000000001,0.7872685185185185,0.5416054101734784,0.42638888888888893,0.3670320747056435,31.25,54.16054101734784,919
0.18000000000000002,0.66,0.8101851851851852,0.5262857142857142,0.4263888888888889,0.3794910179640718,35.34722222222222,52.628571428571426,820
0.16,0.6,0.819675925925926,0.5196272239480373,0.425925925925926,0.38658492607284534,37.604166666666664,51.96272239480373,779
0.35000000000000003,0.9200000000000003,0.7351851851851852,0.5793450881612091,0.42592592592592593,0.29831932773109243,20.069444444444446,57.93450881612091,1144
0.36000000000000004,0.9300000000000003,0.7293981481481482,0.583941605839416,0.42592592592592593,0.2909680908599243,19.0625,58.3941605839416,1169
0.27,0.8300000000000002,0.7668981481481482,0.555086024750981,0.4256944444444445,0.33782569631626236,26.52777777777778,55.5086024750981,1007
0.2,0.7200000000000001,0.7914351851851852,0.5378765720971044,0.42569444444444443,0.36951316839585,32.22222222222222,53.78765720971044,901
0.29000000000000004,0.8700000000000002,0.7543981481481481,0.5642835225529304,0.42569444444444443,0.3314500941619586,24.34027777777778,56.428352255293035,1061
0.3,0.8800000000000002,0.75,0.5675925925925925,0.4256944444444444,0.32805755395683456,23.40277777777778,56.75925925925925,1080
0.26,0.8200000000000002,0.7689814814814815,0.5532811559301626,0.425462962962963,0.34278122232063774,27.152777777777775,55.32811559301626,998
0.28,0.8500000000000002,0.7606481481481482,0.559342665855143,0.425462962962963,0.33394664213431463,25.48611111111111,55.9342665855143,1034
0.38,0.9400000000000003,0.7252314814814815,0.5863389722310884,0.42523148148148154,0.27678571428571425,17.98611111111111,58.633897223108846,1187
0.2,0.7300000000000001,0.7870370370370371,0.5402941176470588,0.4252314814814815,0.3710261569416499,31.631944444444443,54.029411764705884,920
0.21000000000000002,0.7500000000000001,0.7840277777777778,0.5423678771774432,0.4252314814814815,0.3657937806873977,30.9375,54.23678771774432,933
0.24000000000000002,0.7900000000000001,0.7777777777777778,0.5467261904761904,0.42523148148148143,0.34775160599571736,28.993055555555557,54.672619047619044,960
0.17,0.64,0.8090277777777778,0.5253218884120172,0.42500000000000004,0.3830420230568985,35.729166666666664,52.53218884120172,825
0.16,0.61,0.8157407407407408,0.5209988649262202,0.425,0.3866279069767442,37.15277777777778,52.09988649262202,796
0.25,0.8000000000000002,0.775,0.5483870967741935,0.425,0.34488734835355284,28.333333333333332,54.83870967741935,972
0.31,0.8900000000000002,0.7446759259259259,0.570407211687908,0.4247685185185185,0.32254901960784316,22.67361111111111,57.040721168790796,1103
0.19,0.6900000000000001,0.7981481481481482,0.5319025522041764,0.4245370370370371,0.372960372960373,33.645833333333336,53.19025522041764,872
0.32,0.9000000000000002,0.7393518518518518,0.5742016280525987,0.42453703703703705,0.3172690763052209,21.70138888888889,57.420162805259864,1126
0.22,0.7700000000000001,0.7805555555555556,0.5438908659549229,0.424537037037037,0.35702341137123744,30.138888888888886,54.38908659549229,948
0.28,0.8600000000000002,0.7560185185185185,0.5612369871402327,0.4243055555555556,0.33317822242903683,24.96527777777778,56.12369871402328,1054
0.18000000000000002,0.67,0.8048611111111111,0.5268909979867702,0.4240740740740741,0.37665782493368705,34.89583333333333,52.68909979867702,843
0.23,0.7800000000000001,0.7770833333333333,0.5457253500148943,0.4240740740740741,0.3529910903691133,29.54861111111111,54.57253500148943,963
0.16,0.62,0.812037037037037,0.5222348916761688,0.42407407407407405,0.38653001464128844,36.736111111111114,52.223489167616876,812
0.27,0.8400000000000002,0.7625,0.555859137826351,0.4238425925925926,0.33469758981355163,26.145833333333336,55.585913782635096,1026
0.17,0.65,0.8064814814814815,0.5255453501722158,0.42384259259259255,0.3815937149270483,35.520833333333336,52.55453501722158,836
0.25,0.8100000000000002,0.7696759259259259,0.5503759398496241,0.4236111111111111,0.3440105309346204,27.743055555555557,55.037593984962406,995
0.37,0.9400000000000003,0.7224537037037037,0.5863505286767062,0.4236111111111111,0.27756015668718526,17.98611111111111,58.63505286767062,1199
0.24000000000000002,0.8000000000000002,0.7715277777777778,0.5487548754875488,0.42337962962962966,0.34608695652173915,28.333333333333332,54.875487548754876,987
0.29000000000000004,0.8800000000000002,0.7458333333333333,0.5676598386095593,0.4233796296296296,0.3293211362542128,23.40277777777778,56.76598386095593,1098
0.21000000000000002,0.7600000000000001,0.7791666666666667,0.5430778371954843,0.4231481481481482,0.3628831814415907,30.520833333333336,54.30778371954843,954
0.2,0.7400000000000001,0.7824074074074074,0.5408284023668639,0.42314814814814816,0.36807817589576547,31.25,54.082840236686394,940
0.33,0.9100000000000003,0.7356481481481482,0.5752045311516677,0.42314814814814816,0.3084016393442623,20.9375,57.52045311516677,1142
0.17,0.66,0.8046296296296296,0.525891829689298,0.4231481481481481,0.38091660405709993,35.34722222222222,52.589182968929805,844
0.28,0.8700000000000002,0.750462962962963,0.5635410240592227,0.42291666666666666,0.33223218499292123,24.34027777777778,56.35410240592227,1078
0.34,0.9200000000000003,0.7314814814814815,0.5781645569620253,0.42291666666666666,0.29879011046817466,20.069444444444446,57.81645569620253,1160
0.19,0.7000000000000001,0.79375,0.5328083989501312,0.4229166666666666,0.37127158555729983,33.229166666666664,53.28083989501312,891
0.26,0.8300000000000002,0.7622685185185185,0.5548132402064986,0.4229166666666666,0.33904418394950403,26.52777777777778,55.48132402064986,1027
0.16,0.63,0.8069444444444445,0.5238095238095238,0.4226851851851852,0.38609467455621305,36.18055555555556,52.38095238095239,834
0.18000000000000002,0.68,0.7986111111111112,0.5292753623188405,0.42268518518518516,0.37682271680736756,34.166666666666664,52.927536231884055,870
0.27,0.8500000000000002,0.7569444444444444,0.5584097859327217,0.42268518518518516,0.33456221198156677,25.48611111111111,55.84097859327217,1050
0.3,0.8900000000000002,0.7421296296296296,0.569557080474111,0.42268518518518516,0.3228655544651619,22.67361111111111,56.9557080474111,1114
0.25,0.8200000000000002,0.7645833333333333,0.5525280048440812,0.42245370370370366,0.34369449378330375,27.152777777777775,55.25280048440811,1017
0.35000000000000003,0.9300000000000003,0.725,0.5826947637292464,0.42245370370370366,0.2915989159891599,19.0625,58.26947637292464,1188
0.19,0.7100000000000001,0.7891203703703704,0.5347609269580522,0.4219907407407408,0.3716323296354992,32.673611111111114,53.47609269580522,911
0.39,0.9500000000000003,0.7155092592592592,0.5897767712714332,0.4219907407407408,0.25934579439252337,16.770833333333332,58.97767712714332,1229
0.2,0.7500000000000001,0.7791666666666667,0.541592394533571,0.4219907407407407,0.36684448091916294,30.9375,54.1592394533571,954
0.24000000000000002,0.8100000000000002,0.7662037037037037,0.5507552870090634,0.4219907407407407,0.34522236900044034,27.743055555555557,55.07552870090634,1010
0.22,0.7800000000000001,0.774074074074074,0.5451555023923444,0.42199074074074067,0.35359116022099446,29.54861111111111,54.51555023923444,976
0.31,0.9000000000000002,0.7351851851851852,0.5736775818639799,0.4217592592592593,0.31822759315206445,21.70138888888889,57.367758186397985,1144
0.23,0.7900000000000001,0.7710648148148148,0.5469828880216151,0.4217592592592592,0.3498492029297716,28.993055555555557,54.69828880216151,989
0.27,0.8600000000000002,0.7523148148148148,0.5603076923076923,0.4215277777777777,0.33379953379953375,24.96527777777778,56.03076923076923,1070
0.26,0.8400000000000002,0.7578703703703704,0.5555894929749542,0.42106481481481484,0.33591967138293016,26.145833333333336,55.55894929749542,1046
0.32,0.9100000000000003,0.7307870370370371,0.5761799176433323,0.42106481481481484,0.3103092783505154,20.9375,57.61799176433323,1163
0.36000000000000004,0.9400000000000003,0.7173611111111111,0.5869635366247177,0.42106481481481484,0.27927927927927926,17.98611111111111,58.696353662471765,1221
0.16,0.64,0.8023148148148148,0.5248124639353722,0.4210648148148148,0.38475905864774,35.729166666666664,52.48124639353722,854
0.17,0.67,0.7993055555555556,0.526498696785404,0.42083333333333334,0.37809052871814375,34.89583333333333,52.6498696785404,867
0.24000000000000002,0.8200000000000002,0.7611111111111111,0.5529197080291971,0.42083333333333334,0.3449197860962567,27.152777777777775,55.29197080291971,1032
0.15000000000000002,0.6,0.812962962962963,0.517369020501139,0.4206018518518519,0.38742320202385255,37.604166666666664,51.7369020501139,808
0.19,0.7200000000000001,0.7847222222222222,0.5359882005899705,0.4206018518518519,0.37054821928771503,32.22222222222222,53.598820058997056,930
0.21000000000000002,0.7700000000000001,0.774074074074074,0.5433612440191388,0.42060185185185184,0.3586728265434691,30.138888888888886,54.33612440191388,976
0.28,0.8800000000000002,0.7418981481481481,0.5669266770670827,0.42060185185185184,0.3301158301158302,23.40277777777778,56.692667706708264,1115
0.29000000000000004,0.8900000000000002,0.7379629629629629,0.5696361355081556,0.4203703703703704,0.32413793103448274,22.67361111111111,56.96361355081556,1132
0.18000000000000002,0.6900000000000001,0.7925925925925926,0.5300817757009346,0.42013888888888895,0.3736862592448424,33.645833333333336,53.008177570093466,896
0.19,0.7300000000000001,0.7803240740740741,0.5384159003263127,0.42013888888888895,0.37207425343018563,31.631944444444443,53.841590032631274,949
0.27,0.8700000000000002,0.7467592592592592,0.5626162430254185,0.42013888888888884,0.33286052009456263,24.34027777777778,56.26162430254185,1094
0.2,0.7600000000000001,0.7743055555555556,0.5423019431988042,0.41990740740740745,0.3639385126713752,30.520833333333336,54.23019431988042,975
0.23,0.8000000000000002,0.7648148148148148,0.5490314769975787,0.41990740740740745,0.34820647419072615,28.333333333333332,54.903147699757874,1016
0.25,0.8300000000000002,0.7578703703703704,0.5540623091020159,0.41990740740740745,0.3399638336347197,26.52777777777778,55.40623091020159,1046
0.16,0.65,0.7997685185185185,0.5250361794500723,0.41990740740740734,0.38331454340473503,35.520833333333336,52.50361794500723,865
0.26,0.8500000000000002,0.7523148148148148,0.5581538461538461,0.41990740740740734,0.33580018501387604,25.48611111111111,55.81538461538461,1070
0.15000000000000002,0.61,0.8090277777777778,0.5187410586552218,0.41967592592592595,0.3874726875455208,37.15277777777778,51.87410586552218,825
0.22,0.7900000000000001,0.7680555555555556,0.5464135021097046,0.41967592592592595,0.3504531722054381,28.993055555555557,54.641350210970465,1002
0.3,0.9000000000000002,0.7326388888888888,0.572827804107425,0.4196759259259259,0.3185483870967742,21.70138888888889,57.2827804107425,1155
0.17,0.68,0.7930555555555555,0.5288966725043783,0.41944444444444445,0.3782742681047766,34.166666666666664,52.88966725043783,894
0.34,0.9300000000000003,0.7212962962962963,0.5815147625160462,0.41944444444444445,0.29207383279044513,19.0625,58.15147625160462,1204
0.16,0.66,0.7979166666666667,0.5253843922251233,0.419212962962963,0.3826415094339623,35.34722222222222,52.53843922251234,873
0.33,0.9200000000000003,0.725925925925926,0.5774872448979592,0.419212962962963,0.3000528262017961,20.069444444444446,57.74872448979592,1184
0.38,0.9500000000000003,0.7111111111111111,0.5895182291666666,0.41921296296296295,0.26041055718475076,16.770833333333332,58.951822916666664,1248
0.26,0.8600000000000002,0.7476851851851852,0.560061919504644,0.41875000000000007,0.3350491343004211,24.96527777777778,56.0061919504644,1090
0.15000000000000002,0.62,0.805324074074074,0.5199770048864616,0.41874999999999996,0.3873807776962583,36.736111111111114,51.99770048864616,841
0.18000000000000002,0.7000000000000001,0.7881944444444444,0.5309838472834068,0.4185185185185185,0.37200157294534014,33.229166666666664,53.098384728340676,915
0.23,0.8100000000000002,0.7594907407407407,0.5510515086863761,0.4185185185185185,0.34736375719982276,27.743055555555557,55.10515086863761,1039
0.31,0.9100000000000003,0.7266203703703704,0.5756610385473081,0.41828703703703707,0.3112719751809721,20.9375,57.56610385473081,1181
0.24000000000000002,0.8300000000000002,0.7543981481481481,0.5544645596808837,0.418287037037037,0.3411978221415608,26.52777777777778,55.44645596808837,1061
0.21000000000000002,0.7800000000000001,0.7675925925925926,0.5446320868516284,0.41805555555555557,0.3552519214346712,29.54861111111111,54.46320868516285,1004
0.19,0.7400000000000001,0.7756944444444445,0.5389435989256938,0.4180555555555555,0.3691302572478563,31.25,53.894359892569376,969
0.25,0.8400000000000002,0.7534722222222222,0.5548387096774193,0.4180555555555555,0.3368421052631579,26.145833333333336,55.483870967741936,1065
0.22,0.8000000000000002,0.7618055555555555,0.5484655120024309,0.41782407407407407,0.3488168273444347,28.333333333333332,54.846551200243084,1029
0.27,0.8800000000000002,0.7381944444444445,0.5660081530260269,0.41782407407407407,0.3307543520309478,23.40277777777778,56.60081530260269,1131
0.37,0.9500000000000003,0.7083333333333334,0.5895424836601307,0.4175925925925926,0.2611764705882353,16.770833333333332,58.954248366013076,1260
0.18000000000000002,0.7100000000000001,0.7835648148148148,0.5329394387001477,0.41759259259259257,0.3723699880905121,32.673611111111114,53.29394387001477,935
0.28,0.8900000000000002,0.7340277777777777,0.5689057079785557,0.41759259259259257,0.3249382716049382,22.67361111111111,56.89057079785557,1149
0.35000000000000003,0.9400000000000003,0.7129629629629629,0.5857142857142857,0.41759259259259257,0.2799097065462754,17.98611111111111,58.57142857142858,1240
0.23,0.8200000000000002,0.7543981481481481,0.5532371893218779,0.4173611111111111,0.347085201793722,27.152777777777775,55.323718932187795,1061
0.29000000000000004,0.9000000000000002,0.7284722222222222,0.572926596758818,0.4173611111111111,0.3198380566801619,21.70138888888889,57.292659675881794,1173
0.15000000000000002,0.63,0.8002314814814815,0.5215504772924501,0.41736111111111107,0.3869532987398072,36.18055555555556,52.155047729245005,863
0.2,0.7700000000000001,0.7692129629629629,0.5425820042130605,0.41736111111111107,0.35973041280539175,30.138888888888886,54.25820042130604,997
0.26,0.8700000000000002,0.7421296296296296,0.5623830318153462,0.41736111111111107,0.334124347413384,24.34027777777778,56.23830318153462,1114
0.32,0.9200000000000003,0.7210648148148148,0.5784911717495987,0.41712962962962963,0.30196703880914405,20.069444444444446,57.84911717495987,1205
0.19,0.7500000000000001,0.7724537037037037,0.5397063230446509,0.4168981481481482,0.36790123456790125,30.9375,53.97063230446509,983
0.16,0.67,0.7925925925925926,0.5259929906542056,0.41689814814814813,0.3798242262132213,34.89583333333333,52.59929906542056,896
0.17,0.6900000000000001,0.7870370370370371,0.5297058823529411,0.41689814814814813,0.37514654161781946,33.645833333333336,52.970588235294116,920
0.25,0.8500000000000002,0.7479166666666667,0.5574125657691117,0.41689814814814813,0.33673469387755106,25.48611111111111,55.74125657691117,1089
0.22,0.8100000000000002,0.7564814814814815,0.5504895960832313,0.41643518518518524,0.3479804704837994,27.743055555555557,55.04895960832313,1052
0.24000000000000002,0.8400000000000002,0.75,0.5552469135802469,0.4164351851851852,0.3380799265043638,26.145833333333336,55.52469135802469,1080
0.18000000000000002,0.7200000000000001,0.7791666666666667,0.5341651812240048,0.41620370370370374,0.3712910986367281,32.22222222222222,53.41651812240048,954
0.3,0.9100000000000003,0.7240740740740741,0.5748081841432225,0.41620370370370374,0.3115942028985507,20.9375,57.48081841432226,1192
0.25,0.8600000000000002,0.743287037037037,0.5593273123637497,0.4157407407407408,0.33599249178789303,24.96527777777778,55.93273123637496,1109
0.21000000000000002,0.7900000000000001,0.7615740740740741,0.5458966565349544,0.41574074074074074,0.35212489158716387,28.993055555555557,54.589665653495445,1030
0.33,0.9300000000000003,0.7157407407407408,0.5808538163001293,0.41574074074074074,0.29334787350054525,19.0625,58.08538163001293,1228
0.15000000000000002,0.64,0.7956018518518518,0.5225487343613616,0.4157407407407407,0.3856233620366904,35.729166666666664,52.254873436136165,883
0.18000000000000002,0.7300000000000001,0.7747685185185185,0.5365999402449955,0.4157407407407407,0.37282652648604936,31.631944444444443,53.65999402449955,973
0.14,0.6,0.805324074074074,0.5159528600172464,0.4155092592592593,0.3889695210449927,37.604166666666664,51.59528600172464,841
0.16,0.68,0.7863425925925925,0.5284074183102738,0.41550925925925924,0.38003095975232204,34.166666666666664,52.84074183102738,923
0.17,0.7000000000000001,0.7826388888888889,0.5306122448979592,0.4152777777777778,0.37347019344650606,33.229166666666664,53.06122448979592,939
0.22,0.8200000000000002,0.7513888888888889,0.5526802218114603,0.4152777777777778,0.34770889487870615,27.152777777777775,55.26802218114602,1074
0.24000000000000002,0.8500000000000002,0.7444444444444445,0.5578358208955224,0.4152777777777778,0.3379888268156424,25.48611111111111,55.78358208955224,1104
0.26,0.8800000000000002,0.7335648148148148,0.5657936257494478,0.4150462962962963,0.33203883495145636,23.40277777777778,56.57936257494478,1151
0.36000000000000004,0.9500000000000003,0.7032407407407407,0.5901909150757078,0.4150462962962963,0.26287744227353466,16.770833333333332,59.01909150757078,1282
0.39,0.9600000000000003,0.6974537037037037,0.5950879522071025,0.4150462962962963,0.23940149625935164,15.104166666666666,59.508795220710255,1307
0.2,0.7800000000000001,0.7627314814814815,0.5438543247344462,0.41481481481481486,0.35631691648822267,29.54861111111111,54.38543247344462,1025
0.23,0.8300000000000002,0.7476851851851852,0.5547987616099072,0.41481481481481486,0.3433789954337899,26.52777777777778,55.47987616099071,1090
0.19,0.7600000000000001,0.7675925925925926,0.5404101326899879,0.4148148148148148,0.36500000000000005,30.520833333333336,54.041013268998796,1004
0.27,0.8900000000000002,0.7303240740740741,0.567987321711569,0.4148148148148148,0.3255813953488372,22.67361111111111,56.7987321711569,1165
0.28,0.9000000000000002,0.7245370370370371,0.5722044728434504,0.41458333333333336,0.3206494165398275,21.70138888888889,57.22044728434504,1190
0.14,0.61,0.8013888888888889,0.5173310225303293,0.4145833333333333,0.38903107861060326,37.15277777777778,51.733102253032925,858
0.34,0.9400000000000003,0.7092592592592593,0.5845300261096605,0.4145833333333333,0.2803843979649519,17.98611111111111,58.45300261096605,1256
0.15000000000000002,0.65,0.7930555555555555,0.5227670753064798,0.41458333333333325,0.38418079096045193,35.520833333333336,52.27670753064798,894
0.25,0.8700000000000002,0.7377314814814815,0.5616567304675243,0.41435185185185186,0.3350785340314136,24.34027777777778,56.16567304675243,1133
0.17,0.7100000000000001,0.7780092592592592,0.5325795894079143,0.4143518518518518,0.373854125149462,32.673611111111114,53.257958940791426,959
0.31,0.9200000000000003,0.7168981481481481,0.5779786890539231,0.4143518518518518,0.30293333333333333,20.069444444444446,57.79786890539231,1223
0.24000000000000002,0.8600000000000002,0.7398148148148148,0.5597622027534418,0.41412037037037036,0.3372585963259538,24.96527777777778,55.97622027534418,1124
0.15000000000000002,0.66,0.7912037037037037,0.5231129315389117,0.413888888888889,0.3835098335854765,35.34722222222222,52.31129315389117,902
0.21000000000000002,0.8000000000000002,0.7553240740740741,0.5479619981612014,0.4138888888888889,0.35050638485248786,28.333333333333332,54.79619981612014,1057
0.29000000000000004,0.9100000000000003,0.7199074074074074,0.5749196141479099,0.41388888888888886,0.3128898128898129,20.9375,57.49196141479099,1210
0.18000000000000002,0.7400000000000001,0.7701388888888889,0.5371205290051098,0.4136574074074075,0.369885433715221,31.25,53.712052900510976,993
0.14,0.62,0.7976851851851852,0.5185722576900754,0.41365740740740736,0.3889502762430939,36.736111111111114,51.85722576900754,874
0.32,0.9300000000000003,0.7108796296296296,0.5818951481602084,0.41365740740740736,0.2952799121844127,19.0625,58.18951481602084,1249
0.16,0.6900000000000001,0.7803240740740741,0.529219816078315,0.412962962962963,0.37691401648998824,33.645833333333336,52.921981607831505,949
0.17,0.7200000000000001,0.7736111111111111,0.5338120885697187,0.412962962962963,0.3727858293075685,32.22222222222222,53.381208856971874,978
0.23,0.8400000000000002,0.743287037037037,0.5555901588290252,0.4129629629629629,0.3402681460933888,26.145833333333336,55.55901588290252,1109
0.24000000000000002,0.8700000000000002,0.7342592592592593,0.5621059268600253,0.41273148148148153,0.336359292881032,24.34027777777778,56.21059268600253,1148
0.22,0.8300000000000002,0.7446759259259259,0.5542430836182779,0.4127314814814815,0.3440073193046661,26.52777777777778,55.42430836182779,1103
0.17,0.7300000000000001,0.7692129629629629,0.5362624134817936,0.41250000000000003,0.37434023548518064,31.631944444444443,53.62624134817936,997
0.21000000000000002,0.8100000000000002,0.75,0.55,0.41250000000000003,0.3496877787689563,27.743055555555557,55.00000000000001,1080
0.18000000000000002,0.7500000000000001,0.7668981481481482,0.5378810745547842,0.4125,0.36865979381443303,30.9375,53.78810745547842,1007
0.2,0.7900000000000001,0.756712962962963,0.5451208320587335,0.4125,0.3531970421922575,28.993055555555557,54.51208320587335,1051
0.19,0.7700000000000001,0.7625,0.5406800242865817,0.41226851851851853,0.36079425433037604,30.138888888888886,54.06800242865817,1026
0.3,0.9200000000000003,0.7143518518518519,0.5771224886584575,0.41226851851851853,0.3032568072610785,20.069444444444446,57.71224886584575,1234
0.38,0.9600000000000003,0.6930555555555555,0.5948563794255177,0.41226851851851853,0.24045084533500313,15.104166666666666,59.485637942551776,1326
0.14,0.63,0.7925925925925926,0.5201518691588785,0.4122685185185185,0.3885374023074061,36.18055555555556,52.015186915887845,896
0.25,0.8800000000000002,0.7291666666666666,0.5650793650793651,0.41203703703703703,0.33300876338851026,23.40277777777778,56.507936507936506,1170
0.26,0.8900000000000002,0.7256944444444444,0.5677830940988836,0.41203703703703703,0.32687531048186785,22.67361111111111,56.77830940988836,1185
0.23,0.8500000000000002,0.7377314814814815,0.558205208660182,0.41180555555555554,0.3402061855670103,25.48611111111111,55.8205208660182,1133
0.27,0.9000000000000002,0.7208333333333333,0.571290944123314,0.41180555555555554,0.32130147432638534,21.70138888888889,57.129094412331405,1206
0.15000000000000002,0.67,0.7858796296296297,0.5237113402061856,0.4115740740740741,0.38069705093833783,34.89583333333333,52.37113402061856,925
0.35000000000000003,0.9500000000000003,0.6988425925925926,0.5889367340178867,0.4115740740740741,0.2635014836795252,16.770833333333332,58.89367340178867,1301
0.16,0.7000000000000001,0.7759259259259259,0.5301312649164678,0.4113425925925926,0.37524791749305836,33.229166666666664,53.01312649164678,968
0.21000000000000002,0.8200000000000002,0.7449074074074075,0.5522063393412057,0.4113425925925926,0.3494356659142212,27.152777777777775,55.22063393412056,1102
0.13,0.6,0.7979166666666667,0.515230635335074,0.41111111111111115,0.3908129784907036,37.604166666666664,51.5230635335074,873
0.28,0.9100000000000003,0.7159722222222222,0.574199806013579,0.4111111111111111,0.31370505471599797,20.9375,57.4199806013579,1227
0.22,0.8400000000000002,0.7402777777777778,0.5550343964978112,0.41087962962962965,0.34089856415006947,26.145833333333336,55.503439649781114,1122
0.31,0.9300000000000003,0.7067129629629629,0.5813953488372093,0.41087962962962965,0.2962555066079295,19.0625,58.139534883720934,1267
0.33,0.9400000000000003,0.7037037037037037,0.5838815789473685,0.41087962962962965,0.2816581487791028,17.98611111111111,58.38815789473685,1280
0.2,0.8000000000000002,0.750462962962963,0.5471930906847625,0.4106481481481482,0.35159010600706714,28.333333333333332,54.71930906847625,1078
0.23,0.8600000000000002,0.7331018518518518,0.5601515629933691,0.41064814814814815,0.3394973921289711,24.96527777777778,56.01515629933691,1153
0.37,0.9600000000000003,0.6902777777777778,0.5949027498323273,0.41064814814814815,0.2412060301507538,15.104166666666666,59.49027498323273,1338
0.14,0.64,0.787962962962963,0.5211515863689776,0.4106481481481481,0.387218045112782,35.729166666666664,52.11515863689776,916
0.24000000000000002,0.8800000000000002,0.7256944444444444,0.5655502392344498,0.4104166666666667,0.33431085043988273,23.40277777777778,56.55502392344498,1185
0.16,0.7100000000000001,0.7712962962962963,0.5321128451380552,0.41041666666666665,0.3756507809371245,32.673611111111114,53.21128451380552,988
0.17,0.7400000000000001,0.7645833333333333,0.5367847411444142,0.41041666666666665,0.371405094494659,31.25,53.67847411444142,1017
0.18000000000000002,0.7600000000000001,0.7620370370370371,0.5385783718104495,0.41041666666666665,0.3657620041753653,30.520833333333336,53.85783718104496,1028
0.15000000000000002,0.68,0.7796296296296297,0.5261282660332541,0.4101851851851852,0.3809154383242825,34.166666666666664,52.612826603325416,952
0.13,0.61,0.7939814814814815,0.5166180758017492,0.41018518518518515,0.39088905216752384,37.15277777777778,51.66180758017492,890
0.29000000000000004,0.9200000000000003,0.7101851851851851,0.5772490221642764,0.4099537037037037,0.30455764075067027,20.069444444444446,57.724902216427644,1252
0.22,0.8500000000000002,0.7347222222222223,0.55765595463138,0.40972222222222227,0.34084507042253515,25.48611111111111,55.765595463138,1146
0.19,0.7800000000000001,0.7560185185185185,0.5419473361910594,0.4097222222222222,0.35738831615120276,29.54861111111111,54.19473361910594,1054
0.14,0.65,0.7854166666666667,0.5213675213675214,0.40949074074074077,0.3857791225416036,35.520833333333336,52.13675213675214,927
0.13,0.62,0.7902777777777777,0.517867603983597,0.40925925925925927,0.39082161361954104,36.736111111111114,51.7867603983597,906
0.17,0.7500000000000001,0.7613425925925926,0.5375494071146245,0.40925925925925927,0.3701863354037267,30.9375,53.75494071146245,1031
0.2,0.8100000000000002,0.7451388888888889,0.5492388940664803,0.40925925925925927,0.35078299776286354,27.743055555555557,54.92388940664803,1101
0.23,0.8700000000000002,0.7275462962962963,0.5625198854597518,0.40925925925925927,0.33862433862433866,24.34027777777778,56.25198854597519,1177
0.16,0.7200000000000001,0.7668981481481482,0.5333534560821008,0.4090277777777778,0.3745954692556635,32.22222222222222,53.33534560821008,1007
0.25,0.8900000000000002,0.7212962962962963,0.5670731707317073,0.40902777777777777,0.3278525161933234,22.67361111111111,56.70731707317073,1204
0.26,0.9000000000000002,0.7162037037037037,0.5711053652230123,0.4090277777777777,0.3226135783563043,21.70138888888889,57.110536522301224,1226
0.14,0.66,0.7835648148148148,0.5217134416543575,0.4087962962962963,0.3851120394986707,35.34722222222222,52.17134416543575,935
0.3,0.9300000000000003,0.7041666666666667,0.5805391190006575,0.4087962962962963,0.2965821389195149,19.0625,58.05391190006575,1278
0.32,0.9400000000000003,0.6988425925925926,0.5849619079165287,0.4087962962962963,0.28359062321326467,17.98611111111111,58.49619079165287,1301
0.21000000000000002,0.8300000000000002,0.7381944444444445,0.5537786139855754,0.40879629629629627,0.34574712643678157,26.52777777777778,55.377861398557535,1131
0.22,0.8600000000000002,0.7300925925925926,0.5596068484464173,0.4085648148148149,0.3401425178147268,24.96527777777778,55.960684844641726,1166
0.16,0.7300000000000001,0.7625,0.5358227079538554,0.40856481481481477,0.3761729906160751,31.631944444444443,53.58227079538555,1026
0.34,0.9500000000000003,0.6951388888888889,0.5877455877455877,0.40856481481481477,0.2639714625445898,16.770833333333332,58.77455877455877,1317
0.27,0.9100000000000003,0.7122685185185185,0.5732856678583036,0.4083333333333333,0.31436031331592684,20.9375,57.32856678583036,1243
0.36000000000000004,0.9600000000000003,0.6851851851851852,0.5956081081081082,0.40810185185185194,0.2428842504743833,15.104166666666666,59.560810810810814,1360
0.2,0.8200000000000002,0.7400462962962963,0.5514544885830466,0.4081018518518518,0.3505434782608695,27.152777777777775,55.14544885830466,1123
0.12,0.6,0.7914351851851852,0.5153553670663937,0.4078703703703704,0.39281788200806156,37.604166666666664,51.53553670663938,901
0.13,0.63,0.7851851851851852,0.5194575471698113,0.4078703703703704,0.3904263275991025,36.18055555555556,51.94575471698113,928
0.18000000000000002,0.7700000000000001,0.7569444444444444,0.5388379204892967,0.4078703703703704,0.36155800169348007,30.138888888888886,53.88379204892967,1050
0.39,0.9700000000000003,0.674537037037037,0.6043239533287578,0.40763888888888894,0.2172437202987101,12.777777777777777,60.43239533287578,1406
0.15000000000000002,0.6900000000000001,0.7736111111111111,0.5269299820466786,0.4076388888888889,0.3778040141676505,33.645833333333336,52.69299820466786,978
0.24000000000000002,0.8900000000000002,0.7178240740740741,0.5675588519832312,0.40740740740740744,0.32916458229114554,22.67361111111111,56.75588519832312,1219
0.19,0.7900000000000001,0.75,0.5432098765432098,0.4074074074074074,0.3542757417102967,28.993055555555557,54.32098765432099,1080
0.28,0.9200000000000003,0.70625,0.5765322844968863,0.407175925925926,0.3053763440860215,20.069444444444446,57.65322844968863,1269
0.17,0.7600000000000001,0.7564814814814815,0.5382496940024479,0.40717592592592594,0.3672955974842767,30.520833333333336,53.8249694002448,1052
0.22,0.8700000000000002,0.7245370370370371,0.5619808306709265,0.40717592592592594,0.33927710843373493,24.34027777777778,56.198083067092654,1190
0.12,0.61,0.7875,0.5167548500881834,0.40694444444444444,0.39290989660265874,37.15277777777778,51.67548500881834,918
0.23,0.8800000000000002,0.7189814814814814,0.5660012878300065,0.40694444444444444,0.33661417322834647,23.40277777777778,56.60012878300065,1214
0.21000000000000002,0.8400000000000002,0.7337962962962963,0.5545741324921135,0.4069444444444444,0.3426443202979516,26.145833333333336,55.45741324921135,1150
0.16,0.7400000000000001,0.7578703703703704,0.5363469761759316,0.40648148148148155,0.3732452518579686,31.25,53.63469761759316,1046
0.14,0.67,0.7782407407407408,0.5223081499107673,0.40648148148148144,0.38230769230769235,34.89583333333333,52.230814991076734,958
0.29000000000000004,0.9300000000000003,0.7,0.5806878306878307,0.40648148148148144,0.2978959025470653,19.0625,58.06878306878307,1296
0.13,0.64,0.7805555555555556,0.5204626334519573,0.40625,0.38911975821684924,35.729166666666664,52.04626334519573,948
0.25,0.9000000000000002,0.7118055555555556,0.5704065040650407,0.40601851851851856,0.32360471070148494,21.70138888888889,57.04065040650407,1245
0.12,0.62,0.7837962962962963,0.5180153573538098,0.4060185185185185,0.39285714285714285,36.736111111111114,51.80153573538098,934
0.15000000000000002,0.7000000000000001,0.7692129629629629,0.527836292506771,0.4060185185185185,0.3761431411530815,33.229166666666664,52.7836292506771,997
0.31,0.9400000000000003,0.694675925925926,0.5844718427190936,0.4060185185185185,0.28456683878370626,17.98611111111111,58.44718427190936,1319
0.21000000000000002,0.8500000000000002,0.7282407407407407,0.5572155117609663,0.405787037037037,0.34261444077395,25.48611111111111,55.721551176096625,1174
0.26,0.9100000000000003,0.7076388888888889,0.5731108930323847,0.4055555555555556,0.3156790770844258,20.9375,57.311089303238475,1263
0.19,0.8000000000000002,0.74375,0.5452847805788982,0.40555555555555556,0.3526805494018609,28.333333333333332,54.52847805788982,1107
0.2,0.8300000000000002,0.7333333333333333,0.553030303030303,0.4055555555555555,0.34686346863468637,26.52777777777778,55.3030303030303,1152
0.16,0.7500000000000001,0.7546296296296297,0.5371165644171779,0.4053240740740741,0.3720349563046192,30.9375,53.71165644171779,1060
0.18000000000000002,0.7800000000000001,0.750462962962963,0.5400987045033929,0.40532407407407406,0.3581575548859233,29.54861111111111,54.00987045033929,1078
0.13,0.65,0.7780092592592592,0.5206783695328772,0.4050925925925926,0.38768529076396807,35.520833333333336,52.06783695328772,959
0.14,0.68,0.7719907407407407,0.5247376311844077,0.40509259259259256,0.38254772107518503,34.166666666666664,52.47376311844077,985
0.15000000000000002,0.7100000000000001,0.7645833333333333,0.529821374508023,0.40509259259259256,0.37655560016057804,32.673611111111114,52.982137450802306,1017
0.22,0.8800000000000002,0.7159722222222222,0.565470417070805,0.4048611111111111,0.33727810650887574,23.40277777777778,56.5470417070805,1227
0.33,0.9500000000000003,0.6895833333333333,0.5871097683786506,0.4048611111111111,0.2652329749103943,16.770833333333332,58.71097683786506,1341
0.38,0.9700000000000003,0.6701388888888888,0.6041450777202072,0.40486111111111106,0.21828103683492495,12.777777777777777,60.41450777202072,1425
0.35000000000000003,0.9600000000000003,0.680787037037037,0.5943556613396804,0.4046296296296297,0.2435003170577045,15.104166666666666,59.435566133968045,1379
0.12,0.63,0.7787037037037037,0.5196195005945303,0.4046296296296296,0.3924812030075189,36.18055555555556,51.96195005945303,956
0.17,0.7700000000000001,0.7513888888888889,0.5385089340727048,0.4046296296296296,0.36309523809523814,30.138888888888886,53.85089340727048,1074
0.21000000000000002,0.8600000000000002,0.7236111111111111,0.5591810620601407,0.4046296296296296,0.3419293218720153,24.96527777777778,55.91810620601407,1194
0.13,0.66,0.7761574074074075,0.521025946913212,0.4043981481481482,0.38702290076335877,35.34722222222222,52.1025946913212,967
0.24000000000000002,0.9000000000000002,0.7083333333333334,0.5709150326797385,0.4043981481481482,0.3249357326478149,21.70138888888889,57.091503267973856,1260
0.27,0.9200000000000003,0.7025462962962963,0.5756177924217463,0.4043981481481481,0.3060344827586207,20.069444444444446,57.56177924217462,1285
0.19,0.8100000000000002,0.7384259259259259,0.5473354231974922,0.4041666666666667,0.35188509874326757,27.743055555555557,54.73354231974922,1130
0.3,0.9400000000000003,0.6921296296296297,0.5836120401337793,0.40393518518518523,0.2848937392303274,17.98611111111111,58.36120401337793,1330
0.23,0.8900000000000002,0.7111111111111111,0.5680338541666666,0.4039351851851852,0.3314861460957179,22.67361111111111,56.803385416666664,1248
0.2,0.8400000000000002,0.7289351851851852,0.5538266116227374,0.40370370370370373,0.34376459598318543,26.145833333333336,55.38266116227374,1171
0.28,0.9300000000000003,0.6960648148148149,0.5799800465580313,0.40370370370370373,0.29872293170460856,19.0625,57.99800465580313,1313
0.15000000000000002,0.7200000000000001,0.7601851851851852,0.5310596833130329,0.4037037037037037,0.3755068937550689,32.22222222222222,53.10596833130329,1036
0.15000000000000002,0.7300000000000001,0.7557870370370371,0.5335375191424196,0.4032407407407408,0.37709611451942743,31.631944444444443,53.35375191424197,1055
0.16,0.7600000000000001,0.7497685185185186,0.5378203149120099,0.40324074074074073,0.3691529709228824,30.520833333333336,53.78203149120099,1081
0.21000000000000002,0.8700000000000002,0.7180555555555556,0.5615731785944552,0.40324074074074073,0.3410852713178294,24.34027777777778,56.15731785944552,1218
0.37,0.9700000000000003,0.6673611111111111,0.6042317030870621,0.40324074074074073,0.21902806297056812,12.777777777777777,60.42317030870621,1437
0.12,0.64,0.774074074074074,0.5206339712918661,0.40300925925925923,0.39118875807064185,35.729166666666664,52.063397129186605,976
0.18000000000000002,0.7900000000000001,0.7444444444444445,0.5413557213930348,0.40300925925925923,0.355050284215129,28.993055555555557,54.13557213930348,1104
0.19,0.8200000000000002,0.7333333333333333,0.5495580808080808,0.4030092592592592,0.3516583371194911,27.152777777777775,54.955808080808076,1152
0.32,0.9500000000000003,0.6847222222222222,0.5882352941176471,0.4027777777777778,0.26714801444043323,16.770833333333332,58.82352941176471,1362
0.14,0.6900000000000001,0.7659722222222223,0.5255364158355998,0.4025462962962963,0.3794466403162055,33.645833333333336,52.55364158355999,1011
0.2,0.8500000000000002,0.7233796296296297,0.55648,0.4025462962962963,0.34375,25.48611111111111,55.647999999999996,1195
0.25,0.9100000000000003,0.7032407407407407,0.5724160631994734,0.4025462962962963,0.31667543398211473,20.9375,57.24160631994734,1282
0.17,0.7800000000000001,0.7449074074074075,0.5397762585456806,0.4020833333333334,0.359706009511457,29.54861111111111,53.97762585456805,1102
0.13,0.67,0.7708333333333334,0.5216216216216216,0.40208333333333335,0.384228836490143,34.89583333333333,52.16216216216216,990
0.11,0.6,0.7828703703703703,0.5136014192785334,0.4020833333333333,0.3945528156054472,37.604166666666664,51.36014192785334,938
0.12,0.65,0.7715277777777778,0.5208520852085209,0.4018518518518519,0.3897592663354986,35.520833333333336,52.08520852085209,987
0.22,0.8900000000000002,0.7081018518518518,0.5675057208237986,0.4018518518518518,0.33215547703180215,22.67361111111111,56.75057208237986,1261
0.26,0.9200000000000003,0.6979166666666666,0.5754560530679934,0.4016203703703704,0.3073593073593074,20.069444444444446,57.54560530679934,1305
0.29000000000000004,0.9400000000000003,0.687962962962963,0.5837819650067295,0.4016203703703704,0.2862088863242932,17.98611111111111,58.37819650067295,1348
0.34,0.9600000000000003,0.6770833333333334,0.5931623931623932,0.4016203703703704,0.24396442185514614,15.104166666666666,59.31623931623932,1395
0.2,0.8600000000000002,0.71875,0.5584541062801932,0.40138888888888885,0.3430761859127935,24.96527777777778,55.84541062801932,1215
0.11,0.61,0.7789351851851852,0.5150074294205051,0.4011574074074074,0.39465875370919884,37.15277777777778,51.500742942050515,955
0.12,0.66,0.7696759259259259,0.521203007518797,0.4011574074074074,0.38910207214121256,35.34722222222222,52.1203007518797,995
0.15000000000000002,0.7400000000000001,0.7511574074074074,0.5340523882896764,0.4011574074074074,0.3741721854304636,31.25,53.40523882896764,1075
0.18000000000000002,0.8000000000000002,0.7381944444444445,0.5434305424898087,0.4011574074074074,0.35346358792184723,28.333333333333332,54.34305424898087,1131
0.24000000000000002,0.9100000000000003,0.6997685185185185,0.5729407872973867,0.40092592592592596,0.318013734812467,20.9375,57.29407872973867,1297
0.14,0.7000000000000001,0.7615740740740741,0.5264437689969604,0.4009259259259259,0.3777955271565495,33.229166666666664,52.64437689969604,1030
0.21000000000000002,0.8800000000000002,0.7094907407407407,0.5650897226753671,0.4009259259259259,0.3391175012394645,23.40277777777778,56.508972267536706,1255
0.23,0.9000000000000002,0.7016203703703704,0.5714285714285714,0.4009259259259259,0.32729155877783533,21.70138888888889,57.14285714285714,1289
0.27,0.9300000000000003,0.6923611111111111,0.5790705449682381,0.4009259259259259,0.29938786867000555,19.0625,57.907054496823804,1329
0.16,0.7700000000000001,0.7446759259259259,0.5380789555486478,0.40069444444444446,0.36495726495726494,30.138888888888886,53.807895554864785,1103
0.39,0.9800000000000003,0.6481481481481481,0.6182142857142857,0.40069444444444446,0.19563581640331074,9.86111111111111,61.82142857142857,1520
0.13,0.68,0.7645833333333333,0.5240690281562216,0.4006944444444444,0.38449490994518404,34.166666666666664,52.40690281562216,1017
0.36000000000000004,0.9700000000000003,0.6622685185185185,0.6050332051730164,0.4006944444444444,0.2206896551724138,12.777777777777777,60.50332051730164,1459
0.19,0.8300000000000002,0.7266203703703704,0.5511309334182861,0.400462962962963,0.34798704303563166,26.52777777777778,55.11309334182861,1181
0.11,0.62,0.7752314814814815,0.5162735144819349,0.40023148148148147,0.39461883408071746,36.736111111111114,51.627351448193494,971
0.31,0.9500000000000003,0.6805555555555556,0.5877551020408164,0.4000000000000001,0.26811594202898553,16.770833333333332,58.77551020408164,1380
0.14,0.7100000000000001,0.7569444444444444,0.5284403669724771,0.4,0.3782258064516129,32.673611111111114,52.84403669724771,1050
0.15000000000000002,0.7500000000000001,0.7479166666666667,0.5348189415041783,0.4,0.3729662077596997,30.9375,53.48189415041783,1089
0.2,0.8700000000000002,0.7131944444444445,0.560856864654333,0.4,0.3422459893048128,24.34027777777778,56.085686465433305,1239
0.18000000000000002,0.8100000000000002,0.7328703703703704,0.5454832596336071,0.3997685185185186,0.352676563202879,27.743055555555557,54.54832596336071,1154
0.17,0.7900000000000001,0.7388888888888889,0.5410401002506265,0.3997685185185185,0.35660957400087834,28.993055555555557,54.10401002506266,1128
0.12,0.67,0.7643518518518518,0.5218049666868565,0.39884259259259264,0.3863194714341236,34.89583333333333,52.18049666868565,1018
0.11,0.63,0.7701388888888889,0.5178839795611662,0.3988425925925926,0.3942598187311178,36.18055555555556,51.78839795611662,993
0.22,0.9000000000000002,0.6986111111111111,0.57090788601723,0.3988425925925926,0.32797093928386095,21.70138888888889,57.090788601723,1302
0.28,0.9400000000000003,0.6840277777777778,0.5830795262267343,0.3988425925925926,0.28703703703703703,17.98611111111111,58.30795262267343,1365
0.14,0.7200000000000001,0.7525462962962963,0.5296831744078745,0.39861111111111114,0.37718940936863543,32.22222222222222,52.96831744078745,1069
0.18000000000000002,0.8200000000000002,0.7277777777777777,0.5477099236641222,0.39861111111111114,0.35245901639344257,27.152777777777775,54.770992366412216,1176
0.19,0.8400000000000002,0.7222222222222222,0.551923076923077,0.39861111111111114,0.344892221180881,26.145833333333336,55.19230769230769,1200
0.25,0.9200000000000003,0.6935185185185185,0.5747663551401869,0.39861111111111114,0.30836047774158526,20.069444444444446,57.476635514018696,1324
0.13,0.6900000000000001,0.7585648148148149,0.5248703082087275,0.39814814814814814,0.3814064362336114,33.645833333333336,52.48703082087275,1043
0.14,0.7300000000000001,0.7481481481481481,0.5321782178217822,0.39814814814814814,0.37880032867707475,31.631944444444443,53.21782178217822,1088
0.16,0.7800000000000001,0.7381944444444445,0.5393540294763248,0.39814814814814814,0.36158192090395475,29.54861111111111,53.93540294763248,1131
0.26,0.9300000000000003,0.6877314814814814,0.578929653315382,0.39814814814814814,0.30072666294019007,19.0625,57.89296533153821,1349
0.3,0.9500000000000003,0.6780092592592593,0.5868897234551042,0.3979166666666667,0.26844014510278114,16.770833333333332,58.688972345510415,1391
0.38,0.9800000000000003,0.64375,0.6181229773462783,0.3979166666666667,0.19667170953101362,9.86111111111111,61.81229773462783,1539
0.15000000000000002,0.7600000000000001,0.7430555555555556,0.5355140186915888,0.39791666666666664,0.3700887198986058,30.520833333333336,53.55140186915888,1110
0.21000000000000002,0.8900000000000002,0.7016203703703704,0.5671395579016826,0.39791666666666664,0.33401015228426395,22.67361111111111,56.71395579016826,1289
0.33,0.9600000000000003,0.6715277777777777,0.5925542916235781,0.39791666666666664,0.24521072796934862,15.104166666666666,59.25542916235781,1419
0.17,0.8000000000000002,0.7326388888888888,0.543127962085308,0.3979166666666666,0.35504014272970563,28.333333333333332,54.3127962085308,1155
0.2,0.8800000000000002,0.7046296296296296,0.5643889618922471,0.3976851851851852,0.34029850746268653,23.40277777777778,56.43889618922471,1276
0.12,0.68,0.7581018518518519,0.5242748091603053,0.3974537037037037,0.3866141732283465,34.166666666666664,52.42748091603053,1045
0.19,0.8500000000000002,0.7166666666666667,0.5545865633074936,0.3974537037037037,0.34489311163895486,25.48611111111111,55.458656330749356,1224
0.23,0.9100000000000003,0.6930555555555555,0.5734802939211757,0.3974537037037037,0.3203831825439063,20.9375,57.348029392117574,1326
0.11,0.64,0.7655092592592593,0.5188993045055942,0.3972222222222222,0.3929797787104159,35.729166666666664,51.88993045055942,1013
0.35000000000000003,0.9700000000000003,0.6578703703703703,0.6038001407459536,0.3972222222222222,0.22130013831258646,12.777777777777777,60.38001407459536,1478
0.24000000000000002,0.9200000000000003,0.6900462962962963,0.575310298557531,0.39699074074074076,0.3097055616139586,20.069444444444446,57.531029855753104,1339
0.17,0.8100000000000002,0.7273148148148149,0.5451941438574157,0.39652777777777787,0.3542702214188884,27.743055555555557,54.51941438574157,1178
0.13,0.7000000000000001,0.7541666666666667,0.5257826887661142,0.3965277777777778,0.3797671617824167,33.229166666666664,52.578268876611425,1062
0.09999999999999999,0.6,0.7729166666666667,0.5127283617849656,0.39629629629629637,0.3971841422749166,37.604166666666664,51.27283617849656,981
0.37,0.9800000000000003,0.6409722222222223,0.6182737450343084,0.3962962962962963,0.1974183750949127,9.86111111111111,61.827374503430846,1551
0.19,0.8600000000000002,0.712037037037037,0.5565669700910273,0.39629629629629626,0.34423076923076923,24.96527777777778,55.65669700910273,1244
0.11,0.65,0.762962962962963,0.5191140776699029,0.3960648148148148,0.3915547024952015,35.520833333333336,51.911407766990294,1024
0.14,0.7400000000000001,0.7435185185185185,0.5326899128268991,0.3960648148148148,0.37588357588357585,31.25,53.26899128268992,1108
0.18000000000000002,0.8300000000000002,0.7210648148148148,0.5492776886035313,0.3960648148148148,0.3487940630797774,26.52777777777778,54.92776886035313,1205
0.27,0.9400000000000003,0.680324074074074,0.5821708063967336,0.39606481481481476,0.2877030162412993,17.98611111111111,58.217080639673355,1381
0.16,0.7900000000000001,0.732175925925926,0.5406259879860892,0.39583333333333337,0.35849889624724063,28.993055555555557,54.06259879860892,1157
0.32,0.9600000000000003,0.6666666666666666,0.59375,0.3958333333333333,0.24710424710424708,15.104166666666666,59.375,1440
0.29000000000000004,0.9500000000000003,0.6738425925925926,0.5870834764685675,0.39560185185185187,0.26974483596597815,16.770833333333332,58.70834764685675,1409
0.13,0.7100000000000001,0.749537037037037,0.5277949351451513,0.3956018518518518,0.38021888933927844,32.673611111111114,52.77949351451513,1082
0.17,0.8200000000000002,0.7222222222222222,0.5474358974358975,0.3953703703703704,0.3540713632204941,27.152777777777775,54.74358974358975,1200
0.09999999999999999,0.61,0.7689814814814815,0.5141481035520771,0.39537037037037037,0.39731142643764,37.15277777777778,51.414810355207706,998
0.15000000000000002,0.7700000000000001,0.7379629629629629,0.5357590966122961,0.39537037037037037,0.3658954584404456,30.138888888888886,53.575909661229616,1132
0.22,0.9100000000000003,0.6900462962962963,0.5729620932572962,0.39537037037037037,0.32106666666666667,20.9375,57.29620932572962,1339
0.11,0.66,0.7611111111111111,0.5194647201946472,0.3953703703703703,0.3909020817270624,35.34722222222222,51.94647201946472,1032
0.25,0.9300000000000003,0.6833333333333333,0.5782520325203252,0.3951388888888889,0.30173864273696016,19.0625,57.82520325203252,1368
0.14,0.7500000000000001,0.7402777777777778,0.533458411507192,0.39490740740740743,0.374685666387259,30.9375,53.345841150719195,1122
0.21000000000000002,0.9000000000000002,0.6921296296296297,0.5705685618729097,0.39490740740740743,0.32985386221294366,21.70138888888889,57.056856187290975,1330
0.12,0.6900000000000001,0.7520833333333333,0.5250846414281317,0.3949074074074074,0.38353975229724324,33.645833333333336,52.508464142813175,1071
0.19,0.8700000000000002,0.7064814814814815,0.5589777195281782,0.3949074074074074,0.3434146341463415,24.34027777777778,55.89777195281782,1268
0.2,0.8900000000000002,0.6967592592592593,0.5664451827242525,0.39467592592592593,0.33520122261844115,22.67361111111111,56.644518272425245,1310
0.09999999999999999,0.62,0.7652777777777777,0.515426497277677,0.39444444444444443,0.3972911963882619,36.736111111111114,51.542649727767696,1014
0.13,0.7200000000000001,0.7451388888888889,0.5290462876669774,0.394212962962963,0.3791973791973792,32.22222222222222,52.90462876669773,1101
0.18000000000000002,0.8400000000000002,0.7166666666666667,0.5500645994832042,0.394212962962963,0.3457022076092062,26.145833333333336,55.00645994832042,1224
0.34,0.9700000000000003,0.6541666666666667,0.602618542108988,0.394212962962963,0.22176022176022175,12.777777777777777,60.261854210898804,1494
0.16,0.8000000000000002,0.725925925925926,0.5427295918367347,0.39398148148148154,0.35695067264573993,28.333333333333332,54.27295918367348,1184
0.13,0.7300000000000001,0.7407407407407407,0.5315625,0.39375,0.3808343659644775,31.631944444444443,53.15625000000001,1120
0.36000000000000004,0.9800000000000003,0.6358796296296296,0.6192209683290862,0.39375,0.19908116385911176,9.86111111111111,61.92209683290862,1573
0.24000000000000002,0.9300000000000003,0.6798611111111111,0.5788219271365339,0.39351851851851855,0.3030985915492958,19.0625,57.88219271365339,1383
0.23,0.9200000000000003,0.6833333333333333,0.575880758807588,0.3935185185185185,0.3120879120879121,20.069444444444446,57.58807588075881,1368
0.12,0.7000000000000001,0.7476851851851852,0.5260061919504644,0.39328703703703705,0.3819136051675414,33.229166666666664,52.60061919504644,1090
0.26,0.9400000000000003,0.6756944444444445,0.5820486467968482,0.39328703703703705,0.289044289044289,17.98611111111111,58.20486467968482,1401
0.11,0.67,0.7557870370370371,0.5200612557427259,0.3930555555555556,0.38812963686060137,34.89583333333333,52.00612557427259,1055
0.09999999999999999,0.63,0.7601851851851852,0.5170523751522533,0.39305555555555555,0.396958174904943,36.18055555555556,51.705237515225335,1036
0.18000000000000002,0.8500000000000002,0.7111111111111111,0.552734375,0.39305555555555555,0.3457142857142857,25.48611111111111,55.2734375,1248
0.31,0.9600000000000003,0.6625,0.5932914046121593,0.39305555555555555,0.24806201550387594,15.104166666666666,59.329140461215935,1458
0.14,0.7600000000000001,0.7354166666666667,0.5341517154548316,0.39282407407407416,0.3718166383701188,30.520833333333336,53.41517154548316,1143
0.28,0.9500000000000003,0.6699074074074074,0.5863856254319282,0.3928240740740741,0.2705667276051188,16.770833333333332,58.63856254319282,1426
0.15000000000000002,0.7800000000000001,0.7314814814814815,0.5370253164556962,0.39282407407407405,0.3625272331154684,29.54861111111111,53.70253164556962,1160
0.17,0.8300000000000002,0.7155092592592592,0.5490132643157554,0.39282407407407405,0.3504193849021435,26.52777777777778,54.901326431575534,1229
0.16,0.8100000000000002,0.7206018518518519,0.544812078380983,0.3925925925925926,0.35620172648795995,27.743055555555557,54.4812078380983,1207
0.19,0.8800000000000002,0.6979166666666666,0.5625207296849087,0.39259259259259255,0.34148776834747874,23.40277777777778,56.25207296849087,1305
0.12,0.7100000000000001,0.7430555555555556,0.5280373831775701,0.3923611111111111,0.3823889115368936,32.673611111111114,52.80373831775701,1110
0.18000000000000002,0.8600000000000002,0.7064814814814815,0.5547182175622543,0.39189814814814816,0.34506024096385546,24.96527777777778,55.471821756225424,1268
0.2,0.9000000000000002,0.6872685185185186,0.5698888514651398,0.3916666666666667,0.33106338397066526,21.70138888888889,56.98888514651398,1351
0.13,0.7400000000000001,0.7361111111111112,0.5320754716981132,0.39166666666666666,0.37792642140468224,31.25,53.20754716981132,1140
0.11,0.68,0.749537037037037,0.5225447807288449,0.3916666666666666,0.38844936708860756,34.166666666666664,52.25447807288449,1082
0.09999999999999999,0.64,0.7555555555555555,0.5180759803921569,0.39143518518518516,0.3956972723780254,35.729166666666664,51.807598039215684,1056
0.16,0.8200000000000002,0.7155092592592592,0.5470721449369136,0.39143518518518516,0.35602575896964117,27.152777777777775,54.70721449369136,1229
0.21000000000000002,0.9100000000000003,0.6835648148148148,0.5726379952590586,0.39143518518518516,0.32296137339055797,20.9375,57.26379952590585,1367
0.22,0.9200000000000003,0.680324074074074,0.575365770670296,0.39143518518518516,0.3127753303964758,20.069444444444446,57.536577067029604,1381
0.17,0.8400000000000002,0.7111111111111111,0.5498046875,0.3909722222222222,0.3473336479471449,26.145833333333336,54.98046875,1248
0.3,0.9600000000000003,0.6599537037037037,0.592423710978604,0.3909722222222222,0.24838292367399742,15.104166666666666,59.2423710978604,1469
0.12,0.7200000000000001,0.7386574074074074,0.529301159511125,0.39097222222222217,0.38138385502471167,32.22222222222222,52.9301159511125,1129
0.13,0.7500000000000001,0.7328703703703704,0.532849020846494,0.3905092592592593,0.3767383059418457,30.9375,53.2849020846494,1154
0.15000000000000002,0.7900000000000001,0.725462962962963,0.5382897255903,0.3905092592592593,0.35945108455068614,28.993055555555557,53.82897255903,1186
0.18000000000000002,0.8700000000000002,0.700925925925926,0.5571334214002642,0.3905092592592593,0.3442542787286063,24.34027777777778,55.71334214002642,1292
0.12,0.7300000000000001,0.7342592592592593,0.5318411097099621,0.3905092592592592,0.38304943913585376,31.631944444444443,53.184110970996215,1148
0.33,0.9700000000000003,0.6486111111111111,0.6020699500356888,0.3905092592592592,0.2229965156794425,12.777777777777777,60.20699500356888,1518
0.35000000000000003,0.9800000000000003,0.6314814814814815,0.6180351906158358,0.39027777777777783,0.19969278033794163,9.86111111111111,61.80351906158358,1592
0.09,0.6,0.7631944444444444,0.5113739763421292,0.3902777777777778,0.39955273947074177,37.604166666666664,51.137397634212924,1023
0.14,0.7700000000000001,0.7303240740740741,0.5343898573692552,0.3902777777777778,0.36762806715454155,30.138888888888886,53.43898573692552,1165
0.25,0.9400000000000003,0.6712962962962963,0.5813793103448276,0.3902777777777778,0.2900584795321638,17.98611111111111,58.13793103448276,1420
0.09999999999999999,0.65,0.7530092592592592,0.5182908084844758,0.3902777777777777,0.39427908774642445,35.520833333333336,51.82908084844758,1067
0.27,0.9500000000000003,0.6662037037037037,0.5854760250173732,0.39004629629629634,0.2712278558338424,16.770833333333332,58.547602501737316,1442
0.23,0.9300000000000003,0.6731481481481482,0.5794360385144429,0.3900462962962963,0.3055082339579784,19.0625,57.943603851444294,1412
0.17,0.8500000000000002,0.7055555555555556,0.55249343832021,0.3898148148148149,0.3473684210526316,25.48611111111111,55.249343832021005,1272
0.09999999999999999,0.66,0.7511574074074074,0.5186440677966102,0.3895833333333334,0.3936335403726708,35.34722222222222,51.864406779661024,1075
0.19,0.8900000000000002,0.6900462962962963,0.5645756457564576,0.38958333333333334,0.33640081799591004,22.67361111111111,56.457564575645755,1339
0.09,0.61,0.7592592592592593,0.5128048780487805,0.3893518518518519,0.39969947407963935,37.15277777777778,51.28048780487805,1040
0.11,0.6900000000000001,0.7435185185185185,0.5233499377334994,0.38912037037037034,0.38538739462063426,33.645833333333336,52.334993773349936,1108
0.16,0.8300000000000002,0.7087962962962963,0.5486610058785107,0.38888888888888884,0.3523898781630741,26.52777777777778,54.86610058785107,1258
0.17,0.8600000000000002,0.700925925925926,0.5544914134742405,0.38865740740740745,0.34673123486682805,24.96527777777778,55.449141347424046,1292
0.24000000000000002,0.9400000000000003,0.6678240740740741,0.5819757365684576,0.38865740740740745,0.29142185663924797,17.98611111111111,58.197573656845755,1435
0.15000000000000002,0.8000000000000002,0.719212962962963,0.5403926617315739,0.3886574074074074,0.3579136690647482,28.333333333333332,54.03926617315739,1213
0.29000000000000004,0.9600000000000003,0.655787037037037,0.5926579597599717,0.38865740740740734,0.2496749024707412,15.104166666666666,59.26579597599717,1487
0.12,0.7400000000000001,0.7296296296296296,0.5323604060913706,0.38842592592592595,0.3801513877207738,31.25,53.236040609137056,1168
0.13,0.7600000000000001,0.7280092592592593,0.5335453100158982,0.38842592592592595,0.37387964148527525,30.520833333333336,53.35453100158982,1175
0.32,0.9700000000000003,0.64375,0.6033800791082344,0.38842592592592595,0.22487702037947999,12.777777777777777,60.33800791082344,1539
0.09,0.62,0.7555555555555555,0.5140931372549019,0.3884259259259259,0.39969719909159723,36.736111111111114,51.40931372549019,1056
0.2,0.9100000000000003,0.6787037037037037,0.5719645293315143,0.38819444444444445,0.32417878298330643,20.9375,57.196452933151434,1388
0.18000000000000002,0.8800000000000002,0.6923611111111111,0.5606820461384152,0.3881944444444444,0.34234234234234234,23.40277777777778,56.06820461384152,1329
0.22,0.9300000000000003,0.6701388888888888,0.5789291882556131,0.38796296296296295,0.3062037564029596,19.0625,57.89291882556131,1425
0.14,0.7800000000000001,0.7238425925925925,0.5356571794051807,0.38773148148148145,0.36427320490367776,29.54861111111111,53.56571794051806,1193
0.11,0.7000000000000001,0.7391203703703704,0.5242718446601942,0.3875,0.38377281947261666,33.229166666666664,52.42718446601942,1127
0.21000000000000002,0.9200000000000003,0.6738425925925926,0.5750601167983511,0.3875,0.3146814404432133,20.069444444444446,57.50601167983511,1409
0.09999999999999999,0.67,0.7458333333333333,0.5192427063935444,0.38726851851851857,0.39087691702713334,34.89583333333333,51.92427063935444,1098
0.12,0.7500000000000001,0.7263888888888889,0.5331421287444232,0.3872685185185185,0.37897414158541753,30.9375,53.314212874442326,1182
0.15000000000000002,0.8100000000000002,0.7138888888888889,0.5424773022049286,0.3872685185185185,0.35717539863325737,27.743055555555557,54.24773022049286,1236
0.17,0.8700000000000002,0.6953703703703704,0.5569241011984021,0.3872685185185185,0.34594594594594597,24.34027777777778,55.692410119840204,1316
0.26,0.9500000000000003,0.6615740740740741,0.5853743876836949,0.3872685185185185,0.2725598526703499,16.770833333333332,58.53743876836949,1462
0.34,0.9800000000000003,0.6277777777777778,0.6168879056047197,0.3872685185185185,0.20015396458814472,9.86111111111111,61.68879056047197,1608
0.09,0.63,0.750462962962963,0.5157310302282542,0.38703703703703707,0.39938791124713086,36.18055555555556,51.573103022825414,1078
0.16,0.8400000000000002,0.7043981481481482,0.5494577719355899,0.387037037037037,0.3493118177503559,26.145833333333336,54.94577719355899,1277
0.11,0.7100000000000001,0.7344907407407407,0.5263157894736842,0.38657407407407407,0.3842687423187218,32.673611111111114,52.63157894736842,1147
0.19,0.9000000000000002,0.6805555555555556,0.5680272108843537,0.38657407407407407,0.3322818086225027,21.70138888888889,56.80272108843537,1380
0.15000000000000002,0.8200000000000002,0.7087962962962963,0.5447419986936642,0.38611111111111107,0.35701107011070105,27.152777777777775,54.47419986936642,1258
0.09999999999999999,0.68,0.7395833333333334,0.5217527386541471,0.38587962962962963,0.3912350597609561,34.166666666666664,52.17527386541471,1125
0.13,0.7700000000000001,0.7229166666666667,0.5337816202369516,0.38587962962962963,0.3696969696969697,30.138888888888886,53.37816202369516,1197
0.16,0.8500000000000002,0.6988425925925926,0.5521695925803246,0.38587962962962963,0.34937439846005774,25.48611111111111,55.21695925803246,1301
0.28,0.9600000000000003,0.6518518518518519,0.5919744318181818,0.38587962962962963,0.25048923679060664,15.104166666666666,59.19744318181818,1504
0.31,0.9700000000000003,0.6395833333333333,0.6029677886355411,0.38564814814814813,0.22582921665490474,12.777777777777777,60.29677886355411,1557
0.09,0.64,0.7458333333333333,0.5167597765363129,0.3854166666666667,0.3981445689988404,35.729166666666664,51.675977653631286,1098
0.14,0.7900000000000001,0.7178240740740741,0.5369235730409545,0.3854166666666667,0.3612099644128114,28.993055555555557,53.69235730409545,1219
0.11,0.7200000000000001,0.7300925925925926,0.527584020291693,0.3851851851851852,0.3832781456953642,32.22222222222222,52.758402029169304,1166
0.12,0.7600000000000001,0.7215277777777778,0.5338466474173885,0.3851851851851852,0.3761270931730356,30.520833333333336,53.38466474173885,1203
0.18000000000000002,0.8900000000000002,0.6844907407407408,0.5627324991545485,0.3851851851851852,0.3372629420809841,22.67361111111111,56.27324991545485,1363
0.23,0.9400000000000003,0.6611111111111111,0.5826330532212886,0.3851851851851852,0.29383886255924174,17.98611111111111,58.26330532212886,1464
0.17,0.8800000000000002,0.6868055555555556,0.5604988203572633,0.38495370370370374,0.3440643863179074,23.40277777777778,56.04988203572633,1353
0.11,0.7300000000000001,0.7256944444444444,0.5301435406698565,0.38472222222222224,0.38496868475991647,31.631944444444443,53.014354066985646,1185
0.16,0.8600000000000002,0.694212962962963,0.5541847282427476,0.3847222222222222,0.3487579152459815,24.96527777777778,55.41847282427476,1321
0.2,0.9200000000000003,0.6689814814814815,0.5743944636678201,0.3842592592592593,0.31590656284760843,20.069444444444446,57.43944636678201,1430
0.09,0.65,0.743287037037037,0.5169729056368733,0.38425925925925924,0.39673278879813306,35.520833333333336,51.697290563687325,1109
0.25,0.9500000000000003,0.6571759259259259,0.5847129270870025,0.38425925925925924,0.27356746765249534,16.770833333333332,58.471292708700254,1481
0.08,0.6,0.7534722222222222,0.5096774193548387,0.38402777777777775,0.4017991004497751,37.604166666666664,50.967741935483865,1065
0.21000000000000002,0.9300000000000003,0.6636574074074074,0.5786536449250087,0.38402777777777775,0.30813287514318444,19.0625,57.86536449250087,1453
0.15000000000000002,0.8300000000000002,0.7020833333333333,0.5463237718430597,0.3835648148148148,0.3533834586466165,26.52777777777778,54.632377184305966,1287
0.3,0.9700000000000003,0.6370370370370371,0.6021075581395349,0.3835648148148148,0.2261484098939929,12.777777777777777,60.21075581395349,1568
0.33,0.9800000000000003,0.6222222222222222,0.6164434523809523,0.3835648148148148,0.2013942680092951,9.86111111111111,61.644345238095234,1632
0.09,0.66,0.7414351851851851,0.5173275054636278,0.38356481481481475,0.39609375,35.34722222222222,51.73275054636278,1117
0.14,0.8000000000000002,0.711574074074074,0.5390370852309694,0.38356481481481475,0.359692724807953,28.333333333333332,53.90370852309694,1246
0.13,0.7800000000000001,0.7164351851851852,0.5350565428109855,0.38333333333333336,0.36635843240863053,29.54861111111111,53.50565428109854,1225
0.09999999999999999,0.6900000000000001,0.7335648148148148,0.5225623224992111,0.3833333333333333,0.38819247877072377,33.645833333333336,52.25623224992111,1151
0.16,0.8700000000000002,0.6886574074074074,0.5566386554621848,0.3833333333333333,0.34799802273850716,24.34027777777778,55.66386554621848,1345
0.19,0.9100000000000003,0.6719907407407407,0.570099896658629,0.38310185185185186,0.3254054054054054,20.9375,57.0099896658629,1417
0.22,0.9400000000000003,0.6581018518518519,0.5821315511783327,0.38310185185185186,0.29453681710213775,17.98611111111111,58.21315511783327,1477
0.27,0.9600000000000003,0.6481481481481481,0.5910714285714286,0.38310185185185186,0.2511445389143231,15.104166666666666,59.10714285714286,1520
0.08,0.61,0.749537037037037,0.5111179740580605,0.3831018518518518,0.40196448809973556,37.15277777777778,51.111797405806044,1082
0.11,0.7400000000000001,0.7210648148148148,0.5306581059390049,0.3826388888888889,0.3820794590025359,31.25,53.06581059390049,1205
0.12,0.7700000000000001,0.7164351851851852,0.5340872374798061,0.3826388888888889,0.3719512195121951,30.138888888888886,53.408723747980616,1225
0.24000000000000002,0.9500000000000003,0.6537037037037037,0.5853399433427762,0.38263888888888886,0.274922600619195,16.770833333333332,58.533994334277615,1496
0.18000000000000002,0.9000000000000002,0.675,0.5661865569272977,0.382175925925926,0.3331576172904586,21.70138888888889,56.61865569272977,1404
0.08,0.62,0.7458333333333333,0.5124146492861577,0.3821759259259259,0.40197944423296533,36.736111111111114,51.24146492861576,1098
0.14,0.8100000000000002,0.70625,0.5411340544083907,0.3821759259259259,0.358974358974359,27.743055555555557,54.11340544083907,1269
0.17,0.8900000000000002,0.6789351851851851,0.5625639277190589,0.38194444444444436,0.33900051519835134,22.67361111111111,56.256392771905894,1387
0.09999999999999999,0.7000000000000001,0.7291666666666666,0.5234920634920635,0.3817129629629629,0.386595831630568,33.229166666666664,52.34920634920635,1170
0.15000000000000002,0.8400000000000002,0.6976851851851852,0.5471134704711347,0.3817129629629629,0.35030937648738697,26.145833333333336,54.71134704711347,1306
0.32,0.9800000000000003,0.6173611111111111,0.6179227596550432,0.38148148148148153,0.20328381548084443,9.86111111111111,61.79227596550432,1653
0.11,0.7500000000000001,0.7178240740740741,0.5314414704933892,0.3814814814814815,0.38091180230080957,30.9375,53.14414704933892,1219
0.09,0.67,0.7361111111111112,0.5179245283018868,0.3812500000000001,0.3933518005540166,34.89583333333333,51.79245283018869,1140
0.29000000000000004,0.9700000000000003,0.6328703703703704,0.6024140453547915,0.38125000000000003,0.22743425728500355,12.777777777777777,60.24140453547915,1586
0.13,0.7900000000000001,0.7104166666666667,0.5363310524600847,0.38101851851851853,0.36331096196868007,28.993055555555557,53.63310524600847,1251
0.16,0.8800000000000002,0.6800925925925926,0.5602450646698435,0.38101851851851853,0.34615384615384615,23.40277777777778,56.02450646698435,1382
0.14,0.8200000000000002,0.7011574074074074,0.5434136678771871,0.3810185185185185,0.3588317107093185,27.152777777777775,54.34136678771871,1291
0.09999999999999999,0.7100000000000001,0.7245370370370371,0.5255591054313099,0.3807870370370371,0.38712340074288076,32.673611111111114,52.55591054313099,1190
0.2,0.9300000000000003,0.6587962962962963,0.5780042164441321,0.3807870370370371,0.3093732029902243,19.0625,57.80042164441321,1474
0.08,0.63,0.7407407407407407,0.5140625,0.380787037037037,0.40169295883031936,36.18055555555556,51.40625,1120
0.15000000000000002,0.8500000000000002,0.6921296296296297,0.5498327759197325,0.3805555555555556,0.3503861003861004,25.48611111111111,54.98327759197325,1330
0.26,0.9600000000000003,0.6435185185185185,0.5910071942446044,0.3803240740740741,0.252465483234714,15.104166666666666,59.100719424460436,1540
0.12,0.7800000000000001,0.7099537037037037,0.5353765895011412,0.3800925925925926,0.3686309260079752,29.54861111111111,53.53765895011412,1253
0.09,0.68,0.7298611111111111,0.5204567078972407,0.3798611111111111,0.3937449879711307,34.166666666666664,52.04567078972408,1167
0.09999999999999999,0.7200000000000001,0.7201388888888889,0.5268402442944391,0.37939814814814815,0.38615512927439527,32.22222222222222,52.68402442944391,1209
0.11,0.7600000000000001,0.7129629629629629,0.5321428571428571,0.3793981481481481,0.3780750971083297,30.520833333333336,53.214285714285715,1240
0.15000000000000002,0.8600000000000002,0.6875,0.5518518518518518,0.3793981481481481,0.3497801660967269,24.96527777777778,55.18518518518518,1350
0.08,0.64,0.7361111111111112,0.5150943396226415,0.3791666666666667,0.4004665629860031,35.729166666666664,51.509433962264154,1140
0.13,0.8000000000000002,0.7041666666666667,0.5384615384615384,0.37916666666666665,0.3618181818181818,28.333333333333332,53.84615384615385,1278
0.19,0.9200000000000003,0.6622685185185185,0.5725270884306186,0.37916666666666665,0.31714126186487995,20.069444444444446,57.25270884306186,1459
0.21000000000000002,0.9400000000000003,0.6516203703703703,0.5818827708703375,0.37916666666666665,0.2964734010759115,17.98611111111111,58.18827708703375,1505
0.23,0.9500000000000003,0.6469907407407407,0.586046511627907,0.37916666666666665,0.2773266708307308,16.770833333333332,58.6046511627907,1525
0.09999999999999999,0.7300000000000001,0.7157407407407408,0.529430789133247,0.37893518518518515,0.38788388725283973,31.631944444444443,52.943078913324705,1228
0.17,0.9000000000000002,0.6694444444444444,0.5660442600276625,0.37893518518518515,0.33492315845257026,21.70138888888889,56.60442600276625,1428
0.31,0.9800000000000003,0.6131944444444445,0.61759154397886,0.3787037037037037,0.204241948153967,9.86111111111111,61.75915439788599,1671
0.18000000000000002,0.9100000000000003,0.6664351851851852,0.5682528655783258,0.37870370370370365,0.3262872628726287,20.9375,56.82528655783258,1441
0.14,0.8300000000000002,0.6944444444444444,0.545,0.3784722222222222,0.3552196504487482,26.52777777777778,54.50000000000001,1320
0.28,0.9700000000000003,0.6289351851851852,0.6017666543982333,0.3784722222222222,0.22824536376604848,12.777777777777777,60.17666543982333,1603
0.15000000000000002,0.8700000000000002,0.6819444444444445,0.5543109300746776,0.3780092592592593,0.3490332176499752,24.34027777777778,55.43109300746776,1374
0.08,0.65,0.7335648148148148,0.5153045124644998,0.37800925925925927,0.39906103286384975,35.520833333333336,51.530451246449985,1151
0.16,0.8900000000000002,0.6722222222222223,0.5623278236914601,0.37800925925925927,0.34110938310005184,22.67361111111111,56.23278236914601,1416
0.12,0.7900000000000001,0.7039351851851852,0.5366655705360079,0.3777777777777778,0.36560108059432683,28.993055555555557,53.6665570536008,1279
0.13,0.8100000000000002,0.6988425925925926,0.5405763497846969,0.3777777777777778,0.3611239060340857,27.743055555555557,54.05763497846969,1301
0.25,0.9600000000000003,0.6391203703703704,0.5903658094893155,0.3773148148148148,0.25346534653465347,15.104166666666666,59.03658094893155,1559
0.08,0.66,0.731712962962963,0.5156596013919645,0.37731481481481477,0.3984282907662082,35.34722222222222,51.565960139196456,1159
0.09,0.6900000000000001,0.7238425925925925,0.5212663895107131,0.37731481481481477,0.3907203907203907,33.645833333333336,52.126638951071314,1193
0.22,0.9500000000000003,0.6439814814814815,0.585549964054637,0.3770833333333334,0.27802128991859737,16.770833333333332,58.5549964054637,1538
0.11,0.7700000000000001,0.7078703703703704,0.5323741007194245,0.3768518518518519,0.37390542907180385,30.138888888888886,53.23741007194245,1262
0.06999999999999999,0.6,0.7421296296296296,0.5077978789769183,0.3768518518518518,0.4045283018867925,37.604166666666664,50.77978789769183,1114
0.09999999999999999,0.7400000000000001,0.7111111111111111,0.5299479166666666,0.3768518518518518,0.3850085178875639,31.25,52.994791666666664,1248
0.3,0.9800000000000003,0.6106481481481482,0.6167551175132676,0.3766203703703704,0.20456333595594023,9.86111111111111,61.67551175132676,1682
0.13,0.8200000000000002,0.69375,0.5428762095428762,0.3766203703703703,0.3610074626865672,27.152777777777775,54.28762095428762,1323
0.14,0.8400000000000002,0.6900462962962963,0.545790003354579,0.3766203703703703,0.35215311004784694,26.145833333333336,54.57900033545789,1339
0.06999999999999999,0.61,0.7381944444444445,0.5092505487613672,0.37592592592592594,0.404716622289844,37.15277777777778,50.92505487613672,1131
0.12,0.8000000000000002,0.6976851851851852,0.5388188453881885,0.37592592592592594,0.36413540713632203,28.333333333333332,53.881884538818845,1306
0.2,0.9400000000000003,0.6467592592592593,0.5812455261274159,0.3759259259259259,0.29771908763505395,17.98611111111111,58.12455261274159,1526
0.24000000000000002,0.9600000000000003,0.6356481481481482,0.5910415149308085,0.3756944444444445,0.2548108825481088,15.104166666666666,59.10415149308085,1574
0.09,0.7000000000000001,0.7194444444444444,0.5222007722007722,0.37569444444444444,0.3891402714932126,33.229166666666664,52.22007722007722,1212
0.09999999999999999,0.7500000000000001,0.7078703703703704,0.5307390451275343,0.37569444444444444,0.38385573207385143,30.9375,53.07390451275344,1262
0.15000000000000002,0.8800000000000002,0.6733796296296296,0.5579236851151599,0.37569444444444444,0.3472081218274111,23.40277777777778,55.79236851151599,1411
0.19,0.9300000000000003,0.6520833333333333,0.5761448349307774,0.37569444444444444,0.31062355658198615,19.0625,57.61448349307774,1503
0.27,0.9700000000000003,0.6252314814814814,0.6008885597926694,0.37569444444444444,0.22889842632331903,12.777777777777777,60.08885597926694,1619
0.14,0.8500000000000002,0.6844907407407408,0.5485289144403112,0.375462962962963,0.3522561863173217,25.48611111111111,54.852891444031115,1363
0.17,0.9100000000000003,0.6608796296296297,0.5681260945709282,0.375462962962963,0.32806539509536786,20.9375,56.81260945709282,1465
0.16,0.9000000000000002,0.6627314814814815,0.5658400279427175,0.37500000000000006,0.3370666666666666,21.70138888888889,56.58400279427175,1457
0.06999999999999999,0.62,0.7344907407407407,0.510557831705011,0.375,0.40475277884246835,36.736111111111114,51.0557831705011,1147
0.08,0.67,0.7263888888888889,0.5162523900573613,0.37499999999999994,0.39570063694267515,34.89583333333333,51.625239005736134,1182
0.18000000000000002,0.9200000000000003,0.656712962962963,0.5706732463870285,0.37476851851851856,0.3180291153415454,20.069444444444446,57.06732463870286,1483
0.09,0.7100000000000001,0.7148148148148148,0.5242875647668394,0.3747685185185185,0.3896967179061072,32.673611111111114,52.42875647668394,1232
0.12,0.8100000000000002,0.6923611111111111,0.5409562019391508,0.37453703703703706,0.363467779323134,27.743055555555557,54.09562019391508,1329
0.11,0.7800000000000001,0.7013888888888888,0.5336633663366337,0.37430555555555556,0.3706013363028953,29.54861111111111,53.366336633663366,1290
0.14,0.8600000000000002,0.6798611111111111,0.550561797752809,0.37430555555555556,0.35166994106090377,24.96527777777778,55.0561797752809,1383
0.29000000000000004,0.9800000000000003,0.6064814814814815,0.617175572519084,0.37430555555555556,0.2058590657165479,9.86111111111111,61.717557251908396,1700
0.13,0.8300000000000002,0.687037037037037,0.5444743935309974,0.3740740740740741,0.35741444866920147,26.52777777777778,54.44743935309974,1352
0.06999999999999999,0.63,0.7293981481481482,0.512218343383053,0.37361111111111117,0.4044943820224719,36.18055555555556,51.22183433830531,1169
0.08,0.68,0.7201388888888889,0.5188042430086789,0.3736111111111111,0.3961274707543364,34.166666666666664,51.88042430086789,1209
0.09999999999999999,0.7600000000000001,0.7030092592592593,0.5314455054329931,0.3736111111111111,0.38103523270987383,30.520833333333336,53.14455054329931,1283
0.09,0.7200000000000001,0.7104166666666667,0.5255783642880417,0.3733796296296297,0.38874895046179686,32.22222222222222,52.55783642880417,1251
0.12,0.8200000000000002,0.6872685185185186,0.5432805658470866,0.3733796296296297,0.3633802816901408,27.152777777777775,54.32805658470866,1351
0.21000000000000002,0.9500000000000003,0.6375,0.5853304284676834,0.3731481481481481,0.27994955863808324,16.770833333333332,58.53304284676833,1566
0.09,0.7300000000000001,0.7060185185185185,0.5281967213114754,0.3729166666666667,0.3905124947056332,31.631944444444443,52.81967213114754,1270
0.14,0.8700000000000002,0.6743055555555556,0.553038105046344,0.3729166666666667,0.3509471585244267,24.34027777777778,55.3038105046344,1407
0.26,0.9700000000000003,0.6206018518518519,0.6008951883625513,0.3729166666666667,0.23021582733812948,12.777777777777777,60.08951883625513,1639
0.15000000000000002,0.8900000000000002,0.6655092592592593,0.56,0.37268518518518523,0.34217368694747785,22.67361111111111,56.00000000000001,1445
0.13,0.8400000000000002,0.6826388888888889,0.5452695829094608,0.37222222222222223,0.35435724602792484,26.145833333333336,54.526958290946084,1371
0.23,0.9600000000000003,0.6289351851851852,0.5918292234081708,0.37222222222222223,0.2572002679169457,15.104166666666666,59.18292234081708,1603
0.06999999999999999,0.64,0.7247685185185185,0.5132545512615778,0.3719907407407408,0.4032889584964761,35.729166666666664,51.325455126157784,1189
0.11,0.7900000000000001,0.6953703703703704,0.534953395472703,0.37199074074074073,0.36758714350384786,28.993055555555557,53.495339547270305,1316
0.17,0.9200000000000003,0.6511574074074075,0.5705652328474938,0.37152777777777785,0.3198198198198199,20.069444444444446,57.05652328474938,1507
0.16,0.9100000000000003,0.6541666666666667,0.5679405520169851,0.3715277777777778,0.33022490400438836,20.9375,56.79405520169851,1494
0.28,0.9800000000000003,0.6025462962962963,0.6165962351133307,0.37152777777777773,0.2066772655007949,9.86111111111111,61.65962351133307,1717
0.18000000000000002,0.9300000000000003,0.6465277777777778,0.5742928750447548,0.37129629629629635,0.3115228720324261,19.0625,57.42928750447548,1527
0.13,0.8500000000000002,0.6770833333333334,0.548034188034188,0.37106481481481485,0.3544921875,25.48611111111111,54.8034188034188,1395
0.08,0.6900000000000001,0.7141203703703703,0.519611021069692,0.3710648148148148,0.3931203931203931,33.645833333333336,51.96110210696921,1235
0.09999999999999999,0.7700000000000001,0.6979166666666666,0.5316749585406302,0.3710648148148148,0.37687555163283315,30.138888888888886,53.16749585406302,1305
0.09,0.7400000000000001,0.7013888888888888,0.5287128712871287,0.37083333333333335,0.3876500857632933,31.25,52.87128712871287,1290
0.12,0.8300000000000002,0.6805555555555556,0.5448979591836735,0.37083333333333335,0.35980861244019136,26.52777777777778,54.48979591836734,1380
0.19,0.9400000000000003,0.6400462962962963,0.5793851717902351,0.37083333333333335,0.29897528631705844,17.98611111111111,57.938517179023506,1555
0.06999999999999999,0.65,0.7222222222222222,0.5134615384615384,0.3708333333333333,0.4018912529550827,35.520833333333336,51.34615384615384,1200
0.14,0.8800000000000002,0.6657407407407407,0.5566759388038943,0.37060185185185185,0.34915773353751917,23.40277777777778,55.66759388038943,1444
0.060000000000000005,0.6,0.7300925925925926,0.5069752694990488,0.3701388888888889,0.4080700418728588,37.604166666666664,50.69752694990488,1166
0.06999999999999999,0.66,0.7203703703703703,0.5138174807197944,0.3701388888888889,0.4012663237039969,35.34722222222222,51.38174807197944,1208
0.11,0.8000000000000002,0.6891203703703703,0.537117903930131,0.3701388888888889,0.36614535418583255,28.333333333333332,53.7117903930131,1343
0.22,0.9600000000000003,0.6259259259259259,0.5913461538461539,0.37013888888888885,0.25789120214909333,15.104166666666666,59.13461538461539,1616
0.13,0.8600000000000002,0.6724537037037037,0.5500860585197934,0.3699074074074074,0.3539298072170044,24.96527777777778,55.00860585197934,1415
0.2,0.9500000000000003,0.6326388888888889,0.5847054518843762,0.3699074074074074,0.28119062697910074,16.770833333333332,58.47054518843762,1587
0.25,0.9700000000000003,0.6162037037037037,0.6003005259203607,0.3699074074074074,0.23121387283236994,12.777777777777777,60.030052592036064,1658
0.09,0.7500000000000001,0.6981481481481482,0.5295092838196287,0.36967592592592596,0.38651102464332043,30.9375,52.95092838196287,1304
0.15000000000000002,0.9000000000000002,0.6560185185185186,0.563514467184192,0.36967592592592596,0.33814874264312467,21.70138888888889,56.3514467184192,1486
0.08,0.7000000000000001,0.7097222222222223,0.5205479452054794,0.36944444444444446,0.39155629139072845,33.229166666666664,52.054794520547944,1254
0.060000000000000005,0.61,0.7261574074074074,0.5084475613643609,0.36921296296296297,0.40828856485034537,37.15277777777778,50.84475613643609,1183
0.12,0.8400000000000002,0.6761574074074074,0.5457035261896611,0.36898148148148147,0.35676199709161416,26.145833333333336,54.57035261896611,1399
0.11,0.8100000000000002,0.6837962962962963,0.539268788083954,0.36875,0.3655011655011655,27.743055555555557,53.926878808395394,1366
0.27,0.9800000000000003,0.5988425925925925,0.615771163509857,0.36874999999999997,0.2073365231259968,9.86111111111111,61.5771163509857,1733
0.09999999999999999,0.7800000000000001,0.6914351851851852,0.5329762303314363,0.3685185185185186,0.3735967669510552,29.54861111111111,53.29762303314362,1333
0.13,0.8700000000000002,0.6668981481481482,0.5525859076709476,0.3685185185185186,0.35323632714500747,24.34027777777778,55.25859076709476,1439
0.08,0.7100000000000001,0.7050925925925926,0.5226526592252134,0.3685185185185185,0.39214046822742477,32.673611111111114,52.265265922521344,1274
0.060000000000000005,0.62,0.7224537037037037,0.5097725088112784,0.368287037037037,0.40835266821345706,36.736111111111114,50.977250881127844,1199
0.24000000000000002,0.9700000000000003,0.6127314814814815,0.601057801284473,0.368287037037037,0.23255813953488372,12.777777777777777,60.10578012844729,1673
0.17,0.9300000000000003,0.6409722222222223,0.5742145178764897,0.3680555555555556,0.3133372160745487,19.0625,57.42145178764897,1551
0.06999999999999999,0.67,0.7150462962962963,0.5144059566202654,0.3678240740740741,0.39855653568564553,34.89583333333333,51.440595662026546,1231
0.12,0.8500000000000002,0.6706018518518518,0.5484984466689679,0.367824074074074,0.35693215339233036,25.48611111111111,54.849844666896786,1423
0.09,0.7600000000000001,0.6932870370370371,0.5302170283806343,0.3675925925925926,0.38370565045992117,30.520833333333336,53.02170283806343,1325
0.11,0.8200000000000002,0.6787037037037037,0.5416098226466576,0.3675925925925926,0.3654390934844193,27.152777777777775,54.160982264665755,1388
0.14,0.8900000000000002,0.6578703703703703,0.5587614356087263,0.3675925925925926,0.344142259414226,22.67361111111111,55.87614356087263,1478
0.16,0.9200000000000003,0.6444444444444445,0.5704022988505747,0.3675925925925926,0.3219954648526077,20.069444444444446,57.04022988505747,1536
0.08,0.7200000000000001,0.7006944444444444,0.5239511067063098,0.3671296296296296,0.39121250528094637,32.22222222222222,52.395110670630984,1293
0.060000000000000005,0.63,0.7173611111111111,0.5114553081639238,0.36689814814814814,0.4081313526192338,36.18055555555556,51.14553081639238,1221
0.08,0.7300000000000001,0.6962962962962963,0.526595744680851,0.36666666666666664,0.39300937766410915,31.631944444444443,52.659574468085104,1312
0.12,0.8600000000000002,0.6659722222222222,0.5505735140771637,0.36666666666666664,0.35639621702339475,24.96527777777778,55.05735140771637,1443
0.06999999999999999,0.68,0.7087962962962963,0.5169823644676682,0.3664351851851852,0.3990247866720845,34.166666666666664,51.69823644676682,1258
0.18000000000000002,0.9400000000000003,0.6344907407407407,0.5775264502006567,0.3664351851851852,0.2998790810157195,17.98611111111111,57.75264502006567,1579
0.13,0.8800000000000002,0.6583333333333333,0.5562587904360057,0.36620370370370375,0.35149023638232274,23.40277777777778,55.62587904360057,1476
0.09999999999999999,0.7900000000000001,0.6854166666666667,0.5342789598108747,0.3662037037037037,0.3706070287539936,28.993055555555557,53.42789598108747,1359
0.15000000000000002,0.9100000000000003,0.6474537037037037,0.5656060064354665,0.3662037037037037,0.3313153549807375,20.9375,56.56060064354666,1523
0.21000000000000002,0.9600000000000003,0.6194444444444445,0.5911808669656203,0.3662037037037037,0.2598105548037889,15.104166666666666,59.11808669656203,1644
0.26,0.9800000000000003,0.594212962962963,0.6158940397350994,0.36597222222222225,0.2086677367576244,9.86111111111111,61.58940397350994,1753
0.060000000000000005,0.64,0.7127314814814815,0.5125040597596622,0.36527777777777776,0.4069537732121691,35.729166666666664,51.25040597596622,1241
0.12,0.8700000000000002,0.6604166666666667,0.5531019978969506,0.36527777777777776,0.35573521980798384,24.34027777777778,55.310199789695055,1467
0.11,0.8300000000000002,0.6719907407407407,0.5432311401997933,0.3650462962962963,0.36188642925890285,26.52777777777778,54.323114019979336,1417
0.09,0.7700000000000001,0.6881944444444444,0.5304406323578876,0.36504629629629626,0.37955555555555553,30.138888888888886,53.04406323578876,1347
0.23,0.9700000000000003,0.6060185185185185,0.6019862490450726,0.3648148148148148,0.23494860499265788,12.777777777777777,60.198624904507255,1702
0.19,0.9500000000000003,0.6259259259259259,0.5828402366863905,0.36481481481481476,0.2824427480916031,16.770833333333332,58.28402366863905,1616
0.08,0.7400000000000001,0.6916666666666667,0.5271084337349398,0.3645833333333333,0.3901596892533448,31.25,52.71084337349398,1332
0.14,0.9000000000000002,0.6483796296296296,0.5622991788646912,0.3645833333333333,0.3401506996770722,21.70138888888889,56.22991788646912,1519
0.09999999999999999,0.8000000000000002,0.6791666666666667,0.5364689843217451,0.36435185185185187,0.36920222634508343,28.333333333333332,53.6468984321745,1386
0.16,0.9300000000000003,0.6342592592592593,0.5740875912408759,0.3641203703703704,0.3155425219941349,19.0625,57.408759124087595,1580
0.060000000000000005,0.65,0.7101851851851851,0.5127118644067796,0.3641203703703703,0.4055666003976143,35.520833333333336,51.271186440677965,1252
0.06999999999999999,0.6900000000000001,0.7027777777777777,0.5177865612648221,0.3638888888888889,0.39603960396039606,33.645833333333336,51.77865612648221,1284
0.060000000000000005,0.66,0.7083333333333334,0.5130718954248366,0.36342592592592593,0.4049520766773163,35.34722222222222,51.307189542483655,1260
0.08,0.7500000000000001,0.6884259259259259,0.5279085406859448,0.3634259259259259,0.3890339425587468,30.9375,52.790854068594484,1346
0.17,0.9400000000000003,0.6289351851851852,0.5774751564225249,0.3631944444444445,0.30170316301703165,17.98611111111111,57.74751564225249,1603
0.11,0.8400000000000002,0.6675925925925926,0.5440360610263523,0.36319444444444443,0.3588493417844954,26.145833333333336,54.40360610263523,1436
0.13,0.8900000000000002,0.6504629629629629,0.5583629893238434,0.36319444444444443,0.3464981569246972,22.67361111111111,55.836298932384345,1510
0.09999999999999999,0.8100000000000002,0.6738425925925926,0.5386465132256957,0.362962962962963,0.36859426422190883,27.743055555555557,53.86465132256957,1409
0.2,0.9600000000000003,0.6145833333333334,0.5905838041431262,0.362962962962963,0.2610469068660775,15.104166666666666,59.058380414312616,1665
0.25,0.9800000000000003,0.5898148148148148,0.6153846153846154,0.362962962962963,0.2096774193548387,9.86111111111111,61.53846153846154,1772
0.12,0.8800000000000002,0.6518518518518519,0.5568181818181818,0.36296296296296293,0.35403726708074534,23.40277777777778,55.68181818181818,1504
0.22,0.9700000000000003,0.6030092592592593,0.601535508637236,0.3627314814814815,0.23564064801178203,12.777777777777777,60.1535508637236,1715
0.09,0.7800000000000001,0.6817129629629629,0.531748726655348,0.36249999999999993,0.37630031659882407,29.54861111111111,53.1748726655348,1375
0.06999999999999999,0.7000000000000001,0.6983796296296296,0.5187272124627113,0.3622685185185185,0.39449541284403666,33.229166666666664,51.87272124627113,1303
0.15000000000000002,0.9200000000000003,0.6377314814814815,0.5680580762250453,0.3622685185185185,0.32309442548350403,20.069444444444446,56.80580762250453,1565
0.11,0.8500000000000002,0.6620370370370371,0.5468531468531469,0.3620370370370371,0.35905044510385753,25.48611111111111,54.68531468531469,1460
0.09999999999999999,0.8200000000000002,0.66875,0.5410176531671859,0.36180555555555555,0.36857142857142855,27.152777777777775,54.101765316718584,1431
0.06999999999999999,0.7100000000000001,0.69375,0.5208541875208542,0.3613425925925926,0.3951137320977253,32.673611111111114,52.085418752085424,1323
0.08,0.7600000000000001,0.6835648148148148,0.5286149678293262,0.3613425925925926,0.3862433862433862,30.520833333333336,52.86149678293262,1367
0.24000000000000002,0.9800000000000003,0.5863425925925926,0.616265298065535,0.3613425925925926,0.21103896103896105,9.86111111111111,61.6265298065535,1787
0.060000000000000005,0.67,0.7030092592592593,0.5136648007902536,0.36111111111111116,0.40226628895184136,34.89583333333333,51.36648007902536,1283
0.14,0.9100000000000003,0.6398148148148148,0.5643994211287988,0.3611111111111111,0.33333333333333326,20.9375,56.43994211287988,1556
0.11,0.8600000000000002,0.6574074074074074,0.548943661971831,0.36087962962962966,0.3585378067100651,24.96527777777778,54.894366197183096,1480
0.18000000000000002,0.9500000000000003,0.6203703703703703,0.5809701492537314,0.36041666666666666,0.2833439693682195,16.770833333333332,58.09701492537314,1640
0.09,0.7900000000000001,0.6756944444444445,0.5330592668722165,0.3601851851851852,0.37333333333333335,28.993055555555557,53.30592668722165,1401
0.13,0.9000000000000002,0.6409722222222223,0.5619357168652943,0.3601851851851852,0.34254742547425476,21.70138888888889,56.19357168652943,1551
0.06999999999999999,0.7200000000000001,0.6893518518518519,0.5221625251846878,0.3599537037037038,0.39421030225627934,32.22222222222222,52.21625251846878,1342
0.12,0.8900000000000002,0.6439814814814815,0.5589503953989935,0.35995370370370366,0.34907161803713527,22.67361111111111,55.89503953989935,1538
0.05,0.6,0.7150462962962963,0.503075428941405,0.3597222222222223,0.4112006137322593,37.604166666666664,50.3075428941405,1231
0.060000000000000005,0.68,0.6967592592592593,0.5162790697674419,0.3597222222222222,0.4027891714520099,34.166666666666664,51.627906976744185,1310
0.11,0.8700000000000002,0.6518518518518519,0.5514914772727273,0.3594907407407408,0.3579054397559736,24.34027777777778,55.14914772727273,1504
0.06999999999999999,0.7300000000000001,0.6849537037037037,0.5248394727948631,0.3594907407407407,0.3960481099656358,31.631944444444443,52.48394727948631,1361
0.09999999999999999,0.8300000000000002,0.6620370370370371,0.5426573426573427,0.3592592592592593,0.36504854368932044,26.52777777777778,54.26573426573427,1460
0.16,0.9400000000000003,0.6222222222222222,0.5773809523809523,0.3592592592592592,0.30392156862745096,17.98611111111111,57.738095238095234,1632
0.08,0.7700000000000001,0.6784722222222223,0.5288297509382464,0.35879629629629634,0.38210290827740495,30.138888888888886,52.88297509382463,1389
0.15000000000000002,0.9300000000000003,0.6275462962962963,0.5717447436370343,0.35879629629629634,0.316656856974691,19.0625,57.17447436370343,1609
0.05,0.61,0.7111111111111111,0.5045572916666666,0.3587962962962963,0.411446249033256,37.15277777777778,50.455729166666664,1248
0.21000000000000002,0.9700000000000003,0.5965277777777778,0.6014745828482732,0.3587962962962963,0.23756495916852263,12.777777777777777,60.147458284827316,1743
0.09,0.8000000000000002,0.6694444444444444,0.5352697095435685,0.3583333333333333,0.3719626168224299,28.333333333333332,53.52697095435685,1428
0.19,0.9600000000000003,0.6078703703703704,0.5887281035795887,0.3578703703703704,0.2622950819672131,15.104166666666666,58.87281035795887,1694
0.05,0.62,0.7074074074074074,0.5058900523560209,0.35787037037037034,0.41153546375682,36.736111111111114,50.589005235602095,1264
0.23,0.9800000000000003,0.5796296296296296,0.6174121405750799,0.35787037037037034,0.2134646962233169,9.86111111111111,61.74121405750799,1816
0.06999999999999999,0.7400000000000001,0.680324074074074,0.5253487580809799,0.3574074074074074,0.39321444106133097,31.25,52.53487580809799,1381
0.09999999999999999,0.8400000000000002,0.6576388888888889,0.5434706089405139,0.3574074074074074,0.36202656173143144,26.145833333333336,54.34706089405139,1479
0.060000000000000005,0.6900000000000001,0.6907407407407408,0.5170911528150134,0.35717592592592595,0.39983340274885465,33.645833333333336,51.70911528150134,1336
0.11,0.8800000000000002,0.643287037037037,0.5552356962936308,0.3571759259259259,0.35625,23.40277777777778,55.52356962936308,1541
0.14,0.9200000000000003,0.6300925925925925,0.5668626010286554,0.3571759259259259,0.32512879221522606,20.069444444444446,56.68626010286554,1598
0.17,0.9500000000000003,0.6148148148148148,0.5809487951807228,0.3571759259259259,0.2851637764932563,16.770833333333332,58.09487951807228,1664
0.09,0.8100000000000002,0.6641203703703704,0.5374695015684907,0.35694444444444445,0.37138796778777833,27.743055555555557,53.746950156849074,1451
0.12,0.9000000000000002,0.6344907407407407,0.5625684056913535,0.3569444444444444,0.34516657564172587,21.70138888888889,56.25684056913535,1579
0.13,0.9100000000000003,0.6324074074074074,0.5640556368960469,0.356712962962963,0.335750139431121,20.9375,56.40556368960469,1588
0.05,0.63,0.7023148148148148,0.5075807514831905,0.35648148148148145,0.41134751773049644,36.18055555555556,50.75807514831905,1286
0.06999999999999999,0.7500000000000001,0.6770833333333334,0.5261538461538462,0.35625000000000007,0.3921052631578948,30.9375,52.61538461538462,1395
0.08,0.7800000000000001,0.6719907407407407,0.5301412332070272,0.35625,0.3788706739526411,29.54861111111111,53.01412332070272,1417
0.09999999999999999,0.8500000000000002,0.6520833333333333,0.5463258785942492,0.35625,0.36227544910179643,25.48611111111111,54.632587859424916,1503
0.22,0.9800000000000003,0.5766203703703704,0.6170212765957447,0.35578703703703707,0.214168039538715,9.86111111111111,61.702127659574465,1829
0.09,0.8200000000000002,0.6590277777777778,0.539866526167896,0.355787037037037,0.3714011516314779,27.152777777777775,53.9866526167896,1473
0.2,0.9700000000000003,0.5916666666666667,0.6009389671361502,0.35555555555555557,0.23880597014925373,12.777777777777777,60.093896713615024,1764
0.060000000000000005,0.7000000000000001,0.6863425925925926,0.518043844856661,0.3555555555555555,0.3983157894736841,33.229166666666664,51.8043844856661,1355
0.09999999999999999,0.8600000000000002,0.6474537037037037,0.5484447622452627,0.35509259259259257,0.36179888832743806,24.96527777777778,54.844476224526275,1523
0.05,0.64,0.6976851851851852,0.5086264100862641,0.35486111111111107,0.41019514137793706,35.729166666666664,50.86264100862641,1306
0.060000000000000005,0.7100000000000001,0.6817129629629629,0.5202037351443124,0.35462962962962963,0.3989791578051892,32.673611111111114,52.02037351443124,1375
0.06999999999999999,0.7600000000000001,0.6722222222222223,0.5268595041322314,0.3541666666666667,0.38933333333333336,30.520833333333336,52.68595041322314,1416
0.11,0.8900000000000002,0.6354166666666666,0.5573770491803278,0.35416666666666663,0.35130806193272823,22.67361111111111,55.73770491803278,1575
0.15000000000000002,0.9400000000000003,0.6155092592592593,0.575028206092516,0.35393518518518524,0.3050430504305043,17.98611111111111,57.5028206092516,1661
0.08,0.7900000000000001,0.6659722222222222,0.5314563781717067,0.3539351851851852,0.37592592592592594,28.993055555555557,53.145637817170666,1443
0.09999999999999999,0.8700000000000002,0.6418981481481482,0.5510277677605482,0.35370370370370374,0.3612108773730118,24.34027777777778,55.10277677605482,1547
0.14,0.9300000000000003,0.6199074074074075,0.5705750560119492,0.35370370370370374,0.3187203791469194,19.0625,57.057505601194926,1642
0.05,0.65,0.6951388888888889,0.5088245088245088,0.3537037037037037,0.4088176352705411,35.520833333333336,50.88245088245088,1317
0.18000000000000002,0.9600000000000003,0.6023148148148149,0.5868562644119908,0.35347222222222224,0.2631939684715559,15.104166666666666,58.68562644119908,1718
0.12,0.9100000000000003,0.6259259259259259,0.5647189349112426,0.3534722222222222,0.33839235525576167,20.9375,56.471893491124256,1616
0.060000000000000005,0.7200000000000001,0.6773148148148148,0.5215311004784688,0.3532407407407407,0.3981083404987102,32.22222222222222,52.15311004784689,1394
0.09,0.8300000000000002,0.6523148148148148,0.5415188076650106,0.3532407407407407,0.3679060665362035,26.52777777777778,54.15188076650106,1502
0.16,0.9500000000000003,0.6081018518518518,0.5808907499048344,0.3532407407407407,0.28737864077669906,16.770833333333332,58.08907499048344,1693
0.05,0.66,0.6932870370370371,0.5091819699499165,0.35300925925925924,0.40821256038647347,35.34722222222222,50.918196994991646,1325
0.060000000000000005,0.7300000000000001,0.6729166666666667,0.5242518059855521,0.3527777777777778,0.4,31.631944444444443,52.42518059855521,1413
0.13,0.9200000000000003,0.6226851851851852,0.566542750929368,0.3527777777777778,0.32756632064590546,20.069444444444446,56.6542750929368,1630
0.08,0.8000000000000002,0.6597222222222222,0.5336842105263158,0.3520833333333333,0.3745882352941177,28.333333333333332,53.368421052631575,1470
0.21000000000000002,0.9800000000000003,0.5701388888888889,0.6171335769386926,0.3518518518518518,0.21612635078969245,9.86111111111111,61.71335769386926,1857
0.06999999999999999,0.7700000000000001,0.6671296296296296,0.5270645385149202,0.35162037037037036,0.3852052322958954,30.138888888888886,52.70645385149202,1438
0.09,0.8400000000000002,0.6479166666666667,0.5423365487674169,0.35138888888888886,0.36489836390679226,26.145833333333336,54.23365487674169,1521
0.09999999999999999,0.8800000000000002,0.6333333333333333,0.5548245614035088,0.35138888888888886,0.35962145110410093,23.40277777777778,55.48245614035088,1584
0.11,0.9000000000000002,0.6259259259259259,0.5610207100591716,0.3511574074074074,0.34744365035733915,21.70138888888889,56.10207100591717,1616
0.05,0.67,0.687962962962963,0.5097577388963661,0.3506944444444445,0.4055487556099551,34.89583333333333,50.97577388963661,1348
0.060000000000000005,0.7400000000000001,0.6682870370370371,0.5247661932802217,0.3506944444444445,0.3971880492091388,31.25,52.47661932802217,1433
0.08,0.8100000000000002,0.6543981481481481,0.5359037849310223,0.3506944444444444,0.3740458015267175,27.743055555555557,53.59037849310223,1493
0.19,0.9700000000000003,0.5849537037037037,0.5991294024535022,0.350462962962963,0.24006001500375093,12.777777777777777,59.91294024535022,1793
0.09,0.8500000000000002,0.6423611111111112,0.5452252252252252,0.3502314814814815,0.3651911468812877,25.48611111111111,54.52252252252252,1545
0.17,0.9600000000000003,0.5967592592592592,0.58688906128782,0.3502314814814815,0.2650103519668737,15.104166666666666,58.688906128782,1742
0.060000000000000005,0.7500000000000001,0.6650462962962963,0.5255830142707971,0.3495370370370371,0.3961010190518387,30.9375,52.55830142707971,1447
0.08,0.8200000000000002,0.6493055555555556,0.5383244206773619,0.34953703703703703,0.37409376510391495,27.152777777777775,53.83244206773619,1515
0.12,0.9200000000000003,0.6162037037037037,0.5672426746806912,0.34953703703703703,0.3302325581395349,20.069444444444446,56.72426746806912,1658
0.13,0.9300000000000003,0.6125,0.5702947845804989,0.3493055555555556,0.3211940298507463,19.0625,57.02947845804989,1674
0.05,0.68,0.6817129629629629,0.5123938879456706,0.34930555555555554,0.40612076095947064,34.166666666666664,51.23938879456706,1375
0.09,0.8600000000000002,0.6377314814814815,0.5473684210526316,0.3490740740740741,0.3647478349465104,24.96527777777778,54.736842105263165,1565
0.06999999999999999,0.7800000000000001,0.6606481481481481,0.5283812193412754,0.34907407407407404,0.38200183654729103,29.54861111111111,52.838121934127535,1466
0.14,0.9400000000000003,0.6078703703703704,0.5738766184310738,0.3488425925925926,0.30712074303405573,17.98611111111111,57.38766184310739,1694
0.2,0.9800000000000003,0.5652777777777778,0.6167076167076168,0.34861111111111115,0.21739130434782608,9.86111111111111,61.67076167076168,1878
0.09999999999999999,0.8900000000000002,0.625462962962963,0.5569948186528497,0.34837962962962965,0.3547169811320755,22.67361111111111,55.69948186528497,1618
0.04,0.6,0.6993055555555555,0.497848394571334,0.34814814814814815,0.41405948242564694,37.604166666666664,49.7848394571334,1299
0.15000000000000002,0.9500000000000003,0.6013888888888889,0.5785219399538106,0.34791666666666665,0.2884990253411306,16.770833333333332,57.852193995381064,1722
0.09,0.8700000000000002,0.632175925925926,0.5499816916880264,0.3476851851851852,0.3642007242628039,24.34027777777778,54.99816916880263,1589
0.11,0.9100000000000003,0.6173611111111111,0.5631796025496812,0.34768518518518515,0.34069043576683644,20.9375,56.31796025496813,1653
0.060000000000000005,0.7600000000000001,0.6601851851851852,0.5262973352033661,0.3474537037037037,0.3933542882801976,30.520833333333336,52.62973352033661,1468
0.04,0.61,0.6953703703703704,0.4993342210386152,0.34722222222222227,0.41433021806853587,37.15277777777778,49.93342210386152,1316
0.08,0.8300000000000002,0.6425925925925926,0.5399855907780979,0.3469907407407407,0.3706259241005421,26.52777777777778,53.998559077809794,1544
0.05,0.6900000000000001,0.6756944444444445,0.513189448441247,0.3467592592592593,0.40319193616127674,33.645833333333336,51.3189448441247,1401
0.06999999999999999,0.7900000000000001,0.6546296296296297,0.5297029702970297,0.3467592592592593,0.3790849673202614,28.993055555555557,52.97029702970298,1492
0.16,0.9600000000000003,0.5900462962962963,0.5868968222832484,0.3462962962962963,0.26722338204592905,15.104166666666666,58.689682228324834,1771
0.04,0.62,0.6916666666666667,0.500669344042838,0.34629629629629627,0.41444270015698587,36.736111111111114,50.0669344042838,1332
0.12,0.9300000000000003,0.6060185185185185,0.5710466004583652,0.3460648148148148,0.3239012642986153,19.0625,57.10466004583652,1702
0.18000000000000002,0.9700000000000003,0.5793981481481482,0.5972832600878946,0.3460648148148148,0.24096385542168675,12.777777777777777,59.72832600878946,1817
0.09999999999999999,0.9000000000000002,0.6159722222222223,0.5606914693724164,0.34537037037037044,0.3509161576901721,21.70138888888889,56.06914693724164,1659
0.09,0.8800000000000002,0.6236111111111111,0.5538233110616184,0.3453703703703704,0.3626723223753977,23.40277777777778,55.38233110616184,1626
0.05,0.7000000000000001,0.6712962962962963,0.5141379310344828,0.3451388888888889,0.4016985138004246,33.229166666666664,51.41379310344828,1420
0.08,0.8400000000000002,0.6381944444444444,0.5408052230685527,0.34513888888888883,0.3676323676323677,26.145833333333336,54.08052230685527,1563
0.04,0.63,0.6865740740740741,0.50236008091706,0.3449074074074074,0.4142857142857143,36.18055555555556,50.236008091706,1354
0.060000000000000005,0.7700000000000001,0.6550925925925926,0.5265017667844523,0.3449074074074074,0.38924339106654515,30.138888888888886,52.65017667844523,1490
0.06999999999999999,0.8000000000000002,0.6483796296296296,0.5319528739735808,0.34490740740740733,0.37778832463217843,28.333333333333332,53.19528739735808,1519
0.13,0.9400000000000003,0.600462962962963,0.5736314572089437,0.34444444444444444,0.3096129837702871,17.98611111111111,57.36314572089437,1726
0.05,0.7100000000000001,0.6666666666666666,0.5163194444444444,0.34421296296296294,0.40240240240240244,32.673611111111114,51.63194444444444,1440
0.08,0.8500000000000002,0.6326388888888889,0.5437248444932309,0.34398148148148144,0.36796756208819054,25.48611111111111,54.37248444932309,1587
0.11,0.9200000000000003,0.6076388888888888,0.5657142857142857,0.34375,0.3325526932084309,20.069444444444446,56.57142857142857,1695
0.06999999999999999,0.8100000000000002,0.6430555555555556,0.5341972642188625,0.34351851851851856,0.37728585178055823,27.743055555555557,53.419726421886246,1542
0.19,0.9800000000000003,0.5585648148148148,0.6150020721094074,0.3435185185185185,0.21867115222876365,9.86111111111111,61.50020721094074,1907
0.04,0.64,0.6819444444444445,0.5033944331296674,0.34328703703703706,0.413156839149619,35.729166666666664,50.339443312966736,1374
0.05,0.7200000000000001,0.6622685185185185,0.517651170919259,0.3428240740740741,0.401561144839549,32.22222222222222,51.7651170919259,1459
0.08,0.8600000000000002,0.6280092592592592,0.5458901584961298,0.34282407407407406,0.36755646817248455,24.96527777777778,54.58901584961298,1607
0.14,0.9500000000000003,0.59375,0.5773879142300195,0.34282407407407406,0.29057591623036644,16.770833333333332,57.73879142300194,1755
0.17,0.9700000000000003,0.5738425925925926,0.5974183138362242,0.34282407407407406,0.24279210925644915,12.777777777777777,59.741831383622426,1841
0.05,0.7300000000000001,0.6578703703703703,0.5204081632653061,0.3423611111111111,0.40350109409190377,31.631944444444443,52.04081632653062,1478
0.060000000000000005,0.7800000000000001,0.6486111111111111,0.5278372591006424,0.3423611111111111,0.3860788863109048,29.54861111111111,52.78372591006424,1518
0.06999999999999999,0.8200000000000002,0.637962962962963,0.5366473149492017,0.34236111111111106,0.37737688932228186,27.152777777777775,53.66473149492017,1564
0.09,0.8900000000000002,0.6157407407407407,0.556015037593985,0.34236111111111106,0.35780315388798256,22.67361111111111,55.6015037593985,1660
0.04,0.65,0.6793981481481481,0.5035775127768314,0.3421296296296297,0.41178845377472745,35.520833333333336,50.357751277683136,1385
0.09999999999999999,0.9100000000000003,0.6074074074074074,0.5628810975609756,0.3418981481481481,0.34419668381932533,20.9375,56.28810975609756,1696
0.04,0.66,0.6775462962962963,0.5039289374786471,0.3414351851851852,0.4111922141119221,35.34722222222222,50.39289374786471,1393
0.08,0.8700000000000002,0.6224537037037037,0.5485310524358498,0.3414351851851852,0.36704900938477586,24.34027777777778,54.85310524358498,1631
0.12,0.9400000000000003,0.5939814814814814,0.5744349181605611,0.3412037037037037,0.3123425692695214,17.98611111111111,57.44349181605612,1754
0.15000000000000002,0.9600000000000003,0.5833333333333334,0.5845238095238096,0.3409722222222223,0.26834381551362685,15.104166666666666,58.452380952380956,1800
0.05,0.7400000000000001,0.6532407407407408,0.5209071580439405,0.34027777777777785,0.400709219858156,31.25,52.09071580439405,1498
0.11,0.9300000000000003,0.5974537037037037,0.5695466873304921,0.34027777777777773,0.32625833838690116,19.0625,56.95466873304921,1739
0.060000000000000005,0.7900000000000001,0.6425925925925926,0.529178674351585,0.34004629629629635,0.3831996224634261,28.993055555555557,52.917867435158506,1544
0.06999999999999999,0.8300000000000002,0.63125,0.5383204987165383,0.3398148148148148,0.37394331178518153,26.52777777777778,53.83204987165383,1593
0.09,0.9000000000000002,0.60625,0.5597556319205804,0.33935185185185185,0.35406162464985996,21.70138888888889,55.97556319205804,1701
0.04,0.67,0.6722222222222223,0.5044765840220385,0.3391203703703704,0.4085491163173038,34.89583333333333,50.44765840220386,1416
0.08,0.8800000000000002,0.6138888888888889,0.5524132730015083,0.3391203703703704,0.3655799037947622,23.40277777777778,55.241327300150836,1668
0.05,0.7500000000000001,0.65,0.5217236467236467,0.33912037037037035,0.3996423781850693,30.9375,52.172364672364665,1512
0.18000000000000002,0.9800000000000003,0.5530092592592593,0.6132272917538719,0.33912037037037035,0.2195945945945946,9.86111111111111,61.322729175387195,1931
0.16,0.9700000000000003,0.5671296296296297,0.5975510204081632,0.33888888888888885,0.2450229709035222,12.777777777777777,59.75510204081632,1870
0.13,0.9500000000000003,0.5863425925925926,0.5771812080536913,0.33842592592592596,0.29306930693069305,16.770833333333332,57.71812080536913,1787
0.060000000000000005,0.8000000000000002,0.6363425925925926,0.5314659876318661,0.33819444444444446,0.381957773512476,28.333333333333332,53.14659876318662,1571
0.06999999999999999,0.8400000000000002,0.6268518518518519,0.5391432791728212,0.33796296296296297,0.3709677419354839,26.145833333333336,53.91432791728212,1612
0.09999999999999999,0.9200000000000003,0.5976851851851852,0.5654531371030209,0.33796296296296297,0.33609467455621306,20.069444444444446,56.54531371030209,1738
0.04,0.68,0.6659722222222222,0.5071254779283977,0.3377314814814815,0.4091666666666667,34.166666666666664,50.71254779283977,1443
0.05,0.7600000000000001,0.6451388888888889,0.5224255471833513,0.3370370370370371,0.39691889442682377,30.520833333333336,52.242554718335136,1533
0.06999999999999999,0.8500000000000002,0.6212962962962963,0.5421013412816692,0.33680555555555564,0.37135549872122764,25.48611111111111,54.21013412816692,1636
0.060000000000000005,0.8100000000000002,0.6310185185185185,0.5337490829053558,0.3368055555555556,0.38150851581508516,27.743055555555557,53.374908290535586,1594
0.08,0.8900000000000002,0.6060185185185185,0.5546218487394958,0.33611111111111114,0.3607456140350877,22.67361111111111,55.46218487394958,1702
0.09,0.9100000000000003,0.5976851851851852,0.5619674670797831,0.33587962962962964,0.3473744950952106,20.9375,56.196746707978306,1738
0.17,0.9800000000000003,0.5474537037037037,0.6135306553911205,0.33587962962962964,0.22146507666098808,9.86111111111111,61.35306553911205,1955
0.14,0.9600000000000003,0.5756944444444444,0.5834338560514676,0.3358796296296296,0.2704225352112676,15.104166666666666,58.34338560514676,1833
0.06999999999999999,0.8600000000000002,0.6166666666666667,0.5442942942942943,0.3356481481481482,0.37098445595854923,24.96527777777778,54.42942942942943,1656
0.060000000000000005,0.8200000000000002,0.6259259259259259,0.5362426035502958,0.33564814814814814,0.3816568047337278,27.152777777777775,53.624260355029584,1616
0.11,0.9400000000000003,0.5854166666666667,0.5729537366548043,0.3354166666666667,0.3147208121827411,17.98611111111111,57.29537366548043,1791
0.12,0.9500000000000003,0.5798611111111112,0.5780439121756487,0.3351851851851852,0.295802798134577,16.770833333333332,57.80439121756486,1815
0.04,0.6900000000000001,0.6599537037037037,0.5078919677306208,0.33518518518518514,0.40626322471434617,33.645833333333336,50.78919677306209,1469
0.09999999999999999,0.9300000000000003,0.5875,0.5693459416863672,0.33449074074074076,0.3298589822194973,19.0625,56.93459416863672,1782
0.05,0.7700000000000001,0.6400462962962963,0.5226039783001808,0.3344907407407407,0.39282428702851885,30.138888888888886,52.26039783001808,1555
0.06999999999999999,0.8700000000000002,0.6111111111111112,0.546969696969697,0.3342592592592593,0.37052631578947365,24.34027777777778,54.6969696969697,1680
0.04,0.7000000000000001,0.6555555555555556,0.5088276836158192,0.3335648148148148,0.4047924689773213,33.229166666666664,50.882768361581924,1488
0.15000000000000002,0.9700000000000003,0.5604166666666667,0.5952085914911194,0.3335648148148148,0.24615384615384614,12.777777777777777,59.520859149111935,1899
0.08,0.9000000000000002,0.5965277777777778,0.5584012417539775,0.33310185185185187,0.3570621468926553,21.70138888888889,55.840124175397754,1743
0.060000000000000005,0.8300000000000002,0.6192129629629629,0.5379439252336449,0.3331018518518518,0.3782696177062374,26.52777777777778,53.794392523364486,1645
0.04,0.7100000000000001,0.6509259259259259,0.5110241820768137,0.3326388888888889,0.40553393860786857,32.673611111111114,51.10241820768137,1508
0.05,0.7800000000000001,0.6335648148148149,0.5239313116550969,0.3319444444444445,0.38969555035128806,29.54861111111111,52.393131165509686,1583
0.06999999999999999,0.8800000000000002,0.6025462962962963,0.5509028044563965,0.3319444444444445,0.3691311386940097,23.40277777777778,55.09028044563965,1717
0.09,0.9200000000000003,0.5879629629629629,0.5645669291338583,0.33194444444444443,0.33930704898446834,20.069444444444446,56.45669291338583,1780
0.16,0.9800000000000003,0.5407407407407407,0.6138698630136986,0.33194444444444443,0.22375215146299485,9.86111111111111,61.38698630136986,1984
0.13,0.9600000000000003,0.5682870370370371,0.5832993890020367,0.33148148148148154,0.27292110874200426,15.104166666666666,58.32993890020367,1865
0.03,0.6,0.6752314814814815,0.49091532396297566,0.3314814814814815,0.41924129839655844,37.604166666666664,49.091532396297566,1403
0.04,0.7200000000000001,0.6465277777777778,0.5123523093447906,0.33125000000000004,0.4047202797202797,32.22222222222222,51.23523093447906,1527
0.060000000000000005,0.8400000000000002,0.6148148148148148,0.5387801204819277,0.33125,0.3753187149413565,26.145833333333336,53.87801204819277,1664
0.04,0.7300000000000001,0.6421296296296296,0.5151405912040375,0.33078703703703705,0.4067048963387737,31.631944444444443,51.51405912040376,1546
0.03,0.61,0.6712962962962963,0.4924137931034483,0.33055555555555555,0.41955835962145105,37.15277777777778,49.24137931034483,1420
0.060000000000000005,0.8500000000000002,0.6092592592592593,0.5417933130699089,0.3300925925925926,0.375776397515528,25.48611111111111,54.17933130699089,1688
0.03,0.62,0.6675925925925926,0.49375866851595007,0.32962962962962966,0.41971383147853736,36.736111111111114,49.375866851595006,1436
0.05,0.7900000000000001,0.6275462962962963,0.5252674289929915,0.32962962962962966,0.3868508813720819,28.993055555555557,52.52674289929915,1609
0.08,0.9100000000000003,0.5879629629629629,0.5606299212598426,0.3296296296296296,0.3504074505238649,20.9375,56.06299212598426,1780
0.09999999999999999,0.9400000000000003,0.575462962962963,0.5728077232502011,0.3296296296296296,0.3183568677792041,17.98611111111111,57.28077232502011,1834
0.11,0.9500000000000003,0.5712962962962963,0.576580226904376,0.32939814814814816,0.2981867024848892,16.770833333333332,57.658022690437605,1852
0.060000000000000005,0.8600000000000002,0.6046296296296296,0.5440275650842267,0.3289351851851852,0.3754588358678553,24.96527777777778,54.40275650842267,1708
0.06999999999999999,0.8900000000000002,0.5946759259259259,0.553133514986376,0.3289351851851851,0.36434108527131787,22.67361111111111,55.313351498637594,1751
0.04,0.7400000000000001,0.6375,0.5156136528685549,0.3287037037037037,0.4039320822162644,31.25,51.56136528685549,1566
0.09,0.9300000000000003,0.5777777777777777,0.5685096153846154,0.3284722222222222,0.3331269349845201,19.0625,56.85096153846154,1824
0.14,0.9700000000000003,0.5527777777777778,0.5942211055276382,0.3284722222222222,0.2482544608223429,12.777777777777777,59.42211055276382,1932
0.12,0.9600000000000003,0.5618055555555556,0.5842604037906881,0.3282407407407408,0.2756640344580043,15.104166666666666,58.42604037906881,1893
0.03,0.63,0.6625,0.4954577218728162,0.3282407407407407,0.41961414790996787,36.18055555555556,49.54577218728162,1458
0.05,0.8000000000000002,0.6212962962962963,0.5275707898658718,0.3277777777777778,0.3856589147286822,28.333333333333332,52.75707898658718,1636
0.060000000000000005,0.8700000000000002,0.5990740740740741,0.5467542503863988,0.32754629629629634,0.37506659563132655,24.34027777777778,54.67542503863988,1732
0.04,0.7500000000000001,0.6342592592592593,0.5164233576642335,0.3275462962962963,0.40288418206399285,30.9375,51.64233576642335,1580
0.03,0.64,0.6578703703703703,0.4964813511611541,0.32662037037037034,0.4185290532303942,35.729166666666664,49.64813511611541,1478
0.15000000000000002,0.9800000000000003,0.5340277777777778,0.611616818378847,0.32662037037037034,0.22491349480968859,9.86111111111111,61.16168183788469,2013
0.05,0.8100000000000002,0.6159722222222223,0.5298759864712514,0.32638888888888895,0.38525798525798527,27.743055555555557,52.98759864712515,1659
0.06999999999999999,0.9000000000000002,0.5851851851851851,0.5569620253164557,0.3259259259259259,0.3607305936073059,21.70138888888889,55.69620253164557,1792
0.08,0.9200000000000003,0.5782407407407407,0.5632506004803843,0.32569444444444445,0.34237492465340563,20.069444444444446,56.32506004803843,1822
0.03,0.65,0.6553240740740741,0.4966442953020134,0.325462962962963,0.4171779141104295,35.520833333333336,49.664429530201346,1489
0.04,0.7600000000000001,0.6293981481481481,0.5171018756895918,0.32546296296296295,0.4001827318410233,30.520833333333336,51.71018756895918,1601
0.05,0.8200000000000002,0.6108796296296296,0.5323986358469117,0.32523148148148145,0.3854581673306773,27.152777777777775,53.23986358469117,1681
0.060000000000000005,0.8800000000000002,0.5905092592592592,0.5507644061152489,0.32523148148148145,0.3737704918032787,23.40277777777778,55.07644061152489,1769
0.03,0.66,0.6534722222222222,0.49698901877435353,0.3247685185185185,0.41659819227608874,35.34722222222222,49.698901877435354,1497
0.13,0.9700000000000003,0.5453703703703704,0.5942275042444821,0.32407407407407407,0.25078369905956116,12.777777777777777,59.42275042444821,1964
0.09,0.9400000000000003,0.5657407407407408,0.5720130932896891,0.3236111111111111,0.32166018158236054,17.98611111111111,57.20130932896891,1876
0.09999999999999999,0.9500000000000003,0.5613425925925926,0.5764948453608247,0.32361111111111107,0.3018354860639021,16.770833333333332,57.649484536082475,1895
0.04,0.7700000000000001,0.6243055555555556,0.5172413793103449,0.3229166666666667,0.3961038961038961,30.138888888888886,51.724137931034484,1623
0.05,0.8300000000000002,0.6041666666666666,0.5340996168582376,0.3226851851851852,0.38211382113821135,26.52777777777778,53.40996168582376,1710
0.06999999999999999,0.9100000000000003,0.5766203703703704,0.5592131674026496,0.32245370370370374,0.35411764705882354,20.9375,55.921316740264956,1829
0.03,0.67,0.6481481481481481,0.4975,0.3224537037037037,0.41399416909620995,34.89583333333333,49.75,1520
0.11,0.9600000000000003,0.5532407407407407,0.5828451882845188,0.3224537037037037,0.278059377262853,15.104166666666666,58.28451882845188,1930
0.060000000000000005,0.8900000000000002,0.5826388888888889,0.5530393325387366,0.32222222222222224,0.3690409422321929,22.67361111111111,55.30393325387366,1803
0.08,0.9300000000000003,0.5680555555555555,0.5672371638141809,0.3222222222222222,0.33625,19.0625,56.723716381418086,1866
0.14,0.9800000000000003,0.5263888888888889,0.6108179419525066,0.3215277777777778,0.22707423580786024,9.86111111111111,61.08179419525066,2046
0.03,0.68,0.6418981481481482,0.5001803101334295,0.3210648148148148,0.414695945945946,34.166666666666664,50.01803101334295,1547
0.05,0.8400000000000002,0.5997685185185185,0.5349285989965264,0.32083333333333336,0.3791859866048429,26.145833333333336,53.49285989965264,1729
0.12,0.9700000000000003,0.5388888888888889,0.595360824742268,0.3208333333333333,0.2535657686212361,12.777777777777777,59.5360824742268,1992
0.04,0.7800000000000001,0.617824074074074,0.5185462720119896,0.32037037037037036,0.3930089749645725,29.54861111111111,51.85462720119895,1651
0.05,0.8500000000000002,0.594212962962963,0.5379820802493183,0.3196759259259259,0.3797071129707113,25.48611111111111,53.798208024931824,1753
0.060000000000000005,0.9000000000000002,0.5731481481481482,0.5569466882067852,0.319212962962963,0.3655292076344708,21.70138888888889,55.694668820678515,1844
0.03,0.6900000000000001,0.6358796296296296,0.500910083727703,0.31851851851851853,0.41184041184041187,33.645833333333336,50.0910083727703,1573
0.05,0.8600000000000002,0.5895833333333333,0.5402434236356498,0.31851851851851853,0.37943826179120294,24.96527777777778,54.02434236356498,1773
0.06999999999999999,0.9200000000000003,0.5668981481481481,0.5618619844834626,0.3185185185185185,0.34613040828762953,20.069444444444446,56.18619844834626,1871
0.04,0.7900000000000001,0.6118055555555556,0.5198637911464246,0.3180555555555556,0.39019702066314266,28.993055555555557,51.98637911464245,1677
0.09,0.9500000000000003,0.5516203703703704,0.575744859420898,0.3175925925925926,0.3051546391752577,16.770833333333332,57.5744859420898,1937
0.08,0.9400000000000003,0.5560185185185185,0.570774354704413,0.31736111111111104,0.3248199083169614,17.98611111111111,57.077435470441294,1918
0.05,0.8700000000000002,0.5840277777777778,0.543004359889021,0.3171296296296296,0.37910608508346805,24.34027777777778,54.300435988902095,1797
0.13,0.9800000000000003,0.5189814814814815,0.6110615521855486,0.3171296296296296,0.22968197879858657,9.86111111111111,61.10615521855486,2078
0.03,0.7000000000000001,0.6314814814814815,0.5018328445747801,0.31689814814814815,0.41041214750542293,33.229166666666664,50.183284457478,1592
0.09999999999999999,0.9600000000000003,0.5432870370370371,0.5828717511717085,0.31666666666666665,0.2817314746881878,15.104166666666666,58.287175117170854,1973
0.04,0.8000000000000002,0.6055555555555555,0.52217125382263,0.31620370370370365,0.38905180840664716,28.333333333333332,52.217125382263,1704
0.03,0.7100000000000001,0.6268518518518519,0.5040620384047267,0.31597222222222227,0.4112231477422183,32.673611111111114,50.40620384047267,1612
0.060000000000000005,0.9100000000000003,0.5645833333333333,0.5592455924559245,0.3157407407407407,0.358974358974359,20.9375,55.924559245592455,1881
0.11,0.9700000000000003,0.5303240740740741,0.5940637276298559,0.3150462962962963,0.256,12.777777777777777,59.40637276298559,2029
0.06999999999999999,0.9300000000000003,0.5567129629629629,0.5659043659043659,0.31504629629629627,0.34007585335018964,19.0625,56.59043659043659,1915
0.04,0.8100000000000002,0.6002314814814815,0.5244890088700347,0.3148148148148148,0.3886960832920179,27.743055555555557,52.44890088700347,1727
0.05,0.8800000000000002,0.575462962962963,0.5470635559131134,0.31481481481481477,0.37790055248618787,23.40277777777778,54.706355591311336,1834
0.03,0.7200000000000001,0.6224537037037037,0.5053923391595389,0.3145833333333333,0.41046099290780147,32.22222222222222,50.539233915953886,1631
0.03,0.7300000000000001,0.6180555555555556,0.5082397003745318,0.3141203703703704,0.4125279642058166,31.631944444444443,50.82397003745318,1650
0.12,0.9800000000000003,0.5125,0.6124661246612466,0.3138888888888889,0.23255813953488375,9.86111111111111,61.24661246612466,2106
0.04,0.8200000000000002,0.5951388888888889,0.5270322831583042,0.31365740740740744,0.38894472361809046,27.152777777777775,52.70322831583042,1749
0.03,0.7400000000000001,0.6134259259259259,0.5086792452830189,0.31203703703703706,0.4097914777878513,31.25,50.86792452830189,1670
0.060000000000000005,0.9200000000000003,0.5548611111111111,0.5619524405506884,0.31180555555555556,0.3510506798516687,20.069444444444446,56.19524405506884,1923
0.05,0.8900000000000002,0.5675925925925925,0.549347471451876,0.3118055555555555,0.3732274532047646,22.67361111111111,54.9347471451876,1868
0.08,0.9500000000000003,0.5418981481481482,0.5745407945322512,0.3113425925925926,0.30833333333333335,16.770833333333332,57.45407945322511,1979
0.04,0.8300000000000002,0.5884259259259259,0.5287175452399685,0.31111111111111106,0.3856410256410256,26.52777777777778,52.87175452399685,1778
0.03,0.7500000000000001,0.6101851851851852,0.5094840667678301,0.3108796296296297,0.4087791495198903,30.9375,50.94840667678301,1684
0.09,0.9600000000000003,0.5335648148148148,0.5822125813449024,0.3106481481481481,0.28507795100222716,15.104166666666666,58.22125813449024,2015
0.06999999999999999,0.9400000000000003,0.544675925925926,0.5694857628559286,0.3101851851851852,0.3286944996686547,17.98611111111111,56.94857628559286,1967
0.02,0.6,0.6409722222222223,0.4835680751173709,0.30995370370370373,0.4284572342126299,37.604166666666664,48.35680751173709,1551
0.04,0.8400000000000002,0.5840277777777778,0.5295283392786365,0.3092592592592593,0.38273530941237655,26.145833333333336,52.95283392786365,1797
0.09999999999999999,0.9700000000000003,0.5203703703703704,0.594306049822064,0.30925925925925923,0.25974025974025977,12.777777777777777,59.430604982206404,2072
0.02,0.61,0.6370370370370371,0.4851017441860465,0.3090277777777778,0.42885933091495365,37.15277777777778,48.51017441860465,1568
0.03,0.7600000000000001,0.6053240740740741,0.5101338432122371,0.3087962962962963,0.4061196105702365,30.520833333333336,51.01338432122371,1705
0.05,0.9000000000000002,0.5581018518518519,0.5532973869763583,0.3087962962962963,0.3698069046225863,21.70138888888889,55.32973869763583,1909
0.060000000000000005,0.9300000000000003,0.544675925925926,0.5660858478538037,0.30833333333333335,0.3450930083386786,19.0625,56.608584785380366,1967
0.04,0.8500000000000002,0.5784722222222223,0.5326130452180873,0.3081018518518519,0.3833157338965153,25.48611111111111,53.261304521808725,1821
0.11,0.9800000000000003,0.5039351851851852,0.6113918236104732,0.3081018518518519,0.23508137432188064,9.86111111111111,61.13918236104732,2143
0.02,0.62,0.6333333333333333,0.4864766081871345,0.30810185185185185,0.4290938642828119,36.736111111111114,48.64766081871345,1584
0.04,0.8600000000000002,0.5738425925925926,0.5348931020572811,0.30694444444444446,0.3830925628678438,24.96527777777778,53.48931020572812,1841
0.02,0.63,0.6282407407407408,0.4882092851879145,0.30671296296296297,0.42909987669543775,36.18055555555556,48.82092851879145,1606
0.03,0.7700000000000001,0.6002314814814815,0.5102198225993059,0.3062500000000001,0.4020715630885122,30.138888888888886,51.02198225993059,1727
0.04,0.8700000000000002,0.5682870370370371,0.5376782077393075,0.3055555555555556,0.3828167482327352,24.34027777777778,53.76782077393075,1865
0.05,0.9100000000000003,0.549537037037037,0.5556023588879528,0.3053240740740741,0.3633071816535908,20.9375,55.56023588879528,1946
0.02,0.64,0.6236111111111111,0.4892353377876763,0.3050925925925926,0.42809642560266004,35.729166666666664,48.92353377876763,1626
0.08,0.9600000000000003,0.5238425925925926,0.5810870525850641,0.30439814814814814,0.2882882882882883,15.104166666666666,58.10870525850641,2057
0.06999999999999999,0.9500000000000003,0.5305555555555556,0.5732984293193717,0.30416666666666664,0.3122362869198312,16.770833333333332,57.32984293193717,2028
0.02,0.65,0.6210648148148148,0.48937756243011554,0.3039351851851852,0.4267782426778242,35.520833333333336,48.937756243011556,1637
0.03,0.7800000000000001,0.59375,0.5115009746588693,0.3037037037037037,0.39904076738609107,29.54861111111111,51.15009746588694,1755
0.060000000000000005,0.9400000000000003,0.5326388888888889,0.5697522816166884,0.30347222222222225,0.3337819650067295,17.98611111111111,56.975228161668845,2019
0.04,0.8800000000000002,0.5597222222222222,0.5417700578990902,0.30324074074074076,0.38169642857142855,23.40277777777778,54.17700578990902,1902
0.09,0.9700000000000003,0.5106481481481482,0.5938349954669084,0.30324074074074076,0.2631578947368421,12.777777777777777,59.38349954669084,2114
0.02,0.66,0.6192129629629629,0.4897196261682243,0.3032407407407407,0.4262295081967213,35.34722222222222,48.97196261682243,1645
0.09999999999999999,0.9800000000000003,0.49398148148148147,0.6119962511715089,0.3023148148148148,0.23897058823529416,9.86111111111111,61.19962511715089,2186
0.03,0.7900000000000001,0.5877314814814815,0.512800315084679,0.30138888888888893,0.39629087359687654,28.993055555555557,51.28003150846791,1781
0.05,0.9200000000000003,0.5398148148148149,0.5583190394511149,0.30138888888888893,0.35544430538172717,20.069444444444446,55.83190394511149,1988
0.02,0.67,0.6138888888888889,0.49019607843137253,0.30092592592592593,0.42369991474850816,34.89583333333333,49.01960784313725,1668
0.04,0.8900000000000002,0.5518518518518518,0.5440436241610739,0.3002314814814815,0.37707736389684815,22.67361111111111,54.40436241610739,1936
0.02,0.68,0.6076388888888888,0.492952380952381,0.29953703703703705,0.42455685257241677,34.166666666666664,49.2952380952381,1695
0.03,0.8000000000000002,0.5814814814814815,0.5151273885350318,0.29953703703703705,0.3952333664349553,28.333333333333332,51.51273885350318,1808
0.03,0.8100000000000002,0.5761574074074074,0.5174768983527521,0.29814814814814816,0.3949622166246851,27.743055555555557,51.74768983527521,1831
0.05,0.9300000000000003,0.5296296296296297,0.5625,0.2979166666666667,0.34957764782326184,19.0625,56.25,2032
0.060000000000000005,0.9500000000000003,0.5185185185185185,0.5736607142857143,0.2974537037037037,0.31736954967834163,16.770833333333332,57.36607142857143,2080
0.04,0.9000000000000002,0.5423611111111111,0.5480153649167734,0.2972222222222222,0.3737433471318746,21.70138888888889,54.80153649167734,1977
0.06999999999999999,0.9600000000000003,0.5125,0.5799457994579946,0.2972222222222222,0.2922374429223744,15.104166666666666,57.994579945799465,2106
0.02,0.6900000000000001,0.6016203703703704,0.49365140438630245,0.2969907407407408,0.421792618629174,33.645833333333336,49.36514043863024,1721
0.03,0.8200000000000002,0.5710648148148149,0.520064856100527,0.2969907407407408,0.3953013278855976,27.152777777777775,52.0064856100527,1853
0.08,0.9700000000000003,0.5009259259259259,0.5928835489833642,0.2969907407407407,0.2664446294754371,12.777777777777777,59.288354898336415,2156
0.09,0.9800000000000003,0.4842592592592593,0.6118546845124283,0.29629629629629634,0.24253731343283585,9.86111111111111,61.18546845124283,2228
0.02,0.7000000000000001,0.5972222222222222,0.4945736434108527,0.29537037037037034,0.4204444444444444,33.229166666666664,49.45736434108527,1740
0.02,0.7100000000000001,0.5925925925925926,0.496875,0.29444444444444445,0.4213836477987421,32.673611111111114,49.6875,1760
0.03,0.8300000000000002,0.5643518518518519,0.5217391304347826,0.29444444444444445,0.39207507820646503,26.52777777777778,52.17391304347826,1882
0.04,0.9100000000000003,0.5337962962962963,0.5503035559410234,0.29375,0.3672971323978035,20.9375,55.030355594102346,2014
0.02,0.7200000000000001,0.5881944444444445,0.4982290436835891,0.29305555555555557,0.4207178555202181,32.22222222222222,49.82290436835891,1779
0.05,0.9400000000000003,0.5175925925925926,0.5661896243291592,0.29305555555555557,0.3383356070941337,17.98611111111111,56.61896243291592,2084
0.02,0.7300000000000001,0.5837962962962963,0.5011895321173672,0.29259259259259257,0.4229357798165138,31.631944444444443,50.11895321173672,1798
0.03,0.8400000000000002,0.5599537037037037,0.5225299710624225,0.29259259259259257,0.38921205711263884,26.145833333333336,52.25299710624225,1901
0.03,0.8500000000000002,0.5543981481481481,0.525678496868476,0.2914351851851852,0.3899033297529538,25.48611111111111,52.5678496868476,1925
0.02,0.7400000000000001,0.5791666666666667,0.5015987210231815,0.2905092592592593,0.42026964202696426,31.25,50.15987210231815,1818
0.060000000000000005,0.9600000000000003,0.500462962962963,0.5804810360777058,0.2905092592592593,0.2974438419829589,15.104166666666666,58.048103607770585,2158
0.03,0.8600000000000002,0.5497685185185185,0.528,0.2902777777777778,0.38976592270005445,24.96527777777778,52.800000000000004,1945
0.08,0.9800000000000003,0.47453703703703703,0.6112195121951219,0.2900462962962963,0.2459791863765374,9.86111111111111,61.12195121951219,2270
0.04,0.9200000000000003,0.524074074074074,0.5530035335689046,0.2898148148148148,0.3594936708860759,20.069444444444446,55.30035335689046,2056
0.06999999999999999,0.9700000000000003,0.4895833333333333,0.5919621749408983,0.2898148148148148,0.27049873203719355,12.777777777777777,59.19621749408983,2205
0.02,0.7500000000000001,0.575925925925926,0.502411575562701,0.28935185185185186,0.41932457786116323,30.9375,50.241157556270096,1832
0.03,0.8700000000000002,0.544212962962963,0.5308379413015738,0.28888888888888886,0.38959601549529616,24.34027777777778,53.08379413015738,1969
0.02,0.7600000000000001,0.5710648148148149,0.503040129712201,0.28726851851851853,0.4167459562321599,30.520833333333336,50.304012971220104,1853
0.05,0.9500000000000003,0.5034722222222222,0.5701149425287356,0.28703703703703703,0.321972443799855,16.770833333333332,57.01149425287356,2145
0.03,0.8800000000000002,0.5356481481481481,0.5350043215211755,0.2865740740740741,0.3886363636363636,23.40277777777778,53.50043215211755,2006
0.04,0.9300000000000003,0.5138888888888888,0.5572072072072072,0.28634259259259254,0.3537146614069691,19.0625,55.72072072072072,2100
0.02,0.7700000000000001,0.5659722222222222,0.5030674846625767,0.2847222222222222,0.41275978733687774,30.138888888888886,50.306748466257666,1875
0.03,0.8900000000000002,0.5277777777777778,0.5372807017543859,0.28356481481481477,0.38412142440163455,22.67361111111111,53.72807017543859,2040
0.060000000000000005,0.9700000000000003,0.4775462962962963,0.5928259815802229,0.2831018518518518,0.2758620689655173,12.777777777777777,59.282598158022296,2257
0.06999999999999999,0.9800000000000003,0.46319444444444446,0.6106946526736632,0.2828703703703704,0.25024061597690084,9.86111111111111,61.06946526736632,2319
0.02,0.7800000000000001,0.5594907407407408,0.5043442283822921,0.28217592592592594,0.4098522167487684,29.54861111111111,50.43442283822921,1903
0.04,0.9400000000000003,0.5018518518518519,0.5608856088560885,0.2814814814814815,0.34254143646408847,17.98611111111111,56.08856088560885,2152
0.03,0.9000000000000002,0.518287037037037,0.541313086199196,0.28055555555555556,0.380952380952381,21.70138888888889,54.13130861991961,2081
0.05,0.9600000000000003,0.48541666666666666,0.5770147830233667,0.2800925925925926,0.3021243115656963,15.104166666666666,57.701478302336675,2223
0.02,0.7900000000000001,0.5534722222222223,0.5056461731493099,0.2798611111111111,0.4072216649949849,28.993055555555557,50.56461731493099,1929
0.02,0.8000000000000002,0.5472222222222223,0.5080372250423012,0.2780092592592593,0.40632976008167426,28.333333333333332,50.80372250423012,1956
0.03,0.9100000000000003,0.5097222222222222,0.5435967302452316,0.2770833333333333,0.37461107654013687,20.9375,54.35967302452316,2118
0.02,0.8100000000000002,0.5418981481481482,0.5104656129859034,0.27662037037037035,0.4062176165803109,27.743055555555557,51.04656129859034,1979
0.060000000000000005,0.9800000000000003,0.4511574074074074,0.612108773730118,0.27615740740740735,0.2559055118110236,9.86111111111111,61.2108773730118,2371
0.02,0.8200000000000002,0.5368055555555555,0.513152220784821,0.27546296296296297,0.40672622175512346,27.152777777777775,51.3152220784821,2001
0.04,0.9500000000000003,0.4877314814814815,0.5647840531561462,0.27546296296296297,0.32623071271124177,16.770833333333332,56.47840531561462,2213
0.03,0.9200000000000003,0.5,0.5462962962962963,0.27314814814814814,0.36692506459948315,20.069444444444446,54.629629629629626,2160
0.01,0.6,0.5879629629629629,0.4641732283464567,0.27291666666666664,0.4406083025071928,37.604166666666664,46.41732283464567,1780
0.02,0.8300000000000002,0.5300925925925926,0.5148471615720523,0.27291666666666664,0.4036500268384327,26.52777777777778,51.484716157205234,2030
0.05,0.9700000000000003,0.4625,0.5895895895895896,0.2726851851851852,0.28070175438596495,12.777777777777777,58.95895895895896,2322
0.01,0.61,0.5840277777777778,0.46571541815299244,0.27199074074074076,0.44112769485903813,37.15277777777778,46.57154181529924,1797
0.01,0.62,0.580324074074074,0.4670921420023933,0.2710648148148148,0.4414715719063545,36.736111111111114,46.70921420023933,1813
0.02,0.8400000000000002,0.5256944444444445,0.515631880228974,0.2710648148148148,0.40087145969498905,26.145833333333336,51.5631880228974,2049
0.02,0.8500000000000002,0.5201388888888889,0.5189141076991545,0.26990740740740743,0.40177089097952406,25.48611111111111,51.891410769915446,2073
0.01,0.63,0.5752314814814815,0.4688128772635815,0.26967592592592593,0.4416243654822335,36.18055555555556,46.88128772635815,1835
0.03,0.9300000000000003,0.4898148148148148,0.5505671077504726,0.26967592592592593,0.361316319677636,19.0625,55.05671077504726,2204
0.02,0.8600000000000002,0.5155092592592593,0.5213291423439604,0.26875,0.40179573512906847,24.96527777777778,52.13291423439605,2093
0.04,0.9600000000000003,0.46967592592592594,0.5717102020699852,0.26851851851851855,0.3064644852354349,15.104166666666666,57.17102020699853,2291
0.01,0.64,0.5706018518518519,0.4697768762677485,0.26805555555555555,0.44073598630723154,35.729166666666664,46.97768762677485,1855
0.02,0.8700000000000002,0.5099537037037037,0.5242850658193373,0.26736111111111116,0.4018264840182648,24.34027777777778,52.42850658193373,2117
0.01,0.65,0.5680555555555555,0.46984515077424616,0.26689814814814816,0.4394657475226196,35.520833333333336,46.98451507742462,1866
0.01,0.66,0.5662037037037037,0.47015535568274736,0.26620370370370366,0.43896103896103894,35.34722222222222,47.015535568274736,1874
0.05,0.9800000000000003,0.4361111111111111,0.6093418259023354,0.2657407407407407,0.2610441767068273,9.86111111111111,60.93418259023354,2436
0.02,0.8800000000000002,0.5013888888888889,0.528624192059095,0.2650462962962963,0.4011730205278592,23.40277777777778,52.862419205909504,2154
0.03,0.9400000000000003,0.4777777777777778,0.5542635658914729,0.26481481481481484,0.35028248587570626,17.98611111111111,55.42635658914728,2256
0.01,0.67,0.5608796296296297,0.470491126702435,0.2638888888888889,0.43653930610452346,34.89583333333333,47.049112670243495,1897
0.01,0.68,0.5546296296296296,0.4732888146911519,0.26249999999999996,0.43761140819964356,34.166666666666664,47.32888146911519,1924
0.02,0.8900000000000002,0.4935185185185185,0.5309568480300187,0.262037037037037,0.3968636911942099,22.67361111111111,53.09568480300187,2188
0.04,0.9700000000000003,0.44675925925925924,0.5844559585492228,0.2611111111111111,0.285204991087344,12.777777777777777,58.44559585492228,2390
0.01,0.6900000000000001,0.5486111111111112,0.4738396624472574,0.25995370370370374,0.4349796103307657,33.645833333333336,47.38396624472574,1950
0.02,0.9000000000000002,0.4840277777777778,0.5351506456241033,0.2590277777777778,0.3940149625935162,21.70138888888889,53.51506456241033,2229
0.03,0.9500000000000003,0.4636574074074074,0.5581627558662007,0.2587962962962963,0.3340857787810384,16.770833333333332,55.816275586620065,2317
0.01,0.7000000000000001,0.544212962962963,0.4746916205869843,0.25833333333333336,0.4337459880788629,33.229166666666664,47.46916205869843,1969
0.01,0.7100000000000001,0.5395833333333333,0.477048477048477,0.25740740740740736,0.43486323597589244,32.673611111111114,47.7048477048477,1989
0.01,0.7200000000000001,0.5351851851851852,0.47837370242214533,0.25601851851851853,0.4343339587242026,32.22222222222222,47.83737024221453,2008
0.01,0.7300000000000001,0.530787037037037,0.48146532926297425,0.25555555555555554,0.4367598294647087,31.631944444444443,48.146532926297425,2027
0.02,0.9100000000000003,0.475462962962963,0.5374878286270691,0.25555555555555554,0.3878865979381444,20.9375,53.74878286270691,2266
0.04,0.9800000000000003,0.4203703703703704,0.6046255506607929,0.25416666666666665,0.26584867075664625,9.86111111111111,60.46255506607929,2504
0.01,0.7400000000000001,0.5261574074074075,0.48174219093708753,0.25347222222222227,0.4341978866474544,31.25,48.17421909370875,2047
0.01,0.7500000000000001,0.5229166666666667,0.482514386896857,0.2523148148148148,0.433349491032477,30.9375,48.2514386896857,2061
0.03,0.9600000000000003,0.44560185185185186,0.5651948051948052,0.2518518518518519,0.3144963144963145,15.104166666666666,56.519480519480524,2395
0.02,0.9200000000000003,0.46574074074074073,0.540258449304175,0.2516203703703704,0.3804420629604823,20.069444444444446,54.0258449304175,2308
0.01,0.7600000000000001,0.5180555555555556,0.4830205540661305,0.2502314814814815,0.4308903098868667,30.520833333333336,48.30205540661305,2082
0.02,0.9300000000000003,0.45555555555555555,0.5447154471544715,0.24814814814814812,0.37517433751743373,19.0625,54.47154471544715,2352
0.01,0.7700000000000001,0.512962962962963,0.48285198555956677,0.24768518518518517,0.427,30.138888888888886,48.285198555956676,2104
0.01,0.7800000000000001,0.5064814814814815,0.4840036563071298,0.24513888888888893,0.42427332993370726,29.54861111111111,48.40036563071298,2132
0.03,0.9700000000000003,0.42268518518518516,0.5783132530120482,0.2444444444444444,0.29357798165137616,12.777777777777777,57.831325301204814,2494
0.02,0.9400000000000003,0.44351851851851853,0.5485386221294363,0.24328703703703702,0.3644379132990448,17.98611111111111,54.853862212943625,2404
0.01,0.7900000000000001,0.500462962962963,0.48519888991674376,0.24282407407407408,0.4218181818181818,28.993055555555557,48.51988899167438,2158
0.01,0.8000000000000002,0.49421296296296297,0.48758782201405154,0.24097222222222223,0.4211640211640212,28.333333333333332,48.758782201405154,2185
0.01,0.8100000000000002,0.4888888888888889,0.4900568181818182,0.23958333333333331,0.42127888232133265,27.743055555555557,49.00568181818182,2208
0.01,0.8200000000000002,0.4837962962962963,0.49282296650717705,0.23842592592592593,0.4220283533260632,27.152777777777775,49.282296650717704,2230
0.03,0.9800000000000003,0.3962962962962963,0.5992990654205608,0.23750000000000002,0.2748414376321353,9.86111111111111,59.929906542056074,2608
0.02,0.9500000000000003,0.42939814814814814,0.5525606469002695,0.2372685185185185,0.3485086342229199,16.770833333333332,55.25606469002695,2465
0.01,0.8300000000000002,0.47708333333333336,0.49442018437651625,0.23587962962962963,0.41917502787068006,26.52777777777778,49.442018437651626,2259
0.01,0.8400000000000002,0.4726851851851852,0.4951028403525955,0.23402777777777778,0.4165251839275609,26.145833333333336,49.51028403525955,2278
0.01,0.8500000000000002,0.4671296296296296,0.4985133795837463,0.23287037037037037,0.4177215189873418,25.48611111111111,49.85133795837463,2302
0.01,0.8600000000000002,0.4625,0.501001001001001,0.23171296296296295,0.417980151780502,24.96527777777778,50.1001001001001,2322
0.01,0.8700000000000002,0.45694444444444443,0.5040526849037488,0.2303240740740741,0.41830065359477125,24.34027777777778,50.40526849037488,2346
0.02,0.9600000000000003,0.4113425925925926,0.5599324704558244,0.23032407407407407,0.32933104631217835,15.104166666666666,55.993247045582436,2543
0.01,0.8800000000000002,0.44837962962962963,0.5085183273102736,0.22800925925925924,0.41809290953545236,23.40277777777778,50.85183273102736,2383
0.01,0.8900000000000002,0.44050925925925927,0.5107724645296899,0.225,0.41409691629955947,22.67361111111111,51.07724645296899,2417
0.02,0.9700000000000003,0.38842592592592595,0.5738974970202623,0.2229166666666667,0.30917874396135264,12.777777777777777,57.38974970202623,2642
0.01,0.9000000000000002,0.4310185185185185,0.5150375939849624,0.22199074074074074,0.4117263843648209,21.70138888888889,51.50375939849624,2458
0.01,0.9100000000000003,0.4224537037037037,0.5172602739726028,0.21851851851851853,0.4059339177343223,20.9375,51.726027397260275,2495
0.02,0.9800000000000003,0.36203703703703705,0.5965473145780051,0.21597222222222223,0.29180695847362514,9.86111111111111,59.654731457800516,2756
0.01,0.9200000000000003,0.4127314814814815,0.519910263600673,0.21458333333333335,0.39887640449438205,20.069444444444446,51.9910263600673,2537
0.01,0.9300000000000003,0.4025462962962963,0.5244393329499712,0.2111111111111111,0.3941391941391941,19.0625,52.44393329499712,2581
0.01,0.9400000000000003,0.3905092592592593,0.5281564908120925,0.20625000000000002,0.38390092879256965,17.98611111111111,52.81564908120925,2633
0.01,0.9500000000000003,0.3763888888888889,0.531980319803198,0.20023148148148148,0.3684647302904565,16.770833333333332,53.198031980319804,2694
0.01,0.9600000000000003,0.35833333333333334,0.539405684754522,0.19328703703703706,0.3500455788514129,15.104166666666666,53.9405684754522,2772
0.01,0.9700000000000003,0.33541666666666664,0.5541752933057281,0.18587962962962962,0.3312629399585922,12.777777777777777,55.41752933057281,2871
0.01,0.9800000000000003,0.3090277777777778,0.5790262172284644,0.17893518518518517,0.316301703163017,9.86111111111111,57.90262172284643,2985
