subject,frame_idx,pred_prob,pred_label,true_label
01,0,0.9867731928825378,1,1
01,1,0.9890789985656738,1,1
01,2,0.9830705523490906,1,1
01,3,0.9873101115226746,1,1
01,4,0.9884939193725586,1,1
01,5,0.989296555519104,1,1
01,6,0.9895271062850952,1,1
01,7,0.9962811470031738,1,1
01,8,0.9962505102157593,1,1
01,9,0.9939470291137695,1,1
01,10,0.9909305572509766,1,1
01,11,0.9895801544189453,1,1
01,12,0.99012690782547,1,1
01,13,0.9903619885444641,1,1
01,14,0.9924772381782532,1,1
01,15,0.9954972267150879,1,1
01,16,0.9931389093399048,1,1
01,17,0.9897095561027527,1,1
01,18,0.9874521493911743,1,1
01,19,0.974321186542511,1,1
01,20,0.9719115495681763,1,1
01,21,0.9752752184867859,1,1
01,22,0.9775444865226746,1,1
01,23,0.9799706339836121,1,1
01,24,0.9924504160881042,1,1
01,25,0.990649402141571,1,1
01,26,0.9878898859024048,1,1
01,27,0.9893990755081177,1,1
01,28,0.987817645072937,1,1
01,29,0.9887369275093079,1,1
01,30,0.9898393750190735,1,1
01,31,0.9930370450019836,1,1
01,32,0.992293655872345,1,1
01,33,0.9933024644851685,1,1
01,34,0.8640334010124207,1,1
01,35,0.7300752401351929,1,1
01,36,0.6268324255943298,1,1
01,37,0.6270723938941956,1,1
01,38,0.6028252243995667,1,1
01,39,0.7053192853927612,1,1
01,40,0.8380725979804993,1,1
01,41,0.9323070645332336,1,1
01,42,0.9285723567008972,1,1
01,43,0.9511780738830566,1,1
01,44,0.9771726727485657,1,1
01,45,0.9777814745903015,1,1
01,46,0.9785363078117371,1,1
01,47,0.9747268557548523,1,1
01,48,0.9732419848442078,1,1
01,49,0.9698120355606079,1,1
01,50,0.9717873334884644,1,1
01,51,0.7889178991317749,1,1
01,52,0.6175726652145386,1,1
01,53,0.43221616744995117,1,0
01,54,0.4183045029640198,1,0
01,55,0.22625401616096497,0,0
01,56,0.22005657851696014,0,0
01,57,0.20117740333080292,0,0
01,58,0.19417302310466766,0,0
01,59,0.04343385621905327,0,0
01,60,0.1033390536904335,0,0
01,61,0.11036846786737442,0,0
01,62,0.14830192923545837,0,0
01,63,0.15673956274986267,0,0
01,64,0.13625167310237885,0,0
01,65,0.08275388181209564,0,0
01,66,0.08638446033000946,0,0
01,67,0.06574495881795883,0,0
01,68,0.07831836491823196,0,0
01,69,0.09368222206830978,0,0
01,70,0.08792348206043243,0,0
01,71,0.09746955335140228,0,0
01,72,0.09149669110774994,0,0
01,73,0.08837605267763138,0,0
01,74,0.08405859768390656,0,0
01,75,0.09448039531707764,0,0
01,76,0.08780961483716965,0,0
01,77,0.10239262878894806,0,0
01,78,0.10186879336833954,0,0
01,79,0.10693792253732681,0,0
01,80,0.11027365922927856,0,0
01,81,0.11997993290424347,0,0
01,82,0.11776957660913467,0,0
01,83,0.11350810527801514,0,0
01,84,0.11886627972126007,0,0
01,85,0.13271024823188782,0,0
01,86,0.12931428849697113,0,0
01,87,0.11497457325458527,0,0
01,88,0.12992939352989197,0,0
01,89,0.11716721951961517,0,0
01,90,0.1030304804444313,0,0
01,91,0.0966963917016983,0,0
01,92,0.11498449742794037,0,0
01,93,0.1167377382516861,0,0
01,94,0.11830143630504608,0,0
01,95,0.12140107154846191,0,0
01,96,0.13862471282482147,0,0
01,97,0.12513816356658936,0,0
01,98,0.13600151240825653,0,0
01,99,0.13398995995521545,0,0
01,100,0.1557444930076599,0,0
01,101,0.13755255937576294,0,0
01,102,0.12636974453926086,0,0
01,103,0.09591978043317795,0,0
01,104,0.08155111223459244,0,0
01,105,0.03911018371582031,0,0
01,106,0.025070399045944214,0,0
01,107,0.02224019169807434,0,0
01,108,0.009633293375372887,0,0
01,109,0.006142177153378725,0,0
01,110,0.004834784660488367,0,0
01,111,0.004878033883869648,0,0
01,112,0.007798094302415848,0,0
01,113,0.00803279783576727,0,0
01,114,0.009382258169353008,0,0
01,115,0.01315316092222929,0,0
01,116,0.012801162898540497,0,0
01,117,0.009293009527027607,0,0
01,118,0.009425399824976921,0,0
01,119,0.008128996938467026,0,0
01,120,0.003793778596445918,0,0
01,121,0.011340647004544735,0,0
01,122,0.011193955317139626,0,0
01,123,0.012371172197163105,0,0
01,124,0.012136297300457954,0,0
01,125,0.013851848430931568,0,0
01,126,0.011216579005122185,0,0
01,127,0.015107251703739166,0,0
01,128,0.013605418615043163,0,0
01,129,0.014808708801865578,0,0
01,130,0.015004163607954979,0,0
01,131,0.010412861593067646,0,0
01,132,0.007574277464300394,0,0
01,133,0.00853204820305109,0,0
01,134,0.008808967657387257,0,0
01,135,0.01006264053285122,0,0
01,136,0.015387961640954018,0,0
01,137,0.015656884759664536,0,0
01,138,0.014783176593482494,0,0
01,139,0.01427015382796526,0,0
01,140,0.021354202181100845,0,0
01,141,0.03502006083726883,0,0
01,142,0.03950359672307968,0,0
01,143,0.039878711104393005,0,0
01,144,0.04745565727353096,0,0
01,145,0.04072964936494827,0,0
01,146,0.026861125603318214,0,0
01,147,0.027282243594527245,0,0
01,148,0.03233889490365982,0,0
01,149,0.0279966052621603,0,0
02,0,0.0659441351890564,0,0
02,1,0.06192195415496826,0,0
02,2,0.051768958568573,0,0
02,3,0.022817643359303474,0,0
02,4,0.017611393705010414,0,0
02,5,0.05129483342170715,0,0
02,6,0.051707930862903595,0,0
02,7,0.06186438351869583,0,0
02,8,0.06291770935058594,0,0
02,9,0.06288869678974152,0,0
02,10,0.02941644750535488,0,0
02,11,0.02296462282538414,0,0
02,12,0.014080645516514778,0,0
02,13,0.012774879112839699,0,0
02,14,0.011361353099346161,0,0
02,15,0.014913775026798248,0,0
02,16,0.013163293711841106,0,0
02,17,0.01145427767187357,0,0
02,18,0.01094121765345335,0,0
02,19,0.011204325594007969,0,0
02,20,0.007720716297626495,0,0
02,21,0.006761203054338694,0,0
02,22,0.008719922043383121,0,0
02,23,0.008155645802617073,0,0
02,24,0.008708341047167778,0,0
02,25,0.010039625689387321,0,0
02,26,0.010404752567410469,0,0
02,27,0.007597324438393116,0,0
02,28,0.008553428575396538,0,0
02,29,0.008448091335594654,0,0
02,30,0.007359826471656561,0,0
02,31,0.006805308163166046,0,0
02,32,0.00782892294228077,0,0
02,33,0.00691092386841774,0,0
02,34,0.006940269377082586,0,0
02,35,0.007023836486041546,0,0
02,36,0.007150811143219471,0,0
02,37,0.005849875044077635,0,0
02,38,0.006446857005357742,0,0
02,39,0.007674125023186207,0,0
02,40,0.007194251753389835,0,0
02,41,0.020268194377422333,0,0
02,42,0.022185951471328735,0,0
02,43,0.023131435737013817,0,0
02,44,0.021532615646719933,0,0
02,45,0.024540256708860397,0,0
02,46,0.011066049337387085,0,0
02,47,0.010119062848389149,0,0
02,48,0.015628911554813385,0,0
02,49,0.016492759808897972,0,0
02,50,0.01362099964171648,0,0
02,51,0.013614540919661522,0,0
02,52,0.01261602621525526,0,0
02,53,0.0054106032475829124,0,0
02,54,0.006276714149862528,0,0
02,55,0.00719943642616272,0,0
02,56,0.007678273133933544,0,0
02,57,0.008796902373433113,0,0
02,58,0.010487833060324192,0,0
02,59,0.010253529995679855,0,0
02,60,0.010834930464625359,0,0
02,61,0.011979292146861553,0,0
02,62,0.013454029336571693,0,0
02,63,0.01642964407801628,0,0
02,64,0.016223132610321045,0,0
02,65,0.015391339547932148,0,0
02,66,0.014353829436004162,0,0
02,67,0.013350807130336761,0,0
02,68,0.00946582667529583,0,0
02,69,0.011949027888476849,0,0
02,70,0.01196177490055561,0,0
02,71,0.012429974973201752,0,0
02,72,0.013621422462165356,0,0
02,73,0.015459815040230751,0,0
02,74,0.015575510449707508,0,0
02,75,0.015451927669346333,0,0
02,76,0.0156555213034153,0,0
02,77,0.014862646348774433,0,0
02,78,0.016143128275871277,0,0
02,79,0.014186523854732513,0,0
02,80,0.01373334787786007,0,0
02,81,0.013661745004355907,0,0
02,82,0.012712257914245129,0,0
02,83,0.008536823093891144,0,0
02,84,0.006948741618543863,0,0
02,85,0.00802621804177761,0,0
02,86,0.008525161072611809,0,0
02,87,0.00928215216845274,0,0
02,88,0.010752534493803978,0,0
02,89,0.011795426718890667,0,0
02,90,0.011981196701526642,0,0
02,91,0.012453543022274971,0,0
02,92,0.01867709495127201,0,0
02,93,0.01815739832818508,0,0
02,94,0.01945684850215912,0,0
02,95,0.02294303849339485,0,0
02,96,0.21839013695716858,1,0
02,97,0.40785104036331177,1,0
02,98,0.6027604341506958,1,1
02,99,0.797997236251831,1,1
02,100,0.9917165637016296,1,1
02,101,0.9930635690689087,1,1
02,102,0.9933997988700867,1,1
02,103,0.995152473449707,1,1
02,104,0.9952214360237122,1,1
02,105,0.9935306310653687,1,1
02,106,0.9929323196411133,1,1
02,107,0.9932414293289185,1,1
02,108,0.9921701550483704,1,1
02,109,0.9931200742721558,1,1
02,110,0.9944513440132141,1,1
02,111,0.9947136640548706,1,1
02,112,0.9952107667922974,1,1
02,113,0.9965284466743469,1,1
02,114,0.9957901835441589,1,1
02,115,0.9962536096572876,1,1
02,116,0.9965984225273132,1,1
02,117,0.9966052174568176,1,1
02,118,0.9974451065063477,1,1
02,119,0.9979603886604309,1,1
02,120,0.9980342984199524,1,1
02,121,0.9974705576896667,1,1
02,122,0.9976194500923157,1,1
02,123,0.9977811574935913,1,1
02,124,0.9980069994926453,1,1
02,125,0.9977710843086243,1,1
02,126,0.9983708262443542,1,1
02,127,0.9984111785888672,1,1
02,128,0.9980871081352234,1,1
02,129,0.997830867767334,1,1
02,130,0.9980096817016602,1,1
02,131,0.997816264629364,1,1
02,132,0.9980777502059937,1,1
02,133,0.9982936978340149,1,1
02,134,0.9946643114089966,1,1
02,135,0.9932458996772766,1,1
02,136,0.9912900924682617,1,1
02,137,0.9895544052124023,1,1
02,138,0.9881644248962402,1,1
02,139,0.9909151792526245,1,1
02,140,0.9915358424186707,1,1
02,141,0.9916995763778687,1,1
02,142,0.9931843876838684,1,1
02,143,0.9944294691085815,1,1
02,144,0.9947029948234558,1,1
02,145,0.9954279661178589,1,1
02,146,0.997157096862793,1,1
02,147,0.9975203275680542,1,1
02,148,0.9974805116653442,1,1
02,149,0.9983976483345032,1,1
03,0,0.9913803935050964,1,1
03,1,0.9927552938461304,1,1
03,2,0.9935940504074097,1,1
03,3,0.9942331314086914,1,1
03,4,0.9976695775985718,1,1
03,5,0.9974921941757202,1,1
03,6,0.996928870677948,1,1
03,7,0.9965084195137024,1,1
03,8,0.9959932565689087,1,1
03,9,0.9957839846611023,1,1
03,10,0.9959487915039062,1,1
03,11,0.995991587638855,1,1
03,12,0.9962779879570007,1,1
03,13,0.9955877065658569,1,1
03,14,0.9943019151687622,1,1
03,15,0.9942145347595215,1,1
03,16,0.9938952326774597,1,1
03,17,0.9939225912094116,1,1
03,18,0.9945205450057983,1,1
03,19,0.9950355291366577,1,1
03,20,0.9948737025260925,1,1
03,21,0.9945743680000305,1,1
03,22,0.9937152862548828,1,1
03,23,0.9938826560974121,1,1
03,24,0.9947566986083984,1,1
03,25,0.9916043281555176,1,1
03,26,0.992293655872345,1,1
03,27,0.9931830167770386,1,1
03,28,0.9839516878128052,1,1
03,29,0.9829907417297363,1,1
03,30,0.986385703086853,1,1
03,31,0.9863302111625671,1,1
03,32,0.9863818883895874,1,1
03,33,0.9950114488601685,1,1
03,34,0.9958680868148804,1,1
03,35,0.9949696660041809,1,1
03,36,0.9927123785018921,1,1
03,37,0.9913913607597351,1,1
03,38,0.9906989932060242,1,1
03,39,0.9894536137580872,1,1
03,40,0.9880102872848511,1,1
03,41,0.7951023578643799,1,1
03,42,0.5990206003189087,1,1
03,43,0.4030434489250183,1,0
03,44,0.2061157524585724,0,0
03,45,0.010336564853787422,0,0
03,46,0.007985789328813553,0,0
03,47,0.007997071370482445,0,0
03,48,0.007712228689342737,0,0
03,49,0.007866540923714638,0,0
03,50,0.0076158419251441956,0,0
03,51,0.011008799076080322,0,0
03,52,0.010100272484123707,0,0
03,53,0.010017008520662785,0,0
03,54,0.010093910619616508,0,0
03,55,0.011143485084176064,0,0
03,56,0.007502059452235699,0,0
03,57,0.007648012135177851,0,0
03,58,0.014580657705664635,0,0
03,59,0.01679036393761635,0,0
03,60,0.019161533564329147,0,0
03,61,0.02038637176156044,0,0
03,62,0.02281092293560505,0,0
03,63,0.01589379645884037,0,0
03,64,0.012703685089945793,0,0
03,65,0.01833089254796505,0,0
03,66,0.0167206060141325,0,0
03,67,0.015072522684931755,0,0
03,68,0.014802178367972374,0,0
03,69,0.016154037788510323,0,0
03,70,0.009449715726077557,0,0
03,71,0.015512597747147083,0,0
03,72,0.01893676444888115,0,0
03,73,0.02692420408129692,0,0
03,74,0.028527677059173584,0,0
03,75,0.03066660836338997,0,0
03,76,0.03327155485749245,0,0
03,77,0.02973932959139347,0,0
03,78,0.02370314486324787,0,0
03,79,0.026898693293333054,0,0
03,80,0.02346578612923622,0,0
03,81,0.01800495944917202,0,0
03,82,0.01987048238515854,0,0
03,83,0.022901151329278946,0,0
03,84,0.017932992428541183,0,0
03,85,0.017048250883817673,0,0
03,86,0.01523231528699398,0,0
03,87,0.0131812933832407,0,0
03,88,0.009626572951674461,0,0
03,89,0.008182700723409653,0,0
03,90,0.00809465441852808,0,0
03,91,0.00817389227449894,0,0
03,92,0.007359202951192856,0,0
03,93,0.0060274237766861916,0,0
03,94,0.019791733473539352,0,0
03,95,0.05588572099804878,0,0
03,96,0.12112774699926376,0,0
03,97,0.1694636046886444,0,0
03,98,0.18339405953884125,0,0
03,99,0.18637607991695404,0,0
03,100,0.1508827805519104,0,0
03,101,0.12313661724328995,0,0
03,102,0.09007876366376877,0,0
03,103,0.11425826698541641,0,0
03,104,0.11725346744060516,0,0
03,105,0.16819241642951965,0,0
03,106,0.15931928157806396,0,0
03,107,0.16696007549762726,0,0
03,108,0.16456329822540283,0,0
03,109,0.22103002667427063,0,0
03,110,0.19677841663360596,0,0
03,111,0.19854378700256348,0,0
03,112,0.19569756090641022,0,0
03,113,0.24839600920677185,0,0
03,114,0.22708864510059357,0,0
03,115,0.2162221372127533,0,0
03,116,0.21810349822044373,0,0
03,117,0.21600055694580078,0,0
03,118,0.19072426855564117,0,0
03,119,0.2147226333618164,0,0
03,120,0.2020890712738037,0,0
03,121,0.19043482840061188,0,0
03,122,0.21072185039520264,0,0
03,123,0.22579026222229004,0,0
03,124,0.2258128672838211,0,0
03,125,0.2539116442203522,0,0
03,126,0.24325263500213623,0,0
03,127,0.2369556874036789,0,0
03,128,0.2561132311820984,0,0
03,129,0.18825006484985352,0,0
03,130,0.16137073934078217,0,0
03,131,0.21169941127300262,0,0
03,132,0.20645980536937714,0,0
03,133,0.11442941427230835,0,0
03,134,0.13540005683898926,0,0
03,135,0.2744418978691101,0,0
03,136,0.2743600904941559,0,0
03,137,0.3423464894294739,1,0
03,138,0.411815345287323,1,0
03,139,0.4687352776527405,1,0
03,140,0.35337120294570923,1,0
03,141,0.34223470091819763,1,0
03,142,0.3061801791191101,0,0
03,143,0.2935631275177002,0,0
03,144,0.20641398429870605,0,0
03,145,0.18548616766929626,0,0
03,146,0.1439536213874817,0,0
03,147,0.09215486794710159,0,0
03,148,0.035708654671907425,0,0
03,149,0.04408222436904907,0,0
04,0,0.09348859637975693,0,0
04,1,0.08579406142234802,0,0
04,2,0.0886162742972374,0,0
04,3,0.0722920149564743,0,0
04,4,0.06961967051029205,0,0
04,5,0.06083790585398674,0,0
04,6,0.05553290247917175,0,0
04,7,0.048874519765377045,0,0
04,8,0.038074154406785965,0,0
04,9,0.04066065698862076,0,0
04,10,0.04177550598978996,0,0
04,11,0.052432745695114136,0,0
04,12,0.0502031072974205,0,0
04,13,0.05994553491473198,0,0
04,14,0.057387031614780426,0,0
04,15,0.0635261982679367,0,0
04,16,0.05406544357538223,0,0
04,17,0.062017373740673065,0,0
04,18,0.056112177670001984,0,0
04,19,0.06777971982955933,0,0
04,20,0.05874297022819519,0,0
04,21,0.05784162878990173,0,0
04,22,0.05029746890068054,0,0
04,23,0.05197421461343765,0,0
04,24,0.042180173099040985,0,0
04,25,0.040693074464797974,0,0
04,26,0.03761366382241249,0,0
04,27,0.028901856392621994,0,0
04,28,0.020848305895924568,0,0
04,29,0.025279957801103592,0,0
04,30,0.027206793427467346,0,0
04,31,0.026684660464525223,0,0
04,32,0.027564790099859238,0,0
04,33,0.024221479892730713,0,0
04,34,0.021932881325483322,0,0
04,35,0.019425926730036736,0,0
04,36,0.020958606153726578,0,0
04,37,0.0208433847874403,0,0
04,38,0.020006423816084862,0,0
04,39,0.017074743285775185,0,0
04,40,0.019243856891989708,0,0
04,41,0.015926530584692955,0,0
04,42,0.013840225525200367,0,0
04,43,0.01494868565350771,0,0
04,44,0.013472740538418293,0,0
04,45,0.012101992033421993,0,0
04,46,0.03934795409440994,0,0
04,47,0.05163361504673958,0,0
04,48,0.0642610639333725,0,0
04,49,0.08814987540245056,0,0
04,50,0.10783006995916367,1,0
04,51,0.09207051247358322,0,0
04,52,0.08933694660663605,0,0
04,53,0.0818413645029068,0,0
04,54,0.0831546038389206,0,0
04,55,0.0675058513879776,0,0
04,56,0.05840105563402176,0,0
04,57,0.0500233955681324,0,0
04,58,0.04348458722233772,0,0
04,59,0.01884848065674305,0,0
04,60,0.013838155195116997,0,0
04,61,0.014665523543953896,0,0
04,62,0.01616380177438259,0,0
04,63,0.021144840866327286,0,0
04,64,0.023272857069969177,0,0
04,65,0.023260265588760376,0,0
04,66,0.019051142036914825,0,0
04,67,0.01838814839720726,0,0
04,68,0.01663462445139885,0,0
04,69,0.022941749542951584,0,0
04,70,0.022669119760394096,0,0
04,71,0.024775918573141098,0,0
04,72,0.023257222026586533,0,0
04,73,0.019892273470759392,0,0
04,74,0.011554102413356304,0,0
04,75,0.011795208789408207,0,0
04,76,0.010948918759822845,0,0
04,77,0.010855656117200851,0,0
04,78,0.01166857872158289,0,0
04,79,0.010654320009052753,0,0
04,80,0.01467373687773943,0,0
04,81,0.016382528468966484,0,0
04,82,0.01702560856938362,0,0
04,83,0.01569247618317604,0,0
04,84,0.017014261335134506,0,0
04,85,0.015604251995682716,0,0
04,86,0.015021833591163158,0,0
04,87,0.01500083040446043,0,0
04,88,0.015513102523982525,0,0
04,89,0.01407556515187025,0,0
04,90,0.014705422334372997,0,0
04,91,0.013797770254313946,0,0
04,92,0.012784719467163086,0,0
04,93,0.011707108467817307,0,0
04,94,0.01094302348792553,0,0
04,95,0.006783382501453161,0,0
04,96,0.1895318180322647,1,0
04,97,0.3392210900783539,1,0
04,98,0.5300525426864624,1,1
04,99,0.7101716995239258,1,1
04,100,0.8534814715385437,1,1
04,101,0.8191461563110352,1,1
04,102,0.8432442545890808,1,1
04,103,0.8335994482040405,1,1
04,104,0.8210577964782715,1,1
04,105,0.8538525700569153,1,1
04,106,0.8770462870597839,1,1
04,107,0.8887260556221008,1,1
04,108,0.8748694658279419,1,1
04,109,0.892868161201477,1,1
04,110,0.8946174383163452,1,1
04,111,0.8768268823623657,1,1
04,112,0.8380661010742188,1,1
04,113,0.8409654498100281,1,1
04,114,0.8192833662033081,1,1
04,115,0.7915899157524109,1,1
04,116,0.7875693440437317,1,1
04,117,0.8096596598625183,1,1
04,118,0.8206861615180969,1,1
04,119,0.8289520144462585,1,1
04,120,0.8088146448135376,1,1
04,121,0.8398383259773254,1,1
04,122,0.8307464718818665,1,1
04,123,0.7825700640678406,1,1
04,124,0.7967715859413147,1,1
04,125,0.8004109263420105,1,1
04,126,0.7955171465873718,1,1
04,127,0.809754490852356,1,1
04,128,0.8480866551399231,1,1
04,129,0.8013744354248047,1,1
04,130,0.8371233940124512,1,1
04,131,0.8339409828186035,1,1
04,132,0.8237085342407227,1,1
04,133,0.8279916644096375,1,1
04,134,0.8646723628044128,1,1
04,135,0.8555140495300293,1,1
04,136,0.8457614779472351,1,1
04,137,0.8536467552185059,1,1
04,138,0.8593080639839172,1,1
04,139,0.8666664361953735,1,1
04,140,0.8851096034049988,1,1
04,141,0.9121783375740051,1,1
04,142,0.882239818572998,1,1
04,143,0.8601540327072144,1,1
04,144,0.8644997477531433,1,1
04,145,0.8456927537918091,1,1
04,146,0.8338549733161926,1,1
04,147,0.872597336769104,1,1
04,148,0.8906654715538025,1,1
04,149,0.8725488185882568,1,1
05,0,0.000996498973108828,0,0
05,1,0.0008813078748062253,0,0
05,2,0.0007765216287225485,0,0
05,3,0.0009058801224455237,0,0
05,4,0.0007078750059008598,0,0
05,5,0.0008382707601413131,0,0
05,6,0.0008859981899149716,0,0
05,7,0.0008327680407091975,0,0
05,8,0.00039942952571436763,0,0
05,9,0.0003781836130656302,0,0
05,10,0.00032723494223318994,0,0
05,11,0.0002371410810155794,0,0
05,12,0.00030749832512810826,0,0
05,13,0.00046835149987600744,0,0
05,14,0.0005041281692683697,0,0
05,15,0.0006262831157073379,0,0
05,16,0.0006862594746053219,0,0
05,17,0.0007252829382196069,0,0
05,18,0.0006063372711651027,0,0
05,19,0.000701623095665127,0,0
05,20,0.0005268737440928817,0,0
05,21,0.0005298851756379008,0,0
05,22,0.0006125554209575057,0,0
05,23,0.001277246279641986,0,0
05,24,0.002225792035460472,0,0
05,25,0.0028197686187922955,0,0
05,26,0.00533352280035615,0,0
05,27,0.006863134913146496,0,0
05,28,0.00821275170892477,0,0
05,29,0.007947002537548542,0,0
05,30,0.007421751972287893,0,0
05,31,0.005065939389169216,0,0
05,32,0.003672292921692133,0,0
05,33,0.002051536226645112,0,0
05,34,0.001483336673118174,0,0
05,35,0.001966616604477167,0,0
05,36,0.002013143617659807,0,0
05,37,0.0017455139895901084,0,0
05,38,0.0014413027092814445,0,0
05,39,0.001558474963530898,0,0
05,40,0.001925970078445971,0,0
05,41,0.0017962816637009382,0,0
05,42,0.002200010698288679,0,0
05,43,0.002283920766785741,0,0
05,44,0.002537060296162963,0,0
05,45,0.004224948585033417,0,0
05,46,0.004702296573668718,0,0
05,47,0.004496416542679071,0,0
05,48,0.004621551372110844,0,0
05,49,0.0043173255398869514,0,0
05,50,0.0021537835709750652,0,0
05,51,0.1884913146495819,1,0
05,52,0.35635265707969666,1,0
05,53,0.5078352093696594,1,1
05,54,0.6865507364273071,1,1
05,55,0.850733757019043,1,1
05,56,0.8406739234924316,1,1
05,57,0.8263136744499207,1,1
05,58,0.8415247797966003,1,1
05,59,0.8385074734687805,1,1
05,60,0.8561536073684692,1,1
05,61,0.8081697225570679,1,1
05,62,0.7919424176216125,1,1
05,63,0.8120215535163879,1,1
05,64,0.8255952596664429,1,1
05,65,0.8368827104568481,1,1
05,66,0.9051932096481323,1,1
05,67,0.965295135974884,1,1
05,68,0.9767491221427917,1,1
05,69,0.9860137104988098,1,1
05,70,0.9898933172225952,1,1
05,71,0.9911414980888367,1,1
05,72,0.9912816882133484,1,1
05,73,0.9913913011550903,1,1
05,74,0.9909945726394653,1,1
05,75,0.9873231649398804,1,1
05,76,0.9871455430984497,1,1
05,77,0.981818675994873,1,1
05,78,0.979509174823761,1,1
05,79,0.9756737947463989,1,1
05,80,0.9766729474067688,1,1
05,81,0.9764052629470825,1,1
05,82,0.9819720387458801,1,1
05,83,0.9847418665885925,1,1
05,84,0.9876556396484375,1,1
05,85,0.9904883503913879,1,1
05,86,0.9908401370048523,1,1
05,87,0.9913811683654785,1,1
05,88,0.984846293926239,1,1
05,89,0.9852918386459351,1,1
05,90,0.9851600527763367,1,1
05,91,0.9810836911201477,1,1
05,92,0.980861485004425,1,1
05,93,0.9867045283317566,1,1
05,94,0.9867091178894043,1,1
05,95,0.9836958050727844,1,1
05,96,0.9846814274787903,1,1
05,97,0.9845206141471863,1,1
05,98,0.9828639030456543,1,1
05,99,0.9817655682563782,1,1
05,100,0.7899706959724426,1,1
05,101,0.5986540913581848,1,1
05,102,0.4014813303947449,1,0
05,103,0.20498481392860413,1,0
05,104,0.008182446472346783,0,0
05,105,0.005932198371738195,0,0
05,106,0.002144280821084976,0,0
05,107,0.0012700054794549942,0,0
05,108,0.0010494564194232225,0,0
05,109,0.0011745693627744913,0,0
05,110,0.00124048360157758,0,0
05,111,0.0011383832897990942,0,0
05,112,0.0021170941181480885,0,0
05,113,0.0023220679722726345,0,0
05,114,0.00282784691080451,0,0
05,115,0.00267328810878098,0,0
05,116,0.0031136185862123966,0,0
05,117,0.002580392174422741,0,0
05,118,0.002646558452397585,0,0
05,119,0.002255009952932596,0,0
05,120,0.001972828758880496,0,0
05,121,0.00145295774564147,0,0
05,122,0.0009408416226506233,0,0
05,123,0.0010193927446380258,0,0
05,124,0.0007436874439008534,0,0
05,125,0.0008366603287868202,0,0
05,126,0.0009513978147879243,0,0
05,127,0.001326085883192718,0,0
05,128,0.001101634232327342,0,0
05,129,0.0011550376657396555,0,0
05,130,0.0010222021955996752,0,0
05,131,0.0009838698897510767,0,0
05,132,0.0014566562604159117,0,0
05,133,0.0017730112886056304,0,0
05,134,0.0029941450338810682,0,0
05,135,0.0031348553020507097,0,0
05,136,0.003297648625448346,0,0
05,137,0.0024781315587460995,0,0
05,138,0.0027060091961175203,0,0
05,139,0.001706375740468502,0,0
05,140,0.002594840247184038,0,0
05,141,0.0023538339883089066,0,0
05,142,0.0023940063547343016,0,0
05,143,0.0017245355993509293,0,0
05,144,0.0015699717914685607,0,0
05,145,0.0005476028891280293,0,0
05,146,0.0005212564719840884,0,0
05,147,0.0005508918548002839,0,0
05,148,0.0005718785687349737,0,0
05,149,0.00044845332740806043,0,0
06,0,0.03127000108361244,0,0
06,1,0.0238786730915308,0,0
06,2,0.020168598741292953,0,0
06,3,0.02074519917368889,0,0
06,4,0.005991337820887566,0,0
06,5,0.003385040210559964,0,0
06,6,0.003100545611232519,0,0
06,7,0.002161037875339389,0,0
06,8,0.001039002789184451,0,0
06,9,0.0004035673919133842,0,0
06,10,0.00036857760278508067,0,0
06,11,0.00038326490903273225,0,0
06,12,0.000278687133686617,0,0
06,13,0.00033694569719955325,0,0
06,14,0.0004164709826000035,0,0
06,15,0.0006004300666972995,0,0
06,16,0.0011997850378975272,0,0
06,17,0.0017127993050962687,0,0
06,18,0.0016145141562446952,0,0
06,19,0.001754158758558333,0,0
06,20,0.001574495225213468,0,0
06,21,0.0009950438980013132,0,0
06,22,0.0005324966041371226,0,0
06,23,0.0005759849445894361,0,0
06,24,0.0005066492594778538,0,0
06,25,0.0005254168645478785,0,0
06,26,0.0005000040982849896,0,0
06,27,0.0008286671945825219,0,0
06,28,0.0007849619723856449,0,0
06,29,0.0006755684153176844,0,0
06,30,0.0005754267913289368,0,0
06,31,0.0006150974659249187,0,0
06,32,0.00046712550101801753,0,0
06,33,0.000537075218744576,0,0
06,34,0.0005689471727237105,0,0
06,35,0.0006659423816017807,0,0
06,36,0.0006990771507844329,0,0
06,37,0.0004992915783077478,0,0
06,38,0.0005635617999359965,0,0
06,39,0.0021370290778577328,0,0
06,40,0.0020993466023355722,0,0
06,41,0.0020130700431764126,0,0
06,42,0.00200951611623168,0,0
06,43,0.002108250977471471,0,0
06,44,0.11411629617214203,1,0
06,45,0.21471576392650604,1,0
06,46,0.22486872971057892,1,1
06,47,0.24301519989967346,1,1
06,48,0.24632883071899414,1,1
06,49,0.29278507828712463,1,1
06,50,0.37812209129333496,1,1
06,51,0.5319469571113586,1,1
06,52,0.6957768201828003,1,1
06,53,0.7071871161460876,1,1
06,54,0.696567714214325,1,1
06,55,0.5309880971908569,1,1
06,56,0.41434162855148315,1,1
06,57,0.2995043098926544,1,1
06,58,0.3241727352142334,1,1
06,59,0.2198566198348999,1,1
06,60,0.275610089302063,1,1
06,61,0.3114278316497803,1,1
06,62,0.3225398361682892,1,1
06,63,0.44234877824783325,1,1
06,64,0.5495931506156921,1,1
06,65,0.5851468443870544,1,1
06,66,0.5522819757461548,1,1
06,67,0.5415859222412109,1,1
06,68,0.4525640904903412,1,1
06,69,0.38848620653152466,1,1
06,70,0.39055323600769043,1,1
06,71,0.5147314071655273,1,1
06,72,0.610662579536438,1,1
06,73,0.7019197344779968,1,1
06,74,0.7921270132064819,1,1
06,75,0.8516415357589722,1,1
06,76,0.8167775273323059,1,1
06,77,0.6662285923957825,1,1
06,78,0.5131454467773438,1,1
06,79,0.3401578962802887,1,1
06,80,0.20775675773620605,1,1
06,81,0.10685845464468002,1,1
06,82,0.17790170013904572,1,1
06,83,0.26926785707473755,1,1
06,84,0.37815985083580017,1,1
06,85,0.4852506220340729,1,1
06,86,0.6017983555793762,1,1
06,87,0.6224454045295715,1,1
06,88,0.6601422429084778,1,1
06,89,0.6971855759620667,1,1
06,90,0.6834367513656616,1,1
06,91,0.6425816416740417,1,1
06,92,0.6864083409309387,1,1
06,93,0.5499168634414673,1,1
06,94,0.3987853527069092,1,1
06,95,0.26496362686157227,1,0
06,96,0.1507425606250763,1,0
06,97,0.0022781137377023697,0,0
06,98,0.001381667796522379,0,0
06,99,0.001653986400924623,0,0
06,100,0.0019083587685599923,0,0
06,101,0.001990073826164007,0,0
06,102,0.0022452950943261385,0,0
06,103,0.0021586199291050434,0,0
06,104,0.0016926510725170374,0,0
06,105,0.001167234149761498,0,0
06,106,0.0011733330320566893,0,0
06,107,0.007400456815958023,0,0
06,108,0.007399204187095165,0,0
06,109,0.007404738571494818,0,0
06,110,0.007465733680874109,0,0
06,111,0.007313157431781292,0,0
06,112,0.0020415480248630047,0,0
06,113,0.002048041671514511,0,0
06,114,0.0020354234147816896,0,0
06,115,0.0024069249629974365,0,0
06,116,0.0023144236765801907,0,0
06,117,0.002759372116997838,0,0
06,118,0.0027179222088307142,0,0
06,119,0.036421991884708405,0,0
06,120,0.07234737277030945,0,0
06,121,0.09822159260511398,0,0
06,122,0.0971623957157135,0,0
06,123,0.09708525985479355,0,0
06,124,0.0639367550611496,0,0
06,125,0.028436997905373573,0,0
06,126,0.0026996824890375137,0,0
06,127,0.0022019115276634693,0,0
06,128,0.0025264923460781574,0,0
06,129,0.00194746779743582,0,0
06,130,0.0011818150524049997,0,0
06,131,0.0011113027576357126,0,0
06,132,0.0011440643575042486,0,0
06,133,0.0008054975187405944,0,0
06,134,0.0009332539630122483,0,0
06,135,0.0009054949623532593,0,0
06,136,0.0011568324407562613,0,0
06,137,0.001202418701723218,0,0
06,138,0.0014305846998468041,0,0
06,139,0.001563256955705583,0,0
06,140,0.0013983582612127066,0,0
06,141,0.0012049778597429395,0,0
06,142,0.0011068067979067564,0,0
06,143,0.0009182405774481595,0,0
06,144,0.000913647934794426,0,0
06,145,0.0009132021223194897,0,0
06,146,0.000884122506249696,0,0
06,147,0.0008528213948011398,0,0
06,148,0.0009099663002416492,0,0
06,149,0.0005295920418575406,0,0
07,0,0.17460070550441742,0,0
07,1,0.17012956738471985,0,0
07,2,0.14694130420684814,0,0
07,3,0.14752574265003204,0,0
07,4,0.0816262736916542,0,0
07,5,0.07198293507099152,0,0
07,6,0.05263277143239975,0,0
07,7,0.0451040156185627,0,0
07,8,0.03506036847829819,0,0
07,9,0.026738900691270828,0,0
07,10,0.02898981235921383,0,0
07,11,0.024179035797715187,0,0
07,12,0.02786492183804512,0,0
07,13,0.02991768717765808,0,0
07,14,0.030201667919754982,0,0
07,15,0.03627392649650574,0,0
07,16,0.037657298147678375,0,0
07,17,0.0396726056933403,0,0
07,18,0.036016423255205154,0,0
07,19,0.05109373852610588,0,0
07,20,0.051526863127946854,0,0
07,21,0.04497808963060379,0,0
07,22,0.044425904750823975,0,0
07,23,0.04796736687421799,0,0
07,24,0.04195158928632736,0,0
07,25,0.03301706910133362,0,0
07,26,0.032220833003520966,0,0
07,27,0.030179515480995178,0,0
07,28,0.036117613315582275,0,0
07,29,0.03730614483356476,0,0
07,30,0.03566917032003403,0,0
07,31,0.04736769199371338,0,0
07,32,0.06694845110177994,0,0
07,33,0.06347449123859406,0,0
07,34,0.07751190662384033,0,0
07,35,0.08137776702642441,0,0
07,36,0.07263395190238953,0,0
07,37,0.052376389503479004,0,0
07,38,0.05500044301152229,0,0
07,39,0.07104754447937012,0,0
07,40,0.07254999876022339,0,0
07,41,0.08941949158906937,0,0
07,42,0.09740893542766571,0,0
07,43,0.10506828129291534,0,0
07,44,0.0768837258219719,0,0
07,45,0.19918029010295868,0,0
07,46,0.3764684498310089,1,0
07,47,0.5616307258605957,1,1
07,48,0.7427694201469421,1,1
07,49,0.9243707656860352,1,1
07,50,0.9933754205703735,1,1
07,51,0.9943481683731079,1,1
07,52,0.9940893054008484,1,1
07,53,0.9904437065124512,1,1
07,54,0.9907558560371399,1,1
07,55,0.991406261920929,1,1
07,56,0.9910176992416382,1,1
07,57,0.9916779398918152,1,1
07,58,0.9945511817932129,1,1
07,59,0.9929958581924438,1,1
07,60,0.9933300018310547,1,1
07,61,0.9933476448059082,1,1
07,62,0.9929131269454956,1,1
07,63,0.9935863614082336,1,1
07,64,0.9932629466056824,1,1
07,65,0.993423342704773,1,1
07,66,0.9928616285324097,1,1
07,67,0.9934908151626587,1,1
07,68,0.9935852289199829,1,1
07,69,0.995858371257782,1,1
07,70,0.9950454831123352,1,1
07,71,0.9950367212295532,1,1
07,72,0.988941490650177,1,1
07,73,0.9890058636665344,1,1
07,74,0.9889990091323853,1,1
07,75,0.9855993390083313,1,1
07,76,0.9844635725021362,1,1
07,77,0.9895418882369995,1,1
07,78,0.9897142648696899,1,1
07,79,0.9883125424385071,1,1
07,80,0.9901941418647766,1,1
07,81,0.9925928115844727,1,1
07,82,0.9933215379714966,1,1
07,83,0.9929728507995605,1,1
07,84,0.9820917844772339,1,1
07,85,0.9642652273178101,1,1
07,86,0.9546125531196594,1,1
07,87,0.9489251971244812,1,1
07,88,0.9323954582214355,1,1
07,89,0.9414246678352356,1,1
07,90,0.9606626629829407,1,1
07,91,0.7770835161209106,1,1
07,92,0.601449728012085,1,1
07,93,0.4550691246986389,1,0
07,94,0.27586930990219116,1,0
07,95,0.08332006633281708,0,0
07,96,0.09871317446231842,0,0
07,97,0.11302842944860458,0,0
07,98,0.07964544743299484,0,0
07,99,0.08200177550315857,0,0
07,100,0.12230433523654938,0,0
07,101,0.1419287919998169,0,0
07,102,0.11745655536651611,0,0
07,103,0.13236036896705627,0,0
07,104,0.1555802971124649,0,0
07,105,0.13541290163993835,0,0
07,106,0.11362455785274506,0,0
07,107,0.12620030343532562,0,0
07,108,0.11134929955005646,0,0
07,109,0.07574570178985596,0,0
07,110,0.08540662378072739,0,0
07,111,0.08553719520568848,0,0
07,112,0.0876014456152916,0,0
07,113,0.12484866380691528,0,0
07,114,0.13166749477386475,0,0
07,115,0.1601695567369461,0,0
07,116,0.18759635090827942,0,0
07,117,0.1771431565284729,0,0
07,118,0.1504167765378952,0,0
07,119,0.14844457805156708,0,0
07,120,0.1012268215417862,0,0
07,121,0.12837989628314972,0,0
07,122,0.13048774003982544,0,0
07,123,0.14529335498809814,0,0
07,124,0.1552145779132843,0,0
07,125,0.1617736667394638,0,0
07,126,0.11052912473678589,0,0
07,127,0.11063307523727417,0,0
07,128,0.10984273254871368,0,0
07,129,0.11842811107635498,0,0
07,130,0.13138137757778168,0,0
07,131,0.13854548335075378,0,0
07,132,0.13997861742973328,0,0
07,133,0.13156580924987793,0,0
07,134,0.12199781835079193,0,0
07,135,0.0938854068517685,0,0
07,136,0.078917495906353,0,0
07,137,0.08022282272577286,0,0
07,138,0.0766139030456543,0,0
07,139,0.06476719677448273,0,0
07,140,0.06250306218862534,0,0
07,141,0.14140960574150085,0,0
07,142,0.15735408663749695,0,0
07,143,0.16669680178165436,0,0
07,144,0.18330727517604828,0,0
07,145,0.20920591056346893,0,0
07,146,0.15118953585624695,0,0
07,147,0.14015677571296692,0,0
07,148,0.14446315169334412,0,0
07,149,0.1502361297607422,0,0
08,0,0.6765406727790833,1,1
08,1,0.7094702124595642,1,1
08,2,0.7362533807754517,1,1
08,3,0.7589183449745178,1,1
08,4,0.7929350137710571,1,1
08,5,0.8339206576347351,1,1
08,6,0.8349453210830688,1,1
08,7,0.8496387600898743,1,1
08,8,0.8631163835525513,1,1
08,9,0.8037092089653015,1,1
08,10,0.8215249180793762,1,1
08,11,0.8405483961105347,1,1
08,12,0.848222553730011,1,1
08,13,0.8195546269416809,1,1
08,14,0.846807599067688,1,1
08,15,0.8268839716911316,1,1
08,16,0.8360368013381958,1,1
08,17,0.777768611907959,1,1
08,18,0.7867909669876099,1,1
08,19,0.8155134916305542,1,1
08,20,0.8111656308174133,1,1
08,21,0.7930734753608704,1,1
08,22,0.8508868217468262,1,1
08,23,0.8731557726860046,1,1
08,24,0.8929753303527832,1,1
08,25,0.9039821624755859,1,1
08,26,0.9183568954467773,1,1
08,27,0.9197007417678833,1,1
08,28,0.9311621785163879,1,1
08,29,0.9430294036865234,1,1
08,30,0.9716142416000366,1,1
08,31,0.9809576869010925,1,1
08,32,0.9534581303596497,1,1
08,33,0.9538830518722534,1,1
08,34,0.9410432577133179,1,1
08,35,0.9375258684158325,1,1
08,36,0.9369255304336548,1,1
08,37,0.9688199758529663,1,1
08,38,0.9658368825912476,1,1
08,39,0.9595451354980469,1,1
08,40,0.928974449634552,1,1
08,41,0.8797515630722046,1,1
08,42,0.7792448997497559,1,1
08,43,0.6775299310684204,1,1
08,44,0.6414961218833923,1,1
08,45,0.5348674058914185,1,1
08,46,0.4067166745662689,1,1
08,47,0.3133849799633026,1,1
08,48,0.22290997207164764,1,1
08,49,0.12181736528873444,1,1
08,50,0.1183871403336525,1,1
08,51,0.1505611091852188,1,1
08,52,0.14874409139156342,1,1
08,53,0.15008500218391418,1,1
08,54,0.10818333923816681,1,0
08,55,0.0557427816092968,0,0
08,56,0.010594403371214867,0,0
08,57,0.01326578576117754,0,0
08,58,0.02864210307598114,0,0
08,59,0.030020330101251602,0,0
08,60,0.029290203005075455,0,0
08,61,0.024357860907912254,0,0
08,62,0.021356750279664993,0,0
08,63,0.004372918047010899,0,0
08,64,0.002719426993280649,0,0
08,65,0.002169178333133459,0,0
08,66,0.0024724132381379604,0,0
08,67,0.0030885543674230576,0,0
08,68,0.004478068090975285,0,0
08,69,0.004928833805024624,0,0
08,70,0.007831081748008728,0,0
08,71,0.009083205834031105,0,0
08,72,0.008866650052368641,0,0
08,73,0.008683455176651478,0,0
08,74,0.008491581305861473,0,0
08,75,0.005623855162411928,0,0
08,76,0.0038820013869553804,0,0
08,77,0.004442857578396797,0,0
08,78,0.0035997345112264156,0,0
08,79,0.004005772061645985,0,0
08,80,0.004987963475286961,0,0
08,81,0.007073875516653061,0,0
08,82,0.006291179917752743,0,0
08,83,0.007606422994285822,0,0
08,84,0.007703203707933426,0,0
08,85,0.009382459335029125,0,0
08,86,0.018059957772493362,0,0
08,87,0.04278763383626938,0,0
08,88,0.05546436831355095,0,0
08,89,0.06385722011327744,0,0
08,90,0.0682096779346466,0,0
08,91,0.06294391304254532,0,0
08,92,0.052343208342790604,0,0
08,93,0.03947890177369118,0,0
08,94,0.031035438179969788,0,0
08,95,0.025078415870666504,0,0
08,96,0.019772958010435104,0,0
08,97,0.006263755261898041,0,0
08,98,0.005565972533077002,0,0
08,99,0.007658344693481922,0,0
08,100,0.007616986986249685,0,0
08,101,0.008879058063030243,0,0
08,102,0.008048240095376968,0,0
08,103,0.0073051974177360535,0,0
08,104,0.00457134610041976,0,0
08,105,0.0037280265241861343,0,0
08,106,0.003103401977568865,0,0
08,107,0.006083562504500151,0,0
08,108,0.0063604554161429405,0,0
08,109,0.007288667373359203,0,0
08,110,0.007282356731593609,0,0
08,111,0.006747267208993435,0,0
08,112,0.004366118460893631,0,0
08,113,0.004338001366704702,0,0
08,114,0.004379746504127979,0,0
08,115,0.0040489910170435905,0,0
08,116,0.0036492173094302416,0,0
08,117,0.002833241131156683,0,0
08,118,0.0021678651683032513,0,0
08,119,0.0009264132822863758,0,0
08,120,0.0008528128382749856,0,0
08,121,0.0015508655924350023,0,0
08,122,0.001794444746337831,0,0
08,123,0.0018396213417872787,0,0
08,124,0.002010344760492444,0,0
08,125,0.001988648436963558,0,0
08,126,0.0015714518958702683,0,0
08,127,0.0016898165922611952,0,0
08,128,0.002107878215610981,0,0
08,129,0.0019032612908631563,0,0
08,130,0.0019443712662905455,0,0
08,131,0.0015228965785354376,0,0
08,132,0.0012415893143042922,0,0
08,133,0.0009204481029883027,0,0
08,134,0.0011132278013974428,0,0
08,135,0.001772730378434062,0,0
08,136,0.0025721308775246143,0,0
08,137,0.0036383518017828465,0,0
08,138,0.008252531290054321,0,0
08,139,0.010109607130289078,0,0
08,140,0.010668773204088211,0,0
08,141,0.012200196273624897,0,0
08,142,0.013937299139797688,0,0
08,143,0.010866761207580566,0,0
08,144,0.010840479284524918,0,0
08,145,0.010453750379383564,0,0
08,146,0.008863789960741997,0,0
08,147,0.006055437959730625,0,0
08,148,0.005379826761782169,0,0
08,149,0.0035689424257725477,0,0
09,0,0.024275416508316994,0,0
09,1,0.02061140537261963,0,0
09,2,0.01715114340186119,0,0
09,3,0.017215818166732788,0,0
09,4,0.016975443810224533,0,0
09,5,0.008991199545562267,0,0
09,6,0.010504583828151226,0,0
09,7,0.010539749637246132,0,0
09,8,0.009806097485125065,0,0
09,9,0.007876109331846237,0,0
09,10,0.007940808311104774,0,0
09,11,0.007325128652155399,0,0
09,12,0.007592611946165562,0,0
09,13,0.00839271955192089,0,0
09,14,0.009138275869190693,0,0
09,15,0.007295983377844095,0,0
09,16,0.005109416786581278,0,0
09,17,0.0049872975796461105,0,0
09,18,0.0032980579417198896,0,0
09,19,0.0031017479486763477,0,0
09,20,0.0031056005973368883,0,0
09,21,0.006090851500630379,0,0
09,22,0.012352114543318748,0,0
09,23,0.01534968614578247,0,0
09,24,0.016038600355386734,0,0
09,25,0.016519147902727127,0,0
09,26,0.01346096396446228,0,0
09,27,0.007385870907455683,0,0
09,28,0.004504719283431768,0,0
09,29,0.005293997935950756,0,0
09,30,0.005457363091409206,0,0
09,31,0.005343966651707888,0,0
09,32,0.004916674457490444,0,0
09,33,0.004689676221460104,0,0
09,34,0.0023862705565989017,0,0
09,35,0.001556932576932013,0,0
09,36,0.001931334612891078,0,0
09,37,0.00223056273534894,0,0
09,38,0.0023813326843082905,0,0
09,39,0.002417947631329298,0,0
09,40,0.0027433098293840885,0,0
09,41,0.002390702720731497,0,0
09,42,0.004924186039716005,0,0
09,43,0.006117415614426136,0,0
09,44,0.008325781673192978,0,0
09,45,0.008581297472119331,0,0
09,46,0.14679060876369476,1,0
09,47,0.32927876710891724,1,0
09,48,0.46493878960609436,1,1
09,49,0.6211729645729065,1,1
09,50,0.8015942573547363,1,1
09,51,0.8483481407165527,1,1
09,52,0.8365617990493774,1,1
09,53,0.8670122027397156,1,1
09,54,0.8894726037979126,1,1
09,55,0.8921524882316589,1,1
09,56,0.8812142610549927,1,1
09,57,0.88902348279953,1,1
09,58,0.9093891978263855,1,1
09,59,0.8900358080863953,1,1
09,60,0.8877025842666626,1,1
09,61,0.8730769157409668,1,1
09,62,0.8445967435836792,1,1
09,63,0.8060677647590637,1,1
09,64,0.8295428156852722,1,1
09,65,0.7963272333145142,1,1
09,66,0.8020113110542297,1,1
09,67,0.8387719988822937,1,1
09,68,0.8721250295639038,1,1
09,69,0.8331063389778137,1,1
09,70,0.8462303280830383,1,1
09,71,0.8693588972091675,1,1
09,72,0.8394176363945007,1,1
09,73,0.8469756841659546,1,1
09,74,0.8493391871452332,1,1
09,75,0.8419243693351746,1,1
09,76,0.7794531583786011,1,1
09,77,0.744342029094696,1,1
09,78,0.6992055773735046,1,1
09,79,0.7208613157272339,1,1
09,80,0.7524403929710388,1,1
09,81,0.8090692758560181,1,1
09,82,0.8268111944198608,1,1
09,83,0.8528404235839844,1,1
09,84,0.8734644055366516,1,1
09,85,0.8553020358085632,1,1
09,86,0.867933452129364,1,1
09,87,0.9102205038070679,1,1
09,88,0.9354828596115112,1,1
09,89,0.9294112920761108,1,1
09,90,0.9435321688652039,1,1
09,91,0.9006439447402954,1,1
09,92,0.8711865544319153,1,1
09,93,0.8018071055412292,1,1
09,94,0.7473487854003906,1,1
09,95,0.7021364569664001,1,1
09,96,0.6871107220649719,1,1
09,97,0.6970906257629395,1,1
09,98,0.7139946222305298,1,1
09,99,0.7482320666313171,1,1
09,100,0.8044788241386414,1,1
09,101,0.8311970829963684,1,1
09,102,0.6654808521270752,1,1
09,103,0.5214868783950806,1,1
09,104,0.35697245597839355,1,0
09,105,0.16432657837867737,1,0
09,106,7.385086792055517e-05,0,0
09,107,8.35050450405106e-05,0,0
09,108,8.9392633526586e-05,0,0
09,109,9.10167655092664e-05,0,0
09,110,9.679453069111332e-05,0,0
09,111,8.463383710477501e-05,0,0
09,112,9.688617137726396e-05,0,0
09,113,0.00011754103616112843,0,0
09,114,0.00012011913349851966,0,0
09,115,0.0001300127332797274,0,0
09,116,0.0001691945071797818,0,0
09,117,0.00017850617587100714,0,0
09,118,0.00016562550445087254,0,0
09,119,0.00015864420856814831,0,0
09,120,0.0001484914537286386,0,0
09,121,0.00011613026435952634,0,0
09,122,9.1569971118588e-05,0,0
09,123,7.94075895100832e-05,0,0
09,124,8.152985537890345e-05,0,0
09,125,0.00010696030221879482,0,0
09,126,0.00013034819858148694,0,0
09,127,0.00013109802966937423,0,0
09,128,0.00014684566122014076,0,0
09,129,0.0001421217166353017,0,0
09,130,0.00011562708823475987,0,0
09,131,8.817875641398132e-05,0,0
09,132,9.447474440094084e-05,0,0
09,133,8.436310599790886e-05,0,0
09,134,8.982532017398626e-05,0,0
09,135,9.50959583860822e-05,0,0
09,136,9.265105472877622e-05,0,0
09,137,8.80043808137998e-05,0,0
09,138,0.00012148117821197957,0,0
09,139,0.00017227028729394078,0,0
09,140,0.00016744919412303716,0,0
09,141,0.00018779879610519856,0,0
09,142,0.00019674116629175842,0,0
09,143,0.00015705209807492793,0,0
09,144,0.00012191627320135012,0,0
09,145,0.00011081786215072498,0,0
09,146,0.00010570364247541875,0,0
09,147,9.21995670069009e-05,0,0
09,148,0.00010234655201202258,0,0
09,149,8.504057041136548e-05,0,0
10,0,0.9832797646522522,1,1
10,1,0.9839546084403992,1,1
10,2,0.9854240417480469,1,1
10,3,0.9830306768417358,1,1
10,4,0.9742997884750366,1,1
10,5,0.9764217138290405,1,1
10,6,0.9770693778991699,1,1
10,7,0.9755570292472839,1,1
10,8,0.9790050387382507,1,1
10,9,0.9907559156417847,1,1
10,10,0.9892910122871399,1,1
10,11,0.9875854253768921,1,1
10,12,0.9867943525314331,1,1
10,13,0.9854944348335266,1,1
10,14,0.9842860102653503,1,1
10,15,0.9822434186935425,1,1
10,16,0.972658634185791,1,1
10,17,0.9688538312911987,1,1
10,18,0.9667239189147949,1,1
10,19,0.9643856883049011,1,1
10,20,0.9670003652572632,1,1
10,21,0.978247344493866,1,1
10,22,0.984799861907959,1,1
10,23,0.986293613910675,1,1
10,24,0.9861422777175903,1,1
10,25,0.984656810760498,1,1
10,26,0.9836016893386841,1,1
10,27,0.9834539294242859,1,1
10,28,0.9822885394096375,1,1
10,29,0.9706500768661499,1,1
10,30,0.972366452217102,1,1
10,31,0.9544931650161743,1,1
10,32,0.9481321573257446,1,1
10,33,0.949504554271698,1,1
10,34,0.9654228091239929,1,1
10,35,0.9660673141479492,1,1
10,36,0.9816272854804993,1,1
10,37,0.9848697781562805,1,1
10,38,0.9838529825210571,1,1
10,39,0.9830748438835144,1,1
10,40,0.9814562797546387,1,1
10,41,0.9823528528213501,1,1
10,42,0.9845019578933716,1,1
10,43,0.8189207315444946,1,1
10,44,0.6324896216392517,1,1
10,45,0.43970322608947754,1,0
10,46,0.2501375079154968,1,0
10,47,0.07516992837190628,0,0
10,48,0.05770765617489815,0,0
10,49,0.048639584332704544,0,0
10,50,0.05237182229757309,0,0
10,51,0.05220102518796921,0,0
10,52,0.03517700359225273,0,0
10,53,0.02606525458395481,0,0
10,54,0.027381163090467453,0,0
10,55,0.057765521109104156,0,0
10,56,0.059964168816804886,0,0
10,57,0.061260826885700226,0,0
10,58,0.07100357860326767,0,0
10,59,0.08869622647762299,0,0
10,60,0.05828474089503288,0,0
10,61,0.062184613198041916,0,0
10,62,0.06804988533258438,0,0
10,63,0.06032230705022812,0,0
10,64,0.05063110589981079,0,0
10,65,0.04345589503645897,0,0
10,66,0.05134958773851395,0,0
10,67,0.05549415200948715,0,0
10,68,0.054512619972229004,0,0
10,69,0.04812274128198624,0,0
10,70,0.06533782929182053,0,0
10,71,0.0660184994339943,0,0
10,72,0.06052836775779724,0,0
10,73,0.06718123704195023,0,0
10,74,0.06928083300590515,0,0
10,75,0.07619965821504593,0,0
10,76,0.06557079404592514,0,0
10,77,0.06584243476390839,0,0
10,78,0.07009220123291016,0,0
10,79,0.07507912814617157,0,0
10,80,0.05750662088394165,0,0
10,81,0.07905658334493637,0,0
10,82,0.08565644174814224,0,0
10,83,0.07801300287246704,0,0
10,84,0.0856984481215477,0,0
10,85,0.0984015017747879,0,0
10,86,0.08072090148925781,0,0
10,87,0.11124180257320404,0,0
10,88,0.13240604102611542,1,0
10,89,0.12484773248434067,1,0
10,90,0.11544789373874664,0,0
10,91,0.13386058807373047,1,0
10,92,0.11441333591938019,0,0
10,93,0.09699814021587372,0,0
10,94,0.09282507747411728,0,0
10,95,0.09456827491521835,0,0
10,96,0.06502071022987366,0,0
10,97,0.05425969511270523,0,0
10,98,0.051262129098176956,0,0
10,99,0.0563012957572937,0,0
10,100,0.06269843876361847,0,0
10,101,0.06857652962207794,0,0
10,102,0.06028035283088684,0,0
10,103,0.05792714282870293,0,0
10,104,0.07043562829494476,0,0
10,105,0.07099225372076035,0,0
10,106,0.08260274678468704,0,0
10,107,0.12221838533878326,1,0
10,108,0.13219156861305237,1,0
10,109,0.12223093211650848,1,0
10,110,0.14008793234825134,1,0
10,111,0.12684062123298645,1,0
10,112,0.08330833911895752,0,0
10,113,0.0969587191939354,0,0
10,114,0.0931352823972702,0,0
10,115,0.06632938235998154,0,0
10,116,0.0637783631682396,0,0
10,117,0.07074550539255142,0,0
10,118,0.05934569984674454,0,0
10,119,0.05957566574215889,0,0
10,120,0.07109391689300537,0,0
10,121,0.0838640108704567,0,0
10,122,0.09772665798664093,0,0
10,123,0.1112193614244461,0,0
10,124,0.10272501409053802,0,0
10,125,0.11994161456823349,0,0
10,126,0.12411125749349594,1,0
10,127,0.12975069880485535,1,0
10,128,0.15445320308208466,1,0
10,129,0.16371676325798035,1,0
10,130,0.15298470854759216,1,0
10,131,0.14112351834774017,1,0
10,132,0.17487995326519012,1,0
10,133,0.18617387115955353,1,0
10,134,0.20374390482902527,1,0
10,135,0.2297433316707611,1,0
10,136,0.2556098401546478,1,0
10,137,0.22370144724845886,1,0
10,138,0.15697266161441803,1,0
10,139,0.13811635971069336,1,0
10,140,0.08907698094844818,0,0
10,141,0.11296780407428741,0,0
10,142,0.10115538537502289,0,0
10,143,0.10776130855083466,0,0
10,144,0.10200124979019165,0,0
10,145,0.09834118187427521,0,0
10,146,0.04430757462978363,0,0
10,147,0.10887452214956284,0,0
10,148,0.1262359470129013,1,0
10,149,0.15761743485927582,1,0
11,0,0.0044221216812729836,0,0
11,1,0.004378558602184057,0,0
11,2,0.00674168486148119,0,0
11,3,0.010977393016219139,0,0
11,4,0.01083829440176487,0,0
11,5,0.009304765611886978,0,0
11,6,0.03090607561171055,0,0
11,7,0.028016407042741776,0,0
11,8,0.025843998417258263,0,0
11,9,0.027223754674196243,0,0
11,10,0.027933845296502113,0,0
11,11,0.0064245909452438354,0,0
11,12,0.007761592511087656,0,0
11,13,0.005845173727720976,0,0
11,14,0.005631526932120323,0,0
11,15,0.005106103606522083,0,0
11,16,0.005643069744110107,0,0
11,17,0.004665680229663849,0,0
11,18,0.004683325998485088,0,0
11,19,0.01195782981812954,0,0
11,20,0.012543020769953728,0,0
11,21,0.01647849939763546,0,0
11,22,0.017164044082164764,0,0
11,23,0.016903230920433998,0,0
11,24,0.008807281963527203,0,0
11,25,0.008720802143216133,0,0
11,26,0.007063029799610376,0,0
11,27,0.007468272931873798,0,0
11,28,0.007918751798570156,0,0
11,29,0.010855542495846748,0,0
11,30,0.011559799313545227,0,0
11,31,0.010482395067811012,0,0
11,32,0.012659423053264618,0,0
11,33,0.01219289842993021,0,0
11,34,0.009652132168412209,0,0
11,35,0.00849929265677929,0,0
11,36,0.006080164108425379,0,0
11,37,0.0033313289750367403,0,0
11,38,0.003508108202368021,0,0
11,39,0.003210928291082382,0,0
11,40,0.013251742348074913,0,0
11,41,0.014299077913165092,0,0
11,42,0.0156620554625988,0,0
11,43,0.019299957901239395,0,0
11,44,0.019489774480462074,0,0
11,45,0.009678374975919724,0,0
11,46,0.00875814352184534,0,0
11,47,0.006820923648774624,0,0
11,48,0.0026732024271041155,0,0
11,49,0.001884897006675601,0,0
11,50,0.0011054344940930605,0,0
11,51,0.0007310318178497255,0,0
11,52,8.665966743137687e-05,0,0
11,53,8.005088602658361e-05,0,0
11,54,5.8784142311196774e-05,0,0
11,55,5.5478700232924893e-05,0,0
11,56,6.27258195891045e-05,0,0
11,57,7.406437362078577e-05,0,0
11,58,7.893891597632319e-05,0,0
11,59,0.00020547646272461861,0,0
11,60,0.0002170281222788617,0,0
11,61,0.0002208430814789608,0,0
11,62,0.00024431993369944394,0,0
11,63,0.0002320312923984602,0,0
11,64,0.000113144182250835,0,0
11,65,0.00013671003398485482,0,0
11,66,0.00016283865261357278,0,0
11,67,0.00015325917047448456,0,0
11,68,0.00019741887808777392,0,0
11,69,0.00022740739223081619,0,0
11,70,0.0001998193038161844,0,0
11,71,0.00016576975758653134,0,0
11,72,0.00015305985289160162,0,0
11,73,0.0001554449845571071,0,0
11,74,0.0001290520594920963,0,0
11,75,0.0001642966381041333,0,0
11,76,0.00019438541494309902,0,0
11,77,0.0002408907312201336,0,0
11,78,0.000219717068830505,0,0
11,79,0.0002259940083604306,0,0
11,80,0.00021636993915308267,0,0
11,81,0.00017883136752061546,0,0
11,82,0.0001509954163338989,0,0
11,83,0.00013538202620111406,0,0
11,84,0.00013862253399565816,0,0
11,85,0.00011418487702030689,0,0
11,86,0.00011693049600580707,0,0
11,87,9.786579903448e-05,0,0
11,88,9.12441173568368e-05,0,0
11,89,6.906833004904911e-05,0,0
11,90,6.821880378993228e-05,0,0
11,91,7.120553345885128e-05,0,0
11,92,6.137717718956992e-05,0,0
11,93,6.290405872277915e-05,0,0
11,94,0.044351089745759964,0,0
11,95,0.09282399713993073,0,0
11,96,0.14002904295921326,1,1
11,97,0.18131740391254425,1,1
11,98,0.22270044684410095,1,1
11,99,0.23799948394298553,1,1
11,100,0.218157559633255,1,1
11,101,0.20974166691303253,1,1
11,102,0.1974191963672638,1,1
11,103,0.2029908150434494,1,1
11,104,0.1877688616514206,1,1
11,105,0.1825403869152069,1,1
11,106,0.1477244347333908,1,1
11,107,0.1223965510725975,1,1
11,108,0.0789584070444107,0,1
11,109,0.062355946749448776,0,1
11,110,0.06462039798498154,0,1
11,111,0.06812367588281631,0,1
11,112,0.07121289521455765,0,1
11,113,0.07608984410762787,0,1
11,114,0.05992431193590164,0,1
11,115,0.05347735434770584,0,1
11,116,0.08176860958337784,0,1
11,117,0.10918261855840683,1,1
11,118,0.1321861743927002,1,1
11,119,0.1648620367050171,1,1
11,120,0.164261132478714,1,1
11,121,0.1408567726612091,1,1
11,122,0.13325688242912292,1,1
11,123,0.1336997002363205,1,1
11,124,0.10541771352291107,1,1
11,125,0.1289518177509308,1,1
11,126,0.15056444704532623,1,1
11,127,0.14296284317970276,1,1
11,128,0.1282557100057602,1,1
11,129,0.13503701984882355,1,1
11,130,0.12636840343475342,1,1
11,131,0.12172367423772812,1,1
11,132,0.12763087451457977,1,1
11,133,0.1472652405500412,1,1
11,134,0.1735803633928299,1,1
11,135,0.19497202336788177,1,1
11,136,0.2285526692867279,1,1
11,137,0.22877201437950134,1,1
11,138,0.24619249999523163,1,1
11,139,0.23321714997291565,1,1
11,140,0.21636125445365906,1,1
11,141,0.16519148647785187,1,1
11,142,0.17555709183216095,1,1
11,143,0.1502690464258194,1,1
11,144,0.16948993504047394,1,1
11,145,0.1625576913356781,1,1
11,146,0.20447976887226105,1,1
11,147,0.23613901436328888,1,1
11,148,0.25902920961380005,1,1
11,149,0.253136545419693,1,1
12,0,0.12822361290454865,1,0
12,1,0.09926431626081467,0,0
12,2,0.08338585495948792,0,0
12,3,0.0362420491874218,0,0
12,4,0.013859112747013569,0,0
12,5,0.014114188961684704,0,0
12,6,0.012859662994742393,0,0
12,7,0.012935382314026356,0,0
12,8,0.01860954239964485,0,0
12,9,0.020265668630599976,0,0
12,10,0.023056887090206146,0,0
12,11,0.022474117577075958,0,0
12,12,0.019675901159644127,0,0
12,13,0.012875738553702831,0,0
12,14,0.00971852708607912,0,0
12,15,0.007009514607489109,0,0
12,16,0.008590337820351124,0,0
12,17,0.00976622011512518,0,0
12,18,0.00955008715391159,0,0
12,19,0.007560431957244873,0,0
12,20,0.006963794119656086,0,0
12,21,0.005766948685050011,0,0
12,22,0.00496979895979166,0,0
12,23,0.005236704833805561,0,0
12,24,0.00542142428457737,0,0
12,25,0.0052027213387191296,0,0
12,26,0.006164058577269316,0,0
12,27,0.0049916645511984825,0,0
12,28,0.00826281774789095,0,0
12,29,0.007728004362434149,0,0
12,30,0.007764171808958054,0,0
12,31,0.006232819519937038,0,0
12,32,0.0067362128756940365,0,0
12,33,0.003271289635449648,0,0
12,34,0.005496944300830364,0,0
12,35,0.006173797883093357,0,0
12,36,0.007529398892074823,0,0
12,37,0.006921503692865372,0,0
12,38,0.006889720913022757,0,0
12,39,0.004946619737893343,0,0
12,40,0.005095502361655235,0,0
12,41,0.003722449066117406,0,0
12,42,0.004739202558994293,0,0
12,43,0.009520183317363262,0,0
12,44,0.19440308213233948,1,0
12,45,0.30523163080215454,1,0
12,46,0.42462092638015747,1,1
12,47,0.5871032476425171,1,1
12,48,0.750407338142395,1,1
12,49,0.6774734258651733,1,1
12,50,0.673037588596344,1,1
12,51,0.678561806678772,1,1
12,52,0.5771299004554749,1,1
12,53,0.538975179195404,1,1
12,54,0.5751276016235352,1,1
12,55,0.5526204109191895,1,1
12,56,0.582283616065979,1,1
12,57,0.6447911262512207,1,1
12,58,0.6185566186904907,1,1
12,59,0.6206756830215454,1,1
12,60,0.7129896879196167,1,1
12,61,0.67786705493927,1,1
12,62,0.6959406733512878,1,1
12,63,0.7027647495269775,1,1
12,64,0.6719829440116882,1,1
12,65,0.6527425646781921,1,1
12,66,0.6525477170944214,1,1
12,67,0.6720499396324158,1,1
12,68,0.6780974268913269,1,1
12,69,0.7390022277832031,1,1
12,70,0.720246434211731,1,1
12,71,0.7213200926780701,1,1
12,72,0.6979875564575195,1,1
12,73,0.7112307548522949,1,1
12,74,0.6519978642463684,1,1
12,75,0.6722148656845093,1,1
12,76,0.7208924293518066,1,1
12,77,0.7309682369232178,1,1
12,78,0.7313270568847656,1,1
12,79,0.7710745930671692,1,1
12,80,0.7398498058319092,1,1
12,81,0.7307289838790894,1,1
12,82,0.6999930143356323,1,1
12,83,0.7343405485153198,1,1
12,84,0.7278082966804504,1,1
12,85,0.7647286653518677,1,1
12,86,0.7132248282432556,1,1
12,87,0.7459670901298523,1,1
12,88,0.6788992285728455,1,1
12,89,0.6811671257019043,1,1
12,90,0.6656999588012695,1,1
12,91,0.6036388278007507,1,1
12,92,0.6077468395233154,1,1
12,93,0.624082088470459,1,1
12,94,0.4713039994239807,1,1
12,95,0.32691818475723267,1,1
12,96,0.2864619195461273,1,0
12,97,0.13268481194972992,1,0
12,98,0.020895931869745255,0,0
12,99,0.018995728343725204,0,0
12,100,0.016985949128866196,0,0
12,101,0.012943489477038383,0,0
12,102,0.012776410207152367,0,0
12,103,0.01374127995222807,0,0
12,104,0.01411419827491045,0,0
12,105,0.010948499664664268,0,0
12,106,0.024162214249372482,0,0
12,107,0.029408792033791542,0,0
12,108,0.028935730457305908,0,0
12,109,0.03155304864048958,0,0
12,110,0.036329396069049835,0,0
12,111,0.026783455163240433,0,0
12,112,0.026444729417562485,0,0
12,113,0.025188367813825607,0,0
12,114,0.024518856778740883,0,0
12,115,0.02017420530319214,0,0
12,116,0.016465377062559128,0,0
12,117,0.0126968864351511,0,0
12,118,0.013909856788814068,0,0
12,119,0.016653407365083694,0,0
12,120,0.02811131812632084,0,0
12,121,0.0675237774848938,0,0
12,122,0.08392194658517838,0,0
12,123,0.09708687663078308,0,0
12,124,0.1281958818435669,1,0
12,125,0.11704520136117935,1,0
12,126,0.07592511922121048,0,0
12,127,0.05878593400120735,0,0
12,128,0.05637932941317558,0,0
12,129,0.02004140615463257,0,0
12,130,0.0193447507917881,0,0
12,131,0.020368918776512146,0,0
12,132,0.021397199481725693,0,0
12,133,0.009709220379590988,0,0
12,134,0.009069976396858692,0,0
12,135,0.00914346519857645,0,0
12,136,0.01418390590697527,0,0
12,137,0.013822820968925953,0,0
12,138,0.01822122372686863,0,0
12,139,0.01786574348807335,0,0
12,140,0.0472390353679657,0,0
12,141,0.042158372700214386,0,0
12,142,0.050660111010074615,0,0
12,143,0.0485479012131691,0,0
12,144,0.06940130889415741,0,0
12,145,0.06656572967767715,0,0
12,146,0.06682442873716354,0,0
12,147,0.06160839647054672,0,0
12,148,0.07119438052177429,0,0
12,149,0.057950716465711594,0,0
13,0,0.23065054416656494,0,0
13,1,0.22430503368377686,0,0
13,2,0.23747777938842773,0,0
13,3,0.1633896380662918,0,0
13,4,0.1969793736934662,0,0
13,5,0.20306865870952606,0,0
13,6,0.1788688600063324,0,0
13,7,0.1481887549161911,0,0
13,8,0.1651737242937088,0,0
13,9,0.1456247717142105,0,0
13,10,0.12953253090381622,0,0
13,11,0.1276874840259552,0,0
13,12,0.13751254975795746,0,0
13,13,0.1225341334939003,0,0
13,14,0.15215274691581726,0,0
13,15,0.1606346070766449,0,0
13,16,0.17768755555152893,0,0
13,17,0.16945798695087433,0,0
13,18,0.16813965141773224,0,0
13,19,0.15932266414165497,0,0
13,20,0.19810473918914795,0,0
13,21,0.20188935101032257,0,0
13,22,0.29125866293907166,0,0
13,23,0.3115842640399933,0,0
13,24,0.33693820238113403,0,0
13,25,0.36159080266952515,0,0
13,26,0.3448687493801117,0,0
13,27,0.2742500305175781,0,0
13,28,0.2818271517753601,0,0
13,29,0.2309439480304718,0,0
13,30,0.17735713720321655,0,0
13,31,0.18053336441516876,0,0
13,32,0.1577235758304596,0,0
13,33,0.13902528584003448,0,0
13,34,0.13076114654541016,0,0
13,35,0.14259274303913116,0,0
13,36,0.16241785883903503,0,0
13,37,0.16697299480438232,0,0
13,38,0.170049250125885,0,0
13,39,0.19194936752319336,0,0
13,40,0.24727220833301544,0,0
13,41,0.2892026901245117,0,0
13,42,0.32301777601242065,0,0
13,43,0.40302151441574097,0,0
13,44,0.47622203826904297,0,0
13,45,0.4606598913669586,0,0
13,46,0.49871641397476196,0,0
13,47,0.6353731155395508,0,0
13,48,0.7167158126831055,0,0
13,49,0.8029788136482239,1,1
13,50,0.921697735786438,1,1
13,51,0.9986106157302856,1,1
13,52,0.9983112215995789,1,1
13,53,0.9978581666946411,1,1
13,54,0.9977580904960632,1,1
13,55,0.9977442622184753,1,1
13,56,0.9985909461975098,1,1
13,57,0.9988147020339966,1,1
13,58,0.9991693496704102,1,1
13,59,0.9990435838699341,1,1
13,60,0.9988542795181274,1,1
13,61,0.9988161325454712,1,1
13,62,0.998805046081543,1,1
13,63,0.9987293481826782,1,1
13,64,0.9984992742538452,1,1
13,65,0.9986625909805298,1,1
13,66,0.998383641242981,1,1
13,67,0.9979397654533386,1,1
13,68,0.9980989694595337,1,1
13,69,0.9985456466674805,1,1
13,70,0.9985305070877075,1,1
13,71,0.9985688328742981,1,1
13,72,0.9991067051887512,1,1
13,73,0.9990600347518921,1,1
13,74,0.9984391927719116,1,1
13,75,0.998275876045227,1,1
13,76,0.9984356164932251,1,1
13,77,0.9976218342781067,1,1
13,78,0.9976286888122559,1,1
13,79,0.9976085424423218,1,1
13,80,0.9977431297302246,1,1
13,81,0.9976075291633606,1,1
13,82,0.9977695345878601,1,1
13,83,0.9976640939712524,1,1
13,84,0.9980670213699341,1,1
13,85,0.9981478452682495,1,1
13,86,0.9975488781929016,1,1
13,87,0.997571587562561,1,1
13,88,0.9976297616958618,1,1
13,89,0.9978513717651367,1,1
13,90,0.9977784156799316,1,1
13,91,0.998675525188446,1,1
13,92,0.999265193939209,1,1
13,93,0.9993716478347778,1,1
13,94,0.9992892146110535,1,1
13,95,0.9993413090705872,1,1
13,96,0.8602716326713562,1,1
13,97,0.7050625681877136,0,1
13,98,0.5767698287963867,0,0
13,99,0.4786831736564636,0,0
13,100,0.327741414308548,0,0
13,101,0.3841657042503357,0,0
13,102,0.43892303109169006,0,0
13,103,0.4704594612121582,0,0
13,104,0.408503919839859,0,0
13,105,0.44261354207992554,0,0
13,106,0.38528481125831604,0,0
13,107,0.36826109886169434,0,0
13,108,0.35462331771850586,0,0
13,109,0.36099961400032043,0,0
13,110,0.35210174322128296,0,0
13,111,0.3178837299346924,0,0
13,112,0.31095749139785767,0,0
13,113,0.25848865509033203,0,0
13,114,0.24782443046569824,0,0
13,115,0.23434075713157654,0,0
13,116,0.2318388968706131,0,0
13,117,0.20425359904766083,0,0
13,118,0.2108837366104126,0,0
13,119,0.21890485286712646,0,0
13,120,0.18298941850662231,0,0
13,121,0.2545626759529114,0,0
13,122,0.26613014936447144,0,0
13,123,0.2548013925552368,0,0
13,124,0.23202748596668243,0,0
13,125,0.2584690451622009,0,0
13,126,0.19434300065040588,0,0
13,127,0.1869661509990692,0,0
13,128,0.2029777318239212,0,0
13,129,0.24431423842906952,0,0
13,130,0.2721918523311615,0,0
13,131,0.2939738631248474,0,0
13,132,0.371518075466156,0,0
13,133,0.4118573069572449,0,0
13,134,0.4076990485191345,0,0
13,135,0.38615840673446655,0,0
13,136,0.3897232711315155,0,0
13,137,0.26733025908470154,0,0
13,138,0.1947672963142395,0,0
13,139,0.17770250141620636,0,0
13,140,0.14445748925209045,0,0
13,141,0.14291581511497498,0,0
13,142,0.19773343205451965,0,0
13,143,0.2074131965637207,0,0
13,144,0.21474263072013855,0,0
13,145,0.21776083111763,0,0
13,146,0.18999212980270386,0,0
13,147,0.19426842033863068,0,0
13,148,0.21059611439704895,0,0
13,149,0.2005113810300827,0,0
14,0,0.909923255443573,1,1
14,1,0.9283848404884338,1,1
14,2,0.9397629499435425,1,1
14,3,0.9738626480102539,1,1
14,4,0.9713860750198364,1,1
14,5,0.9848569631576538,1,1
14,6,0.9868420362472534,1,1
14,7,0.9887235760688782,1,1
14,8,0.9866970181465149,1,1
14,9,0.9900237321853638,1,1
14,10,0.9881480932235718,1,1
14,11,0.9889475107192993,1,1
14,12,0.9868834614753723,1,1
14,13,0.9848432540893555,1,1
14,14,0.9797216653823853,1,1
14,15,0.9822337031364441,1,1
14,16,0.9783996343612671,1,1
14,17,0.9800311923027039,1,1
14,18,0.9835732579231262,1,1
14,19,0.9843497276306152,1,1
14,20,0.9777223467826843,1,1
14,21,0.9765304327011108,1,1
14,22,0.9765712022781372,1,1
14,23,0.977826714515686,1,1
14,24,0.9769418835639954,1,1
14,25,0.9739750027656555,1,1
14,26,0.9763606190681458,1,1
14,27,0.976795494556427,1,1
14,28,0.9777185320854187,1,1
14,29,0.9788727760314941,1,1
14,30,0.9891788363456726,1,1
14,31,0.9904323816299438,1,1
14,32,0.9868230819702148,1,1
14,33,0.9860944747924805,1,1
14,34,0.9897736310958862,1,1
14,35,0.9891170263290405,1,1
14,36,0.9829147458076477,1,1
14,37,0.9861968755722046,1,1
14,38,0.9863077998161316,1,1
14,39,0.9858455657958984,1,1
14,40,0.9828195571899414,1,1
14,41,0.9888299107551575,1,1
14,42,0.9885107278823853,1,1
14,43,0.965720534324646,1,1
14,44,0.9615036845207214,1,1
14,45,0.9649624824523926,1,1
14,46,0.9663796424865723,1,1
14,47,0.9659701585769653,1,1
14,48,0.9867951273918152,1,1
14,49,0.9832653999328613,1,1
14,50,0.7882365584373474,1,1
14,51,0.5923405885696411,1,1
14,52,0.3970854580402374,1,0
14,53,0.20474977791309357,1,0
14,54,0.01646466553211212,0,0
14,55,0.017403021454811096,0,0
14,56,0.016061367467045784,0,0
14,57,0.01824234426021576,0,0
14,58,0.020892035216093063,0,0
14,59,0.02200230397284031,0,0
14,60,0.022138118743896484,0,0
14,61,0.022786792367696762,0,0
14,62,0.024180050939321518,0,0
14,63,0.023446401581168175,0,0
14,64,0.023745805025100708,0,0
14,65,0.024856705218553543,0,0
14,66,0.02680550515651703,0,0
14,67,0.024140117689967155,0,0
14,68,0.022433020174503326,0,0
14,69,0.021715709939599037,0,0
14,70,0.01883004978299141,0,0
14,71,0.019209081307053566,0,0
14,72,0.01920456625521183,0,0
14,73,0.021410297602415085,0,0
14,74,0.021806595847010612,0,0
14,75,0.024260712787508965,0,0
14,76,0.02146938443183899,0,0
14,77,0.02075570821762085,0,0
14,78,0.017703410238027573,0,0
14,79,0.022035349160432816,0,0
14,80,0.022413965314626694,0,0
14,81,0.023014258593320847,0,0
14,82,0.02326856181025505,0,0
14,83,0.022321034222841263,0,0
14,84,0.017714152112603188,0,0
14,85,0.015277676284313202,0,0
14,86,0.014377648010849953,0,0
14,87,0.01520788948982954,0,0
14,88,0.01570015400648117,0,0
14,89,0.013831570744514465,0,0
14,90,0.013278879225254059,0,0
14,91,0.013954701833426952,0,0
14,92,0.012863175943493843,0,0
14,93,0.01213994063436985,0,0
14,94,0.017243962734937668,0,0
14,95,0.016673389822244644,0,0
14,96,0.0176894199103117,0,0
14,97,0.01600334420800209,0,0
14,98,0.014389599673449993,0,0
14,99,0.009781014174222946,0,0
14,100,0.008296173065900803,0,0
14,101,0.006069480441510677,0,0
14,102,0.00662232656031847,0,0
14,103,0.007695595268160105,0,0
14,104,0.006755472626537085,0,0
14,105,0.007347024977207184,0,0
14,106,0.015047788619995117,0,0
14,107,0.015743767842650414,0,0
14,108,0.014667610637843609,0,0
14,109,0.014179093763232231,0,0
14,110,0.015784868970513344,0,0
14,111,0.006987255997955799,0,0
14,112,0.007159411907196045,0,0
14,113,0.008152177557349205,0,0
14,114,0.011919699609279633,0,0
14,115,0.010171422734856606,0,0
14,116,0.010951857082545757,0,0
14,117,0.008647093549370766,0,0
14,118,0.007130502723157406,0,0
14,119,0.004394369665533304,0,0
14,120,0.0046855127438902855,0,0
14,121,0.004290292970836163,0,0
14,122,0.004634471610188484,0,0
14,123,0.005331999622285366,0,0
14,124,0.0042332736775279045,0,0
14,125,0.0048807887360453606,0,0
14,126,0.004963477607816458,0,0
14,127,0.0051820725202560425,0,0
14,128,0.004821729846298695,0,0
14,129,0.005790090188384056,0,0
14,130,0.005577767733484507,0,0
14,131,0.005128067452460527,0,0
14,132,0.00476467190310359,0,0
14,133,0.004748004488646984,0,0
14,134,0.003655296517536044,0,0
14,135,0.0026960945688188076,0,0
14,136,0.003090150188654661,0,0
14,137,0.0036288616247475147,0,0
14,138,0.0035728812217712402,0,0
14,139,0.0034361083526164293,0,0
14,140,0.0031054953578859568,0,0
14,141,0.006126806605607271,0,0
14,142,0.008069125935435295,0,0
14,143,0.009420550428330898,0,0
14,144,0.00975915975868702,0,0
14,145,0.009460823610424995,0,0
14,146,0.007351095788180828,0,0
14,147,0.005118955858051777,0,0
14,148,0.004129693377763033,0,0
14,149,0.0044860211201012135,0,0
15,0,0.0008607984054833651,0,0
15,1,0.0006622513174079359,0,0
15,2,0.0006348822498694062,0,0
15,3,0.0006260922527872026,0,0
15,4,0.000575912999920547,0,0
15,5,0.00036185811040923,0,0
15,6,0.0004972892929799855,0,0
15,7,0.0007317070267163217,0,0
15,8,0.0011778778862208128,0,0
15,9,0.001435719896107912,0,0
15,10,0.002652491442859173,0,0
15,11,0.0030312244780361652,0,0
15,12,0.002958565717563033,0,0
15,13,0.0028384681791067123,0,0
15,14,0.0034780632704496384,0,0
15,15,0.0026563345454633236,0,0
15,16,0.0022188741713762283,0,0
15,17,0.002171146683394909,0,0
15,18,0.0018605589866638184,0,0
15,19,0.0009328954038210213,0,0
15,20,0.0005223090411163867,0,0
15,21,0.0011262090411037207,0,0
15,22,0.0010034932056441903,0,0
15,23,0.0009756786748766899,0,0
15,24,0.0011119864648208022,0,0
15,25,0.001093569677323103,0,0
15,26,0.000420222757384181,0,0
15,27,0.0004188773746136576,0,0
15,28,0.00043932738481089473,0,0
15,29,0.00039116322295740247,0,0
15,30,0.0004061587678734213,0,0
15,31,0.000409429136198014,0,0
15,32,0.00035170160117559135,0,0
15,33,0.0004602075496222824,0,0
15,34,0.0004925604443997145,0,0
15,35,0.0004103674436919391,0,0
15,36,0.0006574895232915878,0,0
15,37,0.0007314741378650069,0,0
15,38,0.0005953703075647354,0,0
15,39,0.0005210324889048934,0,0
15,40,0.0008160767029039562,0,0
15,41,0.0006611705757677555,0,0
15,42,0.0005542560247704387,0,0
15,43,0.002042895881459117,0,0
15,44,0.002209645928815007,0,0
15,45,0.001995709491893649,0,0
15,46,0.002015510341152549,0,0
15,47,0.002167882863432169,0,0
15,48,0.001463203108869493,0,0
15,49,0.0013504859525710344,0,0
15,50,0.001543124788440764,0,0
15,51,0.0020080790854990482,0,0
15,52,0.002167915692552924,0,0
15,53,0.0017218120628967881,0,0
15,54,0.002041155006736517,0,0
15,55,0.0019613923504948616,0,0
15,56,0.0016551362350583076,0,0
15,57,0.0015009779017418623,0,0
15,58,0.0029298842418938875,0,0
15,59,0.003211917821317911,0,0
15,60,0.0034829217474907637,0,0
15,61,0.003435480874031782,0,0
15,62,0.0036924234591424465,0,0
15,63,0.0027820381801575422,0,0
15,64,0.002490690443664789,0,0
15,65,0.002044172491878271,0,0
15,66,0.002846481977030635,0,0
15,67,0.0024545383639633656,0,0
15,68,0.001784422667697072,0,0
15,69,0.0014150789938867092,0,0
15,70,0.003649516496807337,0,0
15,71,0.003715233877301216,0,0
15,72,0.0038089719600975513,0,0
15,73,0.0035562789998948574,0,0
15,74,0.004142290912568569,0,0
15,75,0.002673225710168481,0,0
15,76,0.010636445134878159,0,0
15,77,0.014258627779781818,0,0
15,78,0.014272777363657951,0,0
15,79,0.014685647562146187,0,0
15,80,0.01430201530456543,0,0
15,81,0.005303055047988892,0,0
15,82,0.0015947474166750908,0,0
15,83,0.0016611494356766343,0,0
15,84,0.0007984684780240059,0,0
15,85,0.000641109305433929,0,0
15,86,0.0007802476175129414,0,0
15,87,0.0008155838586390018,0,0
15,88,0.0010103464592248201,0,0
15,89,0.0009743692353367805,0,0
15,90,0.0015145210782065988,0,0
15,91,0.0013420941540971398,0,0
15,92,0.001341459108516574,0,0
15,93,0.00107772764749825,0,0
15,94,0.000929218833334744,0,0
15,95,0.00017551584460306913,0,0
15,96,0.00014584718155674636,0,0
15,97,9.501340537099168e-05,0,0
15,98,0.0018655993044376373,0,0
15,99,0.1987801492214203,1,0
15,100,0.3970208764076233,1,0
15,101,0.5948390364646912,1,1
15,102,0.7920034527778625,1,1
15,103,0.9864698648452759,1,1
15,104,0.9879010915756226,1,1
15,105,0.9881607890129089,1,1
15,106,0.9894379377365112,1,1
15,107,0.9912325739860535,1,1
15,108,0.991646945476532,1,1
15,109,0.9897675514221191,1,1
15,110,0.9900495409965515,1,1
15,111,0.9861751794815063,1,1
15,112,0.9862605333328247,1,1
15,113,0.9877055287361145,1,1
15,114,0.9876518249511719,1,1
15,115,0.9843374490737915,1,1
15,116,0.9877204895019531,1,1
15,117,0.987176239490509,1,1
15,118,0.9860175848007202,1,1
15,119,0.9879584312438965,1,1
15,120,0.9910707473754883,1,1
15,121,0.9907786250114441,1,1
15,122,0.989794135093689,1,1
15,123,0.9917086362838745,1,1
15,124,0.9879189729690552,1,1
15,125,0.9882489442825317,1,1
15,126,0.9886436462402344,1,1
15,127,0.9892017245292664,1,1
15,128,0.9879993200302124,1,1
15,129,0.9921889305114746,1,1
15,130,0.9899786710739136,1,1
15,131,0.9875974655151367,1,1
15,132,0.9871417284011841,1,1
15,133,0.9882369041442871,1,1
15,134,0.9887210726737976,1,1
15,135,0.9894685745239258,1,1
15,136,0.9917424321174622,1,1
15,137,0.992268443107605,1,1
15,138,0.9925886392593384,1,1
15,139,0.9918482899665833,1,1
15,140,0.993054211139679,1,1
15,141,0.9913325309753418,1,1
15,142,0.9900267720222473,1,1
15,143,0.9883157014846802,1,1
15,144,0.986798882484436,1,1
15,145,0.9829371571540833,1,1
15,146,0.9831572771072388,1,1
15,147,0.9844911694526672,1,1
15,148,0.9838998317718506,1,1
15,149,0.9835590720176697,1,1
16,0,0.015245183371007442,0,0
16,1,0.013187898322939873,0,0
16,2,0.013116386719048023,0,0
16,3,0.011808843351900578,0,0
16,4,0.012677080929279327,0,0
16,5,0.00657292315736413,0,0
16,6,0.0059031094424426556,0,0
16,7,0.004828941076993942,0,0
16,8,0.004661334678530693,0,0
16,9,0.003940853290259838,0,0
16,10,0.003974449820816517,0,0
16,11,0.003704311326146126,0,0
16,12,0.005148916970938444,0,0
16,13,0.00806988961994648,0,0
16,14,0.009107758291065693,0,0
16,15,0.009198565036058426,0,0
16,16,0.010011821053922176,0,0
16,17,0.008509336039423943,0,0
16,18,0.005564812105149031,0,0
16,19,0.005451743956655264,0,0
16,20,0.006240632850676775,0,0
16,21,0.005773868877440691,0,0
16,22,0.006243665236979723,0,0
16,23,0.006748330779373646,0,0
16,24,0.007219943217933178,0,0
16,25,0.006580992601811886,0,0
16,26,0.008792607113718987,0,0
16,27,0.007482008542865515,0,0
16,28,0.00714027788490057,0,0
16,29,0.006013066973537207,0,0
16,30,0.008156943134963512,0,0
16,31,0.009369799867272377,0,0
16,32,0.011525368317961693,0,0
16,33,0.01146959513425827,0,0
16,34,0.015684004873037338,0,0
16,35,0.016536304727196693,0,0
16,36,0.013074830174446106,0,0
16,37,0.013651164248585701,0,0
16,38,0.015014310367405415,0,0
16,39,0.011810845695436,0,0
16,40,0.014770930632948875,0,0
16,41,0.015888478606939316,0,0
16,42,0.021017679944634438,0,0
16,43,0.02124897763133049,0,0
16,44,0.029080525040626526,0,0
16,45,0.024014953523874283,0,0
16,46,0.028490524739027023,0,0
16,47,0.02259073778986931,0,0
16,48,0.0209068451076746,0,0
16,49,0.036010876297950745,0,0
16,50,0.0355941504240036,0,0
16,51,0.029308268800377846,0,0
16,52,0.027295216917991638,0,0
16,53,0.02706104889512062,0,0
16,54,0.004687558859586716,0,0
16,55,0.003785035340115428,0,0
16,56,0.004333873279392719,0,0
16,57,0.005507861264050007,0,0
16,58,0.006033092737197876,0,0
16,59,0.004172691144049168,0,0
16,60,0.004694576375186443,0,0
16,61,0.004756458569318056,0,0
16,62,0.0037476960569620132,0,0
16,63,0.0033173232804983854,0,0
16,64,0.003260777099058032,0,0
16,65,0.0029539470560848713,0,0
16,66,0.00405115494504571,0,0
16,67,0.005022847559303045,0,0
16,68,0.005735276732593775,0,0
16,69,0.007013021502643824,0,0
16,70,0.00829845666885376,0,0
16,71,0.008160759694874287,0,0
16,72,0.007682594005018473,0,0
16,73,0.009509311057627201,0,0
16,74,0.010044661350548267,0,0
16,75,0.009058959782123566,0,0
16,76,0.008988616988062859,0,0
16,77,0.008376521989703178,0,0
16,78,0.006148190703243017,0,0
16,79,0.004463783465325832,0,0
16,80,0.0045174197293818,0,0
16,81,0.003911325242370367,0,0
16,82,0.003870902117341757,0,0
16,83,0.004600138869136572,0,0
16,84,0.005581593606621027,0,0
16,85,0.00745750218629837,0,0
16,86,0.007793369237333536,0,0
16,87,0.007888130843639374,0,0
16,88,0.008326845243573189,0,0
16,89,0.008267276920378208,0,0
16,90,0.0079613346606493,0,0
16,91,0.00748784001916647,0,0
16,92,0.008102125488221645,0,0
16,93,0.006877705454826355,0,0
16,94,0.006471112370491028,0,0
16,95,0.006218534894287586,0,0
16,96,0.006053611636161804,0,0
16,97,0.006671891547739506,0,0
16,98,0.006661759223788977,0,0
16,99,0.006743009202182293,0,0
16,100,0.005401538219302893,0,0
16,101,0.1887241005897522,1,0
16,102,0.3697061538696289,1,0
16,103,0.5220961570739746,1,1
16,104,0.7091432213783264,1,1
16,105,0.8457126617431641,1,1
16,106,0.7923485040664673,1,1
16,107,0.7694481611251831,1,1
16,108,0.8001867532730103,1,1
16,109,0.8024240732192993,1,1
16,110,0.8572599291801453,1,1
16,111,0.9060091972351074,1,1
16,112,0.9361545443534851,1,1
16,113,0.9500762224197388,1,1
16,114,0.9487061500549316,1,1
16,115,0.9516445398330688,1,1
16,116,0.964087963104248,1,1
16,117,0.9698076248168945,1,1
16,118,0.9685755968093872,1,1
16,119,0.9698882102966309,1,1
16,120,0.970782458782196,1,1
16,121,0.9730919599533081,1,1
16,122,0.9733487963676453,1,1
16,123,0.9686547517776489,1,1
16,124,0.9710488319396973,1,1
16,125,0.97065269947052,1,1
16,126,0.9730135202407837,1,1
16,127,0.9735695719718933,1,1
16,128,0.9778915643692017,1,1
16,129,0.9779890775680542,1,1
16,130,0.9782755970954895,1,1
16,131,0.9736536145210266,1,1
16,132,0.9713107347488403,1,1
16,133,0.9679445028305054,1,1
16,134,0.9680072665214539,1,1
16,135,0.9568187594413757,1,1
16,136,0.9606229066848755,1,1
16,137,0.960465133190155,1,1
16,138,0.9627901315689087,1,1
16,139,0.954086184501648,1,1
16,140,0.9596462249755859,1,1
16,141,0.9540063738822937,1,1
16,142,0.9394753575325012,1,1
16,143,0.9336714744567871,1,1
16,144,0.9204646348953247,1,1
16,145,0.9269903302192688,1,1
16,146,0.9197120666503906,1,1
16,147,0.9332310557365417,1,1
16,148,0.9300014972686768,1,1
16,149,0.9547417163848877,1,1
17,0,0.8685426712036133,1,1
17,1,0.8675221800804138,1,1
17,2,0.8791487812995911,1,1
17,3,0.8781641125679016,1,1
17,4,0.9047354459762573,1,1
17,5,0.9120696783065796,1,1
17,6,0.9290396571159363,1,1
17,7,0.9204987287521362,1,1
17,8,0.9280705451965332,1,1
17,9,0.9304108619689941,1,1
17,10,0.9253134727478027,1,1
17,11,0.8905154466629028,1,1
17,12,0.864090621471405,1,1
17,13,0.8666040301322937,1,1
17,14,0.8636192083358765,1,1
17,15,0.8633129000663757,1,1
17,16,0.900434136390686,1,1
17,17,0.9447305798530579,1,1
17,18,0.9510943293571472,1,1
17,19,0.9502341151237488,1,1
17,20,0.9584671258926392,1,1
17,21,0.9568721055984497,1,1
17,22,0.9548857808113098,1,1
17,23,0.9521099328994751,1,1
17,24,0.9412637948989868,1,1
17,25,0.9426740407943726,1,1
17,26,0.9365972280502319,1,1
17,27,0.9352422952651978,1,1
17,28,0.911614716053009,1,1
17,29,0.92210853099823,1,1
17,30,0.9161083102226257,1,1
17,31,0.918353259563446,1,1
17,32,0.9196468591690063,1,1
17,33,0.9407674670219421,1,1
17,34,0.9455016255378723,1,1
17,35,0.942353367805481,1,1
17,36,0.9443605542182922,1,1
17,37,0.9405087232589722,1,1
17,38,0.9495110511779785,1,1
17,39,0.9530104398727417,1,1
17,40,0.952859103679657,1,1
17,41,0.9575995206832886,1,1
17,42,0.9253573417663574,1,1
17,43,0.9207311868667603,1,1
17,44,0.921644389629364,1,1
17,45,0.9288924932479858,1,1
17,46,0.9291321039199829,1,1
17,47,0.9468877911567688,1,1
17,48,0.9279391169548035,1,1
17,49,0.7695584297180176,1,1
17,50,0.6119057536125183,1,1
17,51,0.4658421576023102,1,0
17,52,0.325133740901947,1,0
17,53,0.1616021692752838,0,0
17,54,0.1282479465007782,0,0
17,55,0.12692341208457947,0,0
17,56,0.09308107197284698,0,0
17,57,0.0629129409790039,0,0
17,58,0.1933010369539261,0,0
17,59,0.28379300236701965,1,0
17,60,0.3156450390815735,1,0
17,61,0.3594948649406433,1,0
17,62,0.40510496497154236,1,0
17,63,0.30887070298194885,1,0
17,64,0.24617592990398407,0,0
17,65,0.19942429661750793,0,0
17,66,0.1774560511112213,0,0
17,67,0.1526211053133011,0,0
17,68,0.12129392474889755,0,0
17,69,0.10765979439020157,0,0
17,70,0.10219180583953857,0,0
17,71,0.0792592391371727,0,0
17,72,0.08110176026821136,0,0
17,73,0.09634020179510117,0,0
17,74,0.12209364026784897,0,0
17,75,0.15053877234458923,0,0
17,76,0.200733944773674,0,0
17,77,0.24658170342445374,0,0
17,78,0.2751898765563965,1,0
17,79,0.24732574820518494,0,0
17,80,0.2336498200893402,0,0
17,81,0.20635494589805603,0,0
17,82,0.21275846660137177,0,0
17,83,0.18837352097034454,0,0
17,84,0.21971678733825684,0,0
17,85,0.2301371544599533,0,0
17,86,0.24063368141651154,0,0
17,87,0.17801639437675476,0,0
17,88,0.1788858026266098,0,0
17,89,0.1485578715801239,0,0
17,90,0.1274082511663437,0,0
17,91,0.11249975860118866,0,0
17,92,0.12766575813293457,0,0
17,93,0.14316128194332123,0,0
17,94,0.15330885350704193,0,0
17,95,0.16499511897563934,0,0
17,96,0.15013182163238525,0,0
17,97,0.1397969126701355,0,0
17,98,0.1625097543001175,0,0
17,99,0.15716847777366638,0,0
17,100,0.13388845324516296,0,0
17,101,0.12908516824245453,0,0
17,102,0.11489765346050262,0,0
17,103,0.08751372992992401,0,0
17,104,0.06933607906103134,0,0
17,105,0.06996680051088333,0,0
17,106,0.06345576047897339,0,0
17,107,0.0631275400519371,0,0
17,108,0.03763648122549057,0,0
17,109,0.050170253962278366,0,0
17,110,0.061443425714969635,0,0
17,111,0.08692055195569992,0,0
17,112,0.08926932513713837,0,0
17,113,0.08154529333114624,0,0
17,114,0.07338526099920273,0,0
17,115,0.07439553737640381,0,0
17,116,0.0580572709441185,0,0
17,117,0.09183117002248764,0,0
17,118,0.10697869956493378,0,0
17,119,0.13402175903320312,0,0
17,120,0.13321857154369354,0,0
17,121,0.13049010932445526,0,0
17,122,0.14363227784633636,0,0
17,123,0.14128553867340088,0,0
17,124,0.11026179790496826,0,0
17,125,0.11650893837213516,0,0
17,126,0.1096946969628334,0,0
17,127,0.057484664022922516,0,0
17,128,0.06248890236020088,0,0
17,129,0.08710148930549622,0,0
17,130,0.07700568437576294,0,0
17,131,0.1022065058350563,0,0
17,132,0.1467098444700241,0,0
17,133,0.13244616985321045,0,0
17,134,0.127020925283432,0,0
17,135,0.1346607357263565,0,0
17,136,0.12591026723384857,0,0
17,137,0.08808458596467972,0,0
17,138,0.10062806308269501,0,0
17,139,0.09735243022441864,0,0
17,140,0.09369393438100815,0,0
17,141,0.07666634023189545,0,0
17,142,0.08490071445703506,0,0
17,143,0.07175333797931671,0,0
17,144,0.06706085056066513,0,0
17,145,0.06413719058036804,0,0
17,146,0.09032603353261948,0,0
17,147,0.07797525078058243,0,0
17,148,0.08170343935489655,0,0
17,149,0.08316665142774582,0,0
18,0,0.17902140319347382,0,0
18,1,0.16810429096221924,0,0
18,2,0.15852639079093933,0,0
18,3,0.1485474407672882,0,0
18,4,0.12444881349802017,0,0
18,5,0.11025138199329376,0,0
18,6,0.12997855246067047,0,0
18,7,0.11943875253200531,0,0
18,8,0.14277300238609314,0,0
18,9,0.14447344839572906,0,0
18,10,0.14662879705429077,0,0
18,11,0.11955882608890533,0,0
18,12,0.11137555539608002,0,0
18,13,0.10173843801021576,0,0
18,14,0.10440622270107269,0,0
18,15,0.10473070293664932,0,0
18,16,0.09574352949857712,0,0
18,17,0.11193560063838959,0,0
18,18,0.08570193499326706,0,0
18,19,0.06212441995739937,0,0
18,20,0.05764287710189819,0,0
18,21,0.0661873072385788,0,0
18,22,0.05505074933171272,0,0
18,23,0.06501065194606781,0,0
18,24,0.06276071071624756,0,0
18,25,0.07684303820133209,0,0
18,26,0.07086597383022308,0,0
18,27,0.06222294643521309,0,0
18,28,0.054746828973293304,0,0
18,29,0.06424681097269058,0,0
18,30,0.04566686600446701,0,0
18,31,0.05254390835762024,0,0
18,32,0.07545380294322968,0,0
18,33,0.07604093104600906,0,0
18,34,0.06563480943441391,0,0
18,35,0.08422417938709259,0,0
18,36,0.06651969999074936,0,0
18,37,0.04484255239367485,0,0
18,38,0.04178742319345474,0,0
18,39,0.04308491200208664,0,0
18,40,0.02764453925192356,0,0
18,41,0.0320107638835907,0,0
18,42,0.03615057095885277,0,0
18,43,0.035702895373106,0,0
18,44,0.033729273825883865,0,0
18,45,0.031067613512277603,0,0
18,46,0.03147223964333534,0,0
18,47,0.03271853178739548,0,0
18,48,0.0436432845890522,0,0
18,49,0.07409808784723282,0,0
18,50,0.09901124238967896,0,0
18,51,0.09695591032505035,0,0
18,52,0.11348208039999008,0,0
18,53,0.10955803096294403,0,0
18,54,0.08620412647724152,0,0
18,55,0.08263552188873291,0,0
18,56,0.08049225807189941,0,0
18,57,0.059107162058353424,0,0
18,58,0.05291713401675224,0,0
18,59,0.06267531216144562,0,0
18,60,0.045197635889053345,0,0
18,61,0.04716116935014725,0,0
18,62,0.06203656271100044,0,0
18,63,0.09635172039270401,0,0
18,64,0.11175433546304703,0,0
18,65,0.12440790235996246,0,0
18,66,0.14432485401630402,0,0
18,67,0.14694252610206604,0,0
18,68,0.12865568697452545,0,0
18,69,0.1154889315366745,0,0
18,70,0.10284112393856049,0,0
18,71,0.14046089351177216,0,0
18,72,0.15756674110889435,0,0
18,73,0.17171087861061096,0,0
18,74,0.15520310401916504,0,0
18,75,0.16239699721336365,0,0
18,76,0.10660366714000702,0,0
18,77,0.08366592973470688,0,0
18,78,0.08140590786933899,0,0
18,79,0.09040240943431854,0,0
18,80,0.09271256625652313,0,0
18,81,0.13211819529533386,0,0
18,82,0.12561631202697754,0,0
18,83,0.1672392189502716,0,0
18,84,0.21800604462623596,0,0
18,85,0.20464996993541718,0,0
18,86,0.18375198543071747,0,0
18,87,0.19541089236736298,0,0
18,88,0.12682940065860748,0,0
18,89,0.07410388439893723,0,0
18,90,0.098304383456707,0,0
18,91,0.11443322896957397,0,0
18,92,0.12497112900018692,0,0
18,93,0.18639490008354187,0,0
18,94,0.1946515291929245,0,0
18,95,0.19416630268096924,0,0
18,96,0.3341369032859802,1,0
18,97,0.4964790940284729,1,0
18,98,0.6245701313018799,1,1
18,99,0.7945572137832642,1,1
18,100,0.9555517435073853,1,1
18,101,0.9688507318496704,1,1
18,102,0.9678305387496948,1,1
18,103,0.9515305757522583,1,1
18,104,0.9542304277420044,1,1
18,105,0.9561024904251099,1,1
18,106,0.9570496678352356,1,1
18,107,0.9521939158439636,1,1
18,108,0.9652954936027527,1,1
18,109,0.9663228988647461,1,1
18,110,0.9661315679550171,1,1
18,111,0.9628278613090515,1,1
18,112,0.9701463580131531,1,1
18,113,0.9374940991401672,1,1
18,114,0.8554475903511047,1,1
18,115,0.7679892778396606,1,1
18,116,0.6289382576942444,1,1
18,117,0.5271784663200378,1,1
18,118,0.4354764521121979,1,1
18,119,0.37012389302253723,1,1
18,120,0.4542141854763031,1,1
18,121,0.5904300808906555,1,1
18,122,0.6858211755752563,1,1
18,123,0.8087444305419922,1,1
18,124,0.9546683430671692,1,1
18,125,0.9574493169784546,1,1
18,126,0.954983115196228,1,1
18,127,0.9572652578353882,1,1
18,128,0.958050549030304,1,1
18,129,0.9580940008163452,1,1
18,130,0.9559121131896973,1,1
18,131,0.9559412002563477,1,1
18,132,0.9603638648986816,1,1
18,133,0.963269054889679,1,1
18,134,0.9595462679862976,1,1
18,135,0.955795168876648,1,1
18,136,0.9642399549484253,1,1
18,137,0.9627547264099121,1,1
18,138,0.9616805911064148,1,1
18,139,0.9657500982284546,1,1
18,140,0.9714543223381042,1,1
18,141,0.9673431515693665,1,1
18,142,0.9628939628601074,1,1
18,143,0.9546841382980347,1,1
18,144,0.9399625062942505,1,1
18,145,0.932211697101593,1,1
18,146,0.9297966957092285,1,1
18,147,0.9355117678642273,1,1
18,148,0.9365682005882263,1,1
18,149,0.9501209855079651,1,1
19,0,0.0015581200132146478,0,0
19,1,0.001715228776447475,0,0
19,2,0.0017369712004438043,0,0
19,3,0.0017309302929788828,0,0
19,4,0.001561569282785058,0,0
19,5,0.0020625819452106953,0,0
19,6,0.0021187900565564632,0,0
19,7,0.0032193735241889954,0,0
19,8,0.004244610201567411,0,0
19,9,0.005632749292999506,0,0
19,10,0.005470315460115671,0,0
19,11,0.005700326524674892,0,0
19,12,0.004759690724313259,0,0
19,13,0.0034094383008778095,0,0
19,14,0.002216464839875698,0,0
19,15,0.0021658861078321934,0,0
19,16,0.002073888899758458,0,0
19,17,0.0018467691261321306,0,0
19,18,0.001910533057525754,0,0
19,19,0.0020927018485963345,0,0
19,20,0.0025037589948624372,0,0
19,21,0.0029972554184496403,0,0
19,22,0.003224362852051854,0,0
19,23,0.004443193785846233,0,0
19,24,0.004900448955595493,0,0
19,25,0.005099334754049778,0,0
19,26,0.004778521601110697,0,0
19,27,0.004885949660092592,0,0
19,28,0.004426935221999884,0,0
19,29,0.003849632339552045,0,0
19,30,0.003578788135200739,0,0
19,31,0.003112511709332466,0,0
19,32,0.0031216158531606197,0,0
19,33,0.002687908010557294,0,0
19,34,0.002766331424936652,0,0
19,35,0.0032394889276474714,0,0
19,36,0.003483585314825177,0,0
19,37,0.004123520106077194,0,0
19,38,0.0046584755182266235,0,0
19,39,0.00479529146105051,0,0
19,40,0.003829261753708124,0,0
19,41,0.0037623271346092224,0,0
19,42,0.003325708908960223,0,0
19,43,0.004620543215423822,0,0
19,44,0.004805212374776602,0,0
19,45,0.010735898278653622,0,0
19,46,0.011910089291632175,0,0
19,47,0.013731430284678936,0,0
19,48,0.013147729448974133,0,0
19,49,0.01716430112719536,0,0
19,50,0.013802478089928627,0,0
19,51,0.015260392799973488,0,0
19,52,0.016207916662096977,0,0
19,53,0.018497509881854057,0,0
19,54,0.01767362654209137,0,0
19,55,0.018749738112092018,0,0
19,56,0.01917451061308384,0,0
19,57,0.019268881529569626,0,0
19,58,0.01798941381275654,0,0
19,59,0.02166428603231907,0,0
19,60,0.022301530465483665,0,0
19,61,0.02659996971487999,0,0
19,62,0.03753278777003288,0,0
19,63,0.03976886719465256,0,0
19,64,0.04560721665620804,0,0
19,65,0.045012686401605606,0,0
19,66,0.04022247716784477,0,0
19,67,0.027548721060156822,0,0
19,68,0.025112051516771317,0,0
19,69,0.012401370331645012,0,0
19,70,0.009167879819869995,0,0
19,71,0.008030232973396778,0,0
19,72,0.008377701044082642,0,0
19,73,0.006756165064871311,0,0
19,74,0.006742171943187714,0,0
19,75,0.006734353490173817,0,0
19,76,0.006117973476648331,0,0
19,77,0.018411584198474884,0,0
19,78,0.021879281848669052,0,0
19,79,0.02480160817503929,0,0
19,80,0.026450905948877335,0,0
19,81,0.025725727900862694,0,0
19,82,0.012439519166946411,0,0
19,83,0.008568922057747841,0,0
19,84,0.008951744064688683,0,0
19,85,0.0071120550855994225,0,0
19,86,0.0074151186272501945,0,0
19,87,0.006411589682102203,0,0
19,88,0.00706326961517334,0,0
19,89,0.003839279757812619,0,0
19,90,0.0044735269621014595,0,0
19,91,0.004166052211076021,0,0
19,92,0.005114291794598103,0,0
19,93,0.006305936723947525,0,0
19,94,0.20225389301776886,1,0
19,95,0.39347878098487854,1,0
19,96,0.5893222689628601,1,1
19,97,0.776146650314331,1,1
19,98,0.9679994583129883,1,1
19,99,0.9674274325370789,1,1
19,100,0.9698506593704224,1,1
19,101,0.9680261611938477,1,1
19,102,0.9716742634773254,1,1
19,103,0.9744905233383179,1,1
19,104,0.9634903073310852,1,1
19,105,0.9664942622184753,1,1
19,106,0.9694608449935913,1,1
19,107,0.9611788988113403,1,1
19,108,0.9139482378959656,1,1
19,109,0.9138628244400024,1,1
19,110,0.9061048626899719,1,1
19,111,0.9031685590744019,1,1
19,112,0.9068446159362793,1,1
19,113,0.9524236917495728,1,1
19,114,0.9644877314567566,1,1
19,115,0.9724523425102234,1,1
19,116,0.976105809211731,1,1
19,117,0.9866277575492859,1,1
19,118,0.9818546175956726,1,1
19,119,0.9785673022270203,1,1
19,120,0.9773885607719421,1,1
19,121,0.9761009216308594,1,1
19,122,0.9739956855773926,1,1
19,123,0.9797623753547668,1,1
19,124,0.9816917181015015,1,1
19,125,0.9806400537490845,1,1
19,126,0.9815061688423157,1,1
19,127,0.9828286170959473,1,1
19,128,0.9807642102241516,1,1
19,129,0.9828723669052124,1,1
19,130,0.9840573072433472,1,1
19,131,0.9806755781173706,1,1
19,132,0.9805794954299927,1,1
19,133,0.9841135144233704,1,1
19,134,0.9815352559089661,1,1
19,135,0.978493869304657,1,1
19,136,0.9793152809143066,1,1
19,137,0.9797817468643188,1,1
19,138,0.9759035110473633,1,1
19,139,0.9619733691215515,1,1
19,140,0.9598305821418762,1,1
19,141,0.9544321298599243,1,1
19,142,0.950537383556366,1,1
19,143,0.940648078918457,1,1
19,144,0.9508978724479675,1,1
19,145,0.955539882183075,1,1
19,146,0.9447762370109558,1,1
19,147,0.9262140989303589,1,1
19,148,0.9276309609413147,1,1
19,149,0.9173247218132019,1,1
20,0,0.008902310393750668,0,0
20,1,0.006819826550781727,0,0
20,2,0.00569155253469944,0,0
20,3,0.004618457052856684,0,0
20,4,0.001800012425519526,0,0
20,5,0.0012114043347537518,0,0
20,6,0.0012071237433701754,0,0
20,7,0.001234044088050723,0,0
20,8,0.0010232174536213279,0,0
20,9,0.0009925587801262736,0,0
20,10,0.0010691923089325428,0,0
20,11,0.001652134582400322,0,0
20,12,0.001723694964312017,0,0
20,13,0.0020529732573777437,0,0
20,14,0.0022811307571828365,0,0
20,15,0.002304889727383852,0,0
20,16,0.0020098532550036907,0,0
20,17,0.001932213781401515,0,0
20,18,0.0014640521258115768,0,0
20,19,0.0024892431683838367,0,0
20,20,0.0022216872312128544,0,0
20,21,0.0019850539974868298,0,0
20,22,0.0018246410181745887,0,0
20,23,0.0017814505845308304,0,0
20,24,0.0005848105065524578,0,0
20,25,0.0007441469351761043,0,0
20,26,0.0006603877991437912,0,0
20,27,0.0009306799620389938,0,0
20,28,0.001318933442234993,0,0
20,29,0.002435989212244749,0,0
20,30,0.002324085682630539,0,0
20,31,0.0023376313038170338,0,0
20,32,0.002122477861121297,0,0
20,33,0.0016793372342363,0,0
20,34,0.0004636573139578104,0,0
20,35,0.018897010013461113,0,0
20,36,0.02272900938987732,0,0
20,37,0.02559826336801052,0,0
20,38,0.02730877324938774,0,0
20,39,0.0286222156137228,0,0
20,40,0.011561254970729351,0,0
20,41,0.009788443334400654,0,0
20,42,0.007611745037138462,0,0
20,43,0.008421257138252258,0,0
20,44,0.008503174409270287,0,0
20,45,0.00725098792463541,0,0
20,46,0.006056660320609808,0,0
20,47,0.006675191223621368,0,0
20,48,0.004681552294641733,0,0
20,49,0.010810498148202896,0,0
20,50,0.01854356750845909,0,0
20,51,0.018763655796647072,0,0
20,52,0.02184872329235077,0,0
20,53,0.022395912557840347,0,0
20,54,0.017956582829356194,0,0
20,55,0.01135277934372425,0,0
20,56,0.0109059764072299,0,0
20,57,0.00651887059211731,0,0
20,58,0.005903738550841808,0,0
20,59,0.004779059439897537,0,0
20,60,0.0036068777553737164,0,0
20,61,0.0039022788405418396,0,0
20,62,0.007964505814015865,0,0
20,63,0.007715175859630108,0,0
20,64,0.00618970301002264,0,0
20,65,0.008347456343472004,0,0
20,66,0.008236924186348915,0,0
20,67,0.004351095762103796,0,0
20,68,0.004583344794809818,0,0
20,69,0.0051036132499575615,0,0
20,70,0.003141244873404503,0,0
20,71,0.0036039985716342926,0,0
20,72,0.0037497300654649734,0,0
20,73,0.018981367349624634,0,0
20,74,0.018283188343048096,0,0
20,75,0.018180985003709793,0,0
20,76,0.01807374320924282,0,0
20,77,0.01779412291944027,0,0
20,78,0.0027058448176831007,0,0
20,79,0.0035217225085943937,0,0
20,80,0.0037970743142068386,0,0
20,81,0.0031645302660763264,0,0
20,82,0.0032031722366809845,0,0
20,83,0.0035778158344328403,0,0
20,84,0.0028025221545249224,0,0
20,85,0.0027450290508568287,0,0
20,86,0.0025177202187478542,0,0
20,87,0.002525579184293747,0,0
20,88,0.001749057904817164,0,0
20,89,0.0014811509754508734,0,0
20,90,0.001298500457778573,0,0
20,91,0.0010979129001498222,0,0
20,92,0.001137872925028205,0,0
20,93,0.0009855118114501238,0,0
20,94,0.0010308215860277414,0,0
20,95,0.000836797640658915,0,0
20,96,0.0006926556234247983,0,0
20,97,0.0011858141515403986,0,0
20,98,0.001149678835645318,0,0
20,99,0.0011096727102994919,0,0
20,100,0.20090313255786896,1,0
20,101,0.40073975920677185,1,0
20,102,0.5998655557632446,1,1
20,103,0.7997668981552124,1,1
20,104,0.9996415972709656,1,1
20,105,0.9996209144592285,1,1
20,106,0.9976085424423218,1,1
20,107,0.9971787333488464,1,1
20,108,0.9967921376228333,1,1
20,109,0.9927324056625366,1,1
20,110,0.9919360876083374,1,1
20,111,0.9939278364181519,1,1
20,112,0.9938599467277527,1,1
20,113,0.9941933751106262,1,1
20,114,0.9981366395950317,1,1
20,115,0.9989520311355591,1,1
20,116,0.9988669157028198,1,1
20,117,0.9993780851364136,1,1
20,118,0.9993306994438171,1,1
20,119,0.999388575553894,1,1
20,120,0.9994000196456909,1,1
20,121,0.9994412660598755,1,1
20,122,0.9960625767707825,1,1
20,123,0.9958988428115845,1,1
20,124,0.9958847761154175,1,1
20,125,0.9958333969116211,1,1
20,126,0.9958897829055786,1,1
20,127,0.9993029832839966,1,1
20,128,0.9995555877685547,1,1
20,129,0.9995822906494141,1,1
20,130,0.9995979070663452,1,1
20,131,0.9996278882026672,1,1
20,132,0.9995881915092468,1,1
20,133,0.9994029998779297,1,1
20,134,0.9993969202041626,1,1
20,135,0.9994140863418579,1,1
20,136,0.9993401765823364,1,1
20,137,0.9992769360542297,1,1
20,138,0.999397873878479,1,1
20,139,0.999383270740509,1,1
20,140,0.9993599057197571,1,1
20,141,0.9994381070137024,1,1
20,142,0.9995049238204956,1,1
20,143,0.9995404481887817,1,1
20,144,0.9995599985122681,1,1
20,145,0.9995881915092468,1,1
20,146,0.9995161294937134,1,1
20,147,0.9995176196098328,1,1
20,148,0.9995080828666687,1,1
20,149,0.9994953274726868,1,1
21,0,0.9184045791625977,1,1
21,1,0.9313127994537354,1,1
21,2,0.9411867260932922,1,1
21,3,0.9526058435440063,1,1
21,4,0.9703694581985474,1,1
21,5,0.97297602891922,1,1
21,6,0.9615850448608398,1,1
21,7,0.9590708017349243,1,1
21,8,0.9605802297592163,1,1
21,9,0.9597118496894836,1,1
21,10,0.9572646021842957,1,1
21,11,0.9683944582939148,1,1
21,12,0.9724569320678711,1,1
21,13,0.9749242067337036,1,1
21,14,0.9726132154464722,1,1
21,15,0.9654742479324341,1,1
21,16,0.9672880172729492,1,1
21,17,0.9635833501815796,1,1
21,18,0.9691057205200195,1,1
21,19,0.9678828120231628,1,1
21,20,0.9715635180473328,1,1
21,21,0.9638444781303406,1,1
21,22,0.9540908932685852,1,1
21,23,0.9534695744514465,1,1
21,24,0.9579049944877625,1,1
21,25,0.9619342684745789,1,1
21,26,0.9697558283805847,1,1
21,27,0.8950341939926147,1,1
21,28,0.8338898420333862,1,1
21,29,0.7966188788414001,1,1
21,30,0.6992842555046082,1,1
21,31,0.626911461353302,1,1
21,32,0.7164637446403503,1,1
21,33,0.779181718826294,1,1
21,34,0.8155580759048462,1,1
21,35,0.9103813171386719,1,1
21,36,0.9769047498703003,1,1
21,37,0.974746584892273,1,1
21,38,0.9679926633834839,1,1
21,39,0.9491153955459595,1,1
21,40,0.9280828237533569,1,1
21,41,0.9332469701766968,1,1
21,42,0.9313974380493164,1,1
21,43,0.9215344190597534,1,1
21,44,0.9344614148139954,1,1
21,45,0.9494501948356628,1,1
21,46,0.9528336524963379,1,1
21,47,0.9516376256942749,1,1
21,48,0.9245559573173523,1,1
21,49,0.7357850670814514,1,1
21,50,0.5584615468978882,1,1
21,51,0.3808031976222992,1,0
21,52,0.19430258870124817,1,0
21,53,0.046614475548267365,0,0
21,54,0.04896412044763565,0,0
21,55,0.040508199483156204,0,0
21,56,0.020659958943724632,0,0
21,57,0.015150511637330055,0,0
21,58,0.012029146775603294,0,0
21,59,0.009925792925059795,0,0
21,60,0.014699002727866173,0,0
21,61,0.01809517666697502,0,0
21,62,0.01688779704272747,0,0
21,63,0.014377737417817116,0,0
21,64,0.013051198795437813,0,0
21,65,0.009018553420901299,0,0
21,66,0.00607684999704361,0,0
21,67,0.010864896699786186,0,0
21,68,0.011707856319844723,0,0
21,69,0.013518227264285088,0,0
21,70,0.013617590069770813,0,0
21,71,0.013118432834744453,0,0
21,72,0.008616591803729534,0,0
21,73,0.007867857813835144,0,0
21,74,0.005481869913637638,0,0
21,75,0.0038929139263927937,0,0
21,76,0.004106385167688131,0,0
21,77,0.005265842191874981,0,0
21,78,0.006659501697868109,0,0
21,79,0.00681092357262969,0,0
21,80,0.007001285441219807,0,0
21,81,0.00746315810829401,0,0
21,82,0.006601909641176462,0,0
21,83,0.006333966739475727,0,0
21,84,0.006141752935945988,0,0
21,85,0.006531698163598776,0,0
21,86,0.0064623854123055935,0,0
21,87,0.00888193678110838,0,0
21,88,0.009505519643425941,0,0
21,89,0.015397037379443645,0,0
21,90,0.016244595870375633,0,0
21,91,0.016349641606211662,0,0
21,92,0.01455075852572918,0,0
21,93,0.016276726499199867,0,0
21,94,0.010960775427520275,0,0
21,95,0.010998466983437538,0,0
21,96,0.016687488183379173,0,0
21,97,0.016589608043432236,0,0
21,98,0.014109402894973755,0,0
21,99,0.013356718234717846,0,0
21,100,0.013451404869556427,0,0
21,101,0.006594981998205185,0,0
21,102,0.005339080933481455,0,0
21,103,0.004247753880918026,0,0
21,104,0.003726039547473192,0,0
21,105,0.0020214105024933815,0,0
21,106,0.002089716959744692,0,0
21,107,0.0020338832400739193,0,0
21,108,0.0028484310023486614,0,0
21,109,0.005648563150316477,0,0
21,110,0.006114278919994831,0,0
21,111,0.0062559060752391815,0,0
21,112,0.006403026636689901,0,0
21,113,0.005501900799572468,0,0
21,114,0.002783023053780198,0,0
21,115,0.0024721622467041016,0,0
21,116,0.002342659281566739,0,0
21,117,0.002377379685640335,0,0
21,118,0.002320611383765936,0,0
21,119,0.002665311563760042,0,0
21,120,0.00239010201767087,0,0
21,121,0.0024432989303022623,0,0
21,122,0.0021186561789363623,0,0
21,123,0.0021056251134723425,0,0
21,124,0.0018825328443199396,0,0
21,125,0.0020484819542616606,0,0
21,126,0.0020306031219661236,0,0
21,127,0.0021074661053717136,0,0
21,128,0.002028788672760129,0,0
21,129,0.0019519053166732192,0,0
21,130,0.0020596045069396496,0,0
21,131,0.0018959377193823457,0,0
21,132,0.0018394371727481484,0,0
21,133,0.0021498866844922304,0,0
21,134,0.002318296115845442,0,0
21,135,0.0020968494936823845,0,0
21,136,0.0021828392054885626,0,0
21,137,0.002382934559136629,0,0
21,138,0.00205126847140491,0,0
21,139,0.0019122787052765489,0,0
21,140,0.001981907058507204,0,0
21,141,0.001870694337412715,0,0
21,142,0.0018430916825309396,0,0
21,143,0.0017737554153427482,0,0
21,144,0.0018475230317562819,0,0
21,145,0.001813972368836403,0,0
21,146,0.0019050876144319773,0,0
21,147,0.001697744824923575,0,0
21,148,0.0017965815495699644,0,0
21,149,0.0016746189212426543,0,0
22,0,0.8780764937400818,1,1
22,1,0.9052894115447998,1,1
22,2,0.9180985689163208,1,1
22,3,0.9456341862678528,1,1
22,4,0.9716968536376953,1,1
22,5,0.9708175659179688,1,1
22,6,0.964210033416748,1,1
22,7,0.9615979194641113,1,1
22,8,0.956511378288269,1,1
22,9,0.9498649835586548,1,1
22,10,0.9450893402099609,1,1
22,11,0.9439505338668823,1,1
22,12,0.9396230578422546,1,1
22,13,0.9345053434371948,1,1
22,14,0.9276311993598938,1,1
22,15,0.9162026643753052,1,1
22,16,0.9068877100944519,1,1
22,17,0.9073551893234253,1,1
22,18,0.9103144407272339,1,1
22,19,0.9190952181816101,1,1
22,20,0.9239307641983032,1,1
22,21,0.9352504014968872,1,1
22,22,0.934648871421814,1,1
22,23,0.9410796165466309,1,1
22,24,0.9473000764846802,1,1
22,25,0.9379891157150269,1,1
22,26,0.9299548268318176,1,1
22,27,0.9269911646842957,1,1
22,28,0.904009222984314,1,1
22,29,0.904220700263977,1,1
22,30,0.9172719120979309,1,1
22,31,0.9279829263687134,1,1
22,32,0.9363752603530884,1,1
22,33,0.9552114605903625,1,1
22,34,0.9471883773803711,1,1
22,35,0.9525192379951477,1,1
22,36,0.9430807828903198,1,1
22,37,0.9352916479110718,1,1
22,38,0.927364706993103,1,1
22,39,0.9356077909469604,1,1
22,40,0.9355872869491577,1,1
22,41,0.932115375995636,1,1
22,42,0.937433123588562,1,1
22,43,0.9119148254394531,1,1
22,44,0.9057924151420593,1,1
22,45,0.9048082232475281,1,1
22,46,0.7234361171722412,1,1
22,47,0.5338367223739624,1,1
22,48,0.37810438871383667,1,0
22,49,0.19322270154953003,1,0
22,50,0.002084993291646242,0,0
22,51,0.003675176529213786,0,0
22,52,0.0066855126060545444,0,0
22,53,0.006711429916322231,0,0
22,54,0.007987727411091328,0,0
22,55,0.007946762256324291,0,0
22,56,0.007425863295793533,0,0
22,57,0.004855590872466564,0,0
22,58,0.0052587795071303844,0,0
22,59,0.003811389673501253,0,0
22,60,0.003502028761431575,0,0
22,61,0.00261182920075953,0,0
22,62,0.0029276914428919554,0,0
22,63,0.0023316049482673407,0,0
22,64,0.005408578552305698,0,0
22,65,0.004929000977426767,0,0
22,66,0.005770867690443993,0,0
22,67,0.005495973862707615,0,0
22,68,0.007205457892268896,0,0
22,69,0.004252719227224588,0,0
22,70,0.0048873513005673885,0,0
22,71,0.006170893553644419,0,0
22,72,0.006671922747045755,0,0
22,73,0.006077835336327553,0,0
22,74,0.006036718841642141,0,0
22,75,0.005808921530842781,0,0
22,76,0.003943178802728653,0,0
22,77,0.0030915867537260056,0,0
22,78,0.002397366799414158,0,0
22,79,0.0026039585936814547,0,0
22,80,0.002107294974848628,0,0
22,81,0.0026461437810212374,0,0
22,82,0.00264668557792902,0,0
22,83,0.0027564491610974073,0,0
22,84,0.0031936317682266235,0,0
22,85,0.0034938256721943617,0,0
22,86,0.0029599484987556934,0,0
22,87,0.0029774385038763285,0,0
22,88,0.003315593348816037,0,0
22,89,0.0027244319207966328,0,0
22,90,0.004137720447033644,0,0
22,91,0.0038729377556592226,0,0
22,92,0.0050445618107914925,0,0
22,93,0.005425882525742054,0,0
22,94,0.0057167308405041695,0,0
22,95,0.004128455650061369,0,0
22,96,0.004043245688080788,0,0
22,97,0.00335196265950799,0,0
22,98,0.0018870948115363717,0,0
22,99,0.0013981705997139215,0,0
22,100,0.0011034937342628837,0,0
22,101,0.0010538691421970725,0,0
22,102,0.00032440348877571523,0,0
22,103,0.0006309322779998183,0,0
22,104,0.0005689137615263462,0,0
22,105,0.0005683021736331284,0,0
22,106,0.0005734348087571561,0,0
22,107,0.0006392321083694696,0,0
22,108,0.0003502537147141993,0,0
22,109,0.00036657374585047364,0,0
22,110,0.0003233684110455215,0,0
22,111,0.00033493986120447516,0,0
22,112,0.000316689838655293,0,0
22,113,0.00032326459768228233,0,0
22,114,0.0003191497817169875,0,0
22,115,0.00043975416338071227,0,0
22,116,0.0003986463416367769,0,0
22,117,0.00036661443300545216,0,0
22,118,0.00038876276812516153,0,0
22,119,0.00047043003723956645,0,0
22,120,0.00037258598604239523,0,0
22,121,0.00036415207432582974,0,0
22,122,0.0003519448800943792,0,0
22,123,0.0003467939095571637,0,0
22,124,0.0002967168693430722,0,0
22,125,0.0003691563324537128,0,0
22,126,0.0005263412022031844,0,0
22,127,0.000510287587530911,0,0
22,128,0.0004771171079482883,0,0
22,129,0.0004969543078914285,0,0
22,130,0.0004695192037615925,0,0
22,131,0.00033485834137536585,0,0
22,132,0.0003669544530566782,0,0
22,133,0.00040655737393535674,0,0
22,134,0.0003862323355861008,0,0
22,135,0.0003291401662863791,0,0
22,136,0.0003017436829395592,0,0
22,137,0.0002495685184840113,0,0
22,138,0.000263389345491305,0,0
22,139,0.00028156209737062454,0,0
22,140,0.0003439824213273823,0,0
22,141,0.0003213319578208029,0,0
22,142,0.00040092039853334427,0,0
22,143,0.0003930474631488323,0,0
22,144,0.0005276931333355606,0,0
22,145,0.0005567994667217135,0,0
22,146,0.0007497621118091047,0,0
22,147,0.0007775331032462418,0,0
22,148,0.0008737191092222929,0,0
22,149,0.0007742979214526713,0,0
23,0,0.4580713212490082,1,0
23,1,0.5348348021507263,1,0
23,2,0.6044613122940063,1,0
23,3,0.5908428430557251,1,0
23,4,0.7011355757713318,1,0
23,5,0.6845488548278809,1,0
23,6,0.5802799463272095,1,0
23,7,0.49205365777015686,1,0
23,8,0.44968724250793457,1,0
23,9,0.35438793897628784,0,0
23,10,0.2199465036392212,0,0
23,11,0.21420526504516602,0,0
23,12,0.14775362610816956,0,0
23,13,0.16142168641090393,0,0
23,14,0.14051100611686707,0,0
23,15,0.13588780164718628,0,0
23,16,0.1530073583126068,0,0
23,17,0.1931798756122589,0,0
23,18,0.19113382697105408,0,0
23,19,0.2059403657913208,0,0
23,20,0.18982592225074768,0,0
23,21,0.1701921969652176,0,0
23,22,0.20461106300354004,0,0
23,23,0.205961674451828,0,0
23,24,0.20554716885089874,0,0
23,25,0.323344349861145,0,0
23,26,0.39706000685691833,1,0
23,27,0.45653286576271057,1,0
23,28,0.4471059739589691,1,0
23,29,0.4931313097476959,1,0
23,30,0.46916308999061584,1,0
23,31,0.54630047082901,1,0
23,32,0.5787471532821655,1,0
23,33,0.575549840927124,1,0
23,34,0.551914632320404,1,0
23,35,0.4691212773323059,1,0
23,36,0.3116742968559265,0,0
23,37,0.18901586532592773,0,0
23,38,0.2172519415616989,0,0
23,39,0.22592251002788544,0,0
23,40,0.2659403383731842,0,0
23,41,0.28452184796333313,0,0
23,42,0.25002679228782654,0,0
23,43,0.2639088034629822,0,0
23,44,0.28482046723365784,0,0
23,45,0.2392616719007492,0,0
23,46,0.22962050139904022,0,0
23,47,0.3923453688621521,1,0
23,48,0.3794155716896057,1,0
23,49,0.46002864837646484,1,0
23,50,0.44743189215660095,1,0
23,51,0.4168696403503418,1,0
23,52,0.24562034010887146,0,0
23,53,0.25748535990715027,0,0
23,54,0.11239568889141083,0,0
23,55,0.1450158804655075,0,0
23,56,0.18393835425376892,0,0
23,57,0.3462774157524109,0,0
23,58,0.4508283734321594,1,0
23,59,0.45564931631088257,1,0
23,60,0.41833171248435974,1,0
23,61,0.38984644412994385,1,0
23,62,0.22514505684375763,0,0
23,63,0.09639514982700348,0,0
23,64,0.10056453943252563,0,0
23,65,0.10988503694534302,0,0
23,66,0.10403414815664291,0,0
23,67,0.12401101738214493,0,0
23,68,0.1647411286830902,0,0
23,69,0.21408557891845703,0,0
23,70,0.210323765873909,0,0
23,71,0.20140023529529572,0,0
23,72,0.2752527892589569,0,0
23,73,0.2073856145143509,0,0
23,74,0.1587872952222824,0,0
23,75,0.15349379181861877,0,0
23,76,0.18503615260124207,0,0
23,77,0.08524949103593826,0,0
23,78,0.1135731115937233,0,0
23,79,0.11144659668207169,0,0
23,80,0.11681165546178818,0,0
23,81,0.08604329079389572,0,0
23,82,0.09351072460412979,0,0
23,83,0.06854140013456345,0,0
23,84,0.06825865805149078,0,0
23,85,0.059253137558698654,0,0
23,86,0.06269659101963043,0,0
23,87,0.07719694077968597,0,0
23,88,0.09760499000549316,0,0
23,89,0.12945175170898438,0,0
23,90,0.2563207745552063,0,0
23,91,0.27728039026260376,0,0
23,92,0.3525307774543762,0,0
23,93,0.3930646777153015,1,0
23,94,0.3532298505306244,0,0
23,95,0.231272891163826,0,0
23,96,0.22356483340263367,0,0
23,97,0.14041262865066528,0,0
23,98,0.08549456298351288,0,0
23,99,0.09389285743236542,0,0
23,100,0.10090027004480362,0,0
23,101,0.08441761881113052,0,0
23,102,0.07052822411060333,0,0
23,103,0.2503684461116791,0,0
23,104,0.4218347668647766,1,0
23,105,0.6027654409408569,1,1
23,106,0.7864065170288086,1,1
23,107,0.9259788393974304,1,1
23,108,0.9112831950187683,1,1
23,109,0.9071611166000366,1,1
23,110,0.8837627172470093,1,1
23,111,0.8900337219238281,1,1
23,112,0.9201855659484863,1,1
23,113,0.9286558032035828,1,1
23,114,0.9377552270889282,1,1
23,115,0.9566715955734253,1,1
23,116,0.9410597085952759,1,1
23,117,0.9563649296760559,1,1
23,118,0.9629119038581848,1,1
23,119,0.961946964263916,1,1
23,120,0.9698660969734192,1,1
23,121,0.9583910703659058,1,1
23,122,0.9562466740608215,1,1
23,123,0.9415894746780396,1,1
23,124,0.9331392049789429,1,1
23,125,0.8895265460014343,1,1
23,126,0.9144356846809387,1,1
23,127,0.9145577549934387,1,1
23,128,0.9289892911911011,1,1
23,129,0.9454585313796997,1,1
23,130,0.9888755679130554,1,1
23,131,0.9898663759231567,1,1
23,132,0.9904689788818359,1,1
23,133,0.9920675158500671,1,1
23,134,0.9888914227485657,1,1
23,135,0.9807567596435547,1,1
23,136,0.9768837094306946,1,1
23,137,0.9663622975349426,1,1
23,138,0.9595453143119812,1,1
23,139,0.9332064390182495,1,1
23,140,0.9380691647529602,1,1
23,141,0.9357479810714722,1,1
23,142,0.9393095970153809,1,1
23,143,0.9395111799240112,1,1
23,144,0.952102541923523,1,1
23,145,0.9523690342903137,1,1
23,146,0.9512826800346375,1,1
23,147,0.9531920552253723,1,1
23,148,0.9499026536941528,1,1
23,149,0.965265691280365,1,1
24,0,0.9954042434692383,1,1
24,1,0.9956377744674683,1,1
24,2,0.9955106973648071,1,1
24,3,0.9955069422721863,1,1
24,4,0.9956930875778198,1,1
24,5,0.995182991027832,1,1
24,6,0.9949840307235718,1,1
24,7,0.9951732754707336,1,1
24,8,0.9954511523246765,1,1
24,9,0.9955158233642578,1,1
24,10,0.9953147768974304,1,1
24,11,0.9950740933418274,1,1
24,12,0.9941393733024597,1,1
24,13,0.9823774099349976,1,1
24,14,0.982291579246521,1,1
24,15,0.9799556732177734,1,1
24,16,0.9800336956977844,1,1
24,17,0.980742335319519,1,1
24,18,0.9866326451301575,1,1
24,19,0.9829465746879578,1,1
24,20,0.9858909845352173,1,1
24,21,0.9855996370315552,1,1
24,22,0.9857751131057739,1,1
24,23,0.991297721862793,1,1
24,24,0.995219349861145,1,1
24,25,0.9941152334213257,1,1
24,26,0.9939988255500793,1,1
24,27,0.9936001896858215,1,1
24,28,0.9938758611679077,1,1
24,29,0.9911446571350098,1,1
24,30,0.9920352101325989,1,1
24,31,0.9922282099723816,1,1
24,32,0.991590142250061,1,1
24,33,0.9871196746826172,1,1
24,34,0.9867050051689148,1,1
24,35,0.9852676391601562,1,1
24,36,0.9850159883499146,1,1
24,37,0.9863160848617554,1,1
24,38,0.9898916482925415,1,1
24,39,0.9928178787231445,1,1
24,40,0.9924259185791016,1,1
24,41,0.9925978779792786,1,1
24,42,0.9918402433395386,1,1
24,43,0.9915404319763184,1,1
24,44,0.9895443916320801,1,1
24,45,0.9896215200424194,1,1
24,46,0.986737847328186,1,1
24,47,0.9870134592056274,1,1
24,48,0.987930178642273,1,1
24,49,0.9884786605834961,1,1
24,50,0.7976505756378174,1,1
24,51,0.6130368709564209,1,1
24,52,0.4300927519798279,1,0
24,53,0.24186134338378906,1,0
24,54,0.05379544571042061,0,0
24,55,0.059570036828517914,0,0
24,56,0.05842706561088562,0,0
24,57,0.05033450201153755,0,0
24,58,0.04950900375843048,0,0
24,59,0.04864650219678879,0,0
24,60,0.045670606195926666,0,0
24,61,0.05757945030927658,0,0
24,62,0.05729144811630249,0,0
24,63,0.05793236941099167,0,0
24,64,0.05966724082827568,0,0
24,65,0.06683168560266495,0,0
24,66,0.05985528975725174,0,0
24,67,0.07025299221277237,0,0
24,68,0.06944391876459122,0,0
24,69,0.08250121772289276,0,0
24,70,0.08129507303237915,0,0
24,71,0.08566784858703613,0,0
24,72,0.07972416281700134,0,0
24,73,0.0845993310213089,0,0
24,74,0.070912204682827,0,0
24,75,0.0780126303434372,0,0
24,76,0.06755189597606659,0,0
24,77,0.07295411825180054,0,0
24,78,0.06495501101016998,0,0
24,79,0.07542213052511215,0,0
24,80,0.06389231979846954,0,0
24,81,0.07058309018611908,0,0
24,82,0.0667494684457779,0,0
24,83,0.06395445764064789,0,0
24,84,0.06809411197900772,0,0
24,85,0.0707278847694397,0,0
24,86,0.11980009078979492,1,0
24,87,0.16626878082752228,1,0
24,88,0.18144899606704712,1,0
24,89,0.1865406632423401,1,0
24,90,0.1900508850812912,1,0
24,91,0.1371930092573166,1,0
24,92,0.08368184417486191,0,0
24,93,0.07577192783355713,0,0
24,94,0.061676014214754105,0,0
24,95,0.052981555461883545,0,0
24,96,0.047201622277498245,0,0
24,97,0.044370584189891815,0,0
24,98,0.03929369896650314,0,0
24,99,0.03215668722987175,0,0
24,100,0.03445068746805191,0,0
24,101,0.03541391342878342,0,0
24,102,0.03510812669992447,0,0
24,103,0.03551202267408371,0,0
24,104,0.043096959590911865,0,0
24,105,0.054227303713560104,0,0
24,106,0.052116572856903076,0,0
24,107,0.052911072969436646,0,0
24,108,0.049627549946308136,0,0
24,109,0.03928399831056595,0,0
24,110,0.02294548787176609,0,0
24,111,0.023376012220978737,0,0
24,112,0.021900968626141548,0,0
24,113,0.02763892151415348,0,0
24,114,0.028407257050275803,0,0
24,115,0.024436380714178085,0,0
24,116,0.029862796887755394,0,0
24,117,0.03357379883527756,0,0
24,118,0.028395380824804306,0,0
24,119,0.02967775985598564,0,0
24,120,0.03490651398897171,0,0
24,121,0.03037416562438011,0,0
24,122,0.04192548990249634,0,0
24,123,0.04788203164935112,0,0
24,124,0.05374573916196823,0,0
24,125,0.055626280605793,0,0
24,126,0.055218737572431564,0,0
24,127,0.04338380694389343,0,0
24,128,0.04992111772298813,0,0
24,129,0.047655411064624786,0,0
24,130,0.056969642639160156,0,0
24,131,0.10924050956964493,0,0
24,132,0.11996735632419586,1,0
24,133,0.11343332380056381,1,0
24,134,0.11284297704696655,1,0
24,135,0.12081680446863174,1,0
24,136,0.07391694188117981,0,0
24,137,0.06521554291248322,0,0
24,138,0.09433027356863022,0,0
24,139,0.09425877779722214,0,0
24,140,0.08988018333911896,0,0
24,141,0.10386164486408234,0,0
24,142,0.11106382310390472,1,0
24,143,0.10464826971292496,0,0
24,144,0.12299732118844986,1,0
24,145,0.11568967998027802,1,0
24,146,0.09951132535934448,0,0
24,147,0.0973484143614769,0,0
24,148,0.08125102519989014,0,0
24,149,0.060330480337142944,0,0
