subject,frame_idx,pred_prob,pred_label,true_label
01,0,0.00034988109837286174,0,1
01,1,0.0005674837011611089,0,1
01,2,0.0006393579048259804,0,1
01,3,0.0009817668396863155,0,1
01,4,0.0009147301141638308,0,1
01,5,0.0009524984867312014,0,1
01,6,0.0008673827163875103,0,1
01,8,0.0003827219916274771,0,1
01,9,0.0003045859950361773,0,1
01,10,0.00025755752867553385,0,1
01,11,0.0002524104987969622,0,1
01,12,0.0002739804913289845,0,1
01,13,0.00027222302451264114,0,1
01,14,0.0002526665077311918,0,1
01,15,0.0002367402892559767,0,1
01,16,0.0002064971486106515,0,1
01,17,0.00021771013271063567,0,1
01,18,0.0003147933486616239,0,1
01,19,0.0004887000744929537,0,1
01,20,0.0005254503223113716,0,1
01,21,0.0006884035712573678,0,1
01,22,0.0006587213312741369,0,1
01,23,0.0005520992475794628,0,1
01,24,0.000375874261953868,0,1
01,25,0.0003330329345772043,0,1
01,26,0.00016146680864039808,0,1
01,27,0.0001481580067775212,0,1
01,28,0.00014528884348692374,0,1
01,29,0.0001415327613358386,0,1
01,30,0.0001296326532610692,0,1
01,31,0.00012604404910234734,0,1
01,32,0.00012933039106428624,0,1
01,33,0.00012395290250424295,0,1
01,34,0.00011305218358756975,0,1
01,35,0.00010123868996743113,0,1
01,36,9.6377897716593e-05,0,1
01,37,8.565794851165265e-05,0,1
01,38,8.247426740126684e-05,0,1
01,39,8.579563291277736e-05,0,1
01,40,0.00011328638211125508,0,1
01,41,0.00011517012753756717,0,1
01,42,0.0001235938412719406,0,1
01,43,0.00013828743540216236,0,1
01,44,0.00016170617600437255,0,1
01,45,0.00014786269748583435,0,1
01,46,0.00015223305526887999,0,1
01,47,0.00016312493826262653,0,1
01,48,0.00016232644848059862,0,1
01,49,0.00014137437101453544,0,1
01,50,0.00013301109138410538,0,1
01,51,0.00012542630429379642,0,1
01,52,0.00010932305740425363,0,1
01,53,9.80361393885687e-05,0,1
01,54,9.82017576461658e-05,0,1
01,55,0.00010186058207182214,0,1
01,57,0.00014688694500364363,0,1
01,58,0.0002034012504736893,0,1
01,59,0.0002842073517967947,0,1
01,60,0.00040060235769487915,0,0
01,61,0.0005596971896011382,0,0
01,62,0.0006325357942841947,0,0
01,63,0.0006799454451538623,0,0
01,64,0.0006541837647091597,0,0
01,65,0.0005623871693387628,0,0
01,66,0.00042452060733921826,0,0
01,67,0.0003523293067701161,0,0
01,68,0.0002830017532687634,0,0
01,69,0.0002630158618558198,0,0
01,70,0.0002577914419816807,0,0
01,72,0.00027744560793507844,0,0
01,73,0.00027186415682081135,0,0
01,74,0.00025915006117429586,0,0
01,75,0.0002578010782599449,0,0
01,76,0.00022879793541505933,0,0
01,77,0.00019892575219273567,0,0
01,78,0.00017739529139362275,0,0
01,79,0.0001671811391133815,0,0
01,80,0.00015412593202199787,0,0
01,81,0.0001476420118706301,0,0
01,82,0.00015474329993594437,0,0
01,83,0.0001638639281736687,0,0
01,84,0.00017278690647799523,0,0
01,85,0.00018631861312314867,0,0
01,86,0.0001902697404148057,0,0
01,87,0.00018917341076303275,0,0
01,88,0.00018697240157052874,0,0
01,89,0.0001804378378437832,0,0
01,90,0.0001667190343141556,0,0
01,91,0.0001768512127455324,0,0
01,92,0.00017368256812915205,0,0
01,93,0.0001755332516040653,0,0
01,94,0.00019538395281415433,0,0
01,95,0.00022416990832425655,0,0
01,96,0.00024003513681236655,0,0
01,97,0.00026609722699504345,0,0
01,98,0.0002801461610943079,0,0
01,99,0.0002744184108451009,0,0
01,100,0.0002582467655884102,0,0
01,101,0.0002315880818059668,0,0
01,102,0.00021253368759062142,0,0
01,103,0.00020793676958419383,0,0
01,104,0.00020434823527466507,0,0
01,105,0.00021428097970783712,0,0
01,107,0.0003250512992963195,0,0
01,109,0.000358163082273677,0,0
01,110,0.00041480346117168666,0,0
01,111,0.0004159172356594354,0,0
01,112,0.00038256680709309877,0,0
01,113,0.00045129065401852133,0,0
01,114,0.0005418996443040669,0,0
01,115,0.0004997924843337387,0,0
01,116,0.0004786693258211017,0,0
01,117,0.0004903407942038029,0,0
01,118,0.00041097870271187273,0,0
01,119,0.00031683539564255627,0,0
01,120,0.00029290600214153527,0,0
01,121,0.00028020484605804084,0,0
01,122,0.00026719743036665025,0,0
01,123,0.00026582386053632947,0,0
01,124,0.00023317591985687612,0,0
01,126,0.000204662760370411,0,0
01,127,0.00016746546025387944,0,0
01,128,0.0001530587236629799,0,0
01,129,0.00015591274423059075,0,0
01,130,0.00016266031889244914,0,0
01,131,0.00016645003051962703,0,0
01,132,0.00017428145511075855,0,0
01,133,0.00018377782544121146,0,0
01,134,0.0001880070805782452,0,0
01,135,0.00019872401608154178,0,0
01,137,0.0002154206042177975,0,0
01,138,0.00023388681875076146,0,0
01,139,0.0002746070880675688,0,0
01,140,0.00028569539717864244,0,0
01,141,0.0002821796457283199,0,0
01,142,0.0002863387722754851,0,0
01,143,0.000286583774141036,0,0
01,144,0.0002564841182902455,0,0
01,145,0.00025657094083726407,0,0
01,146,0.0002651120157679543,0,0
01,147,0.00026872433081734923,0,0
01,148,0.00024946685298345985,0,0
01,149,0.00024049709609244018,0,0
01,150,0.0002236233209259808,0,0
01,152,0.00020706105860881507,0,0
01,153,0.00024994655686896297,0,0
01,154,0.0003413265774725005,0,0
01,155,0.00048420881503261624,0,0
01,156,0.0007927024882519618,0,0
01,157,0.001025534770451486,0,0
01,158,0.001006711827358231,0,0
01,159,0.0009387799073010683,0,0
01,161,0.0005164515227079391,0,0
01,163,0.0002912926720455289,0,0
01,164,0.0002731601154664531,0,0
01,165,0.00024999764282256364,0,0
01,166,0.00023305418144445867,0,0
01,167,0.0002104994549881667,0,0
01,168,0.0001827529486035928,0,0
01,169,0.00016577868082094936,0,0
01,170,0.00016264018195215612,0,0
01,171,0.00017279786115977913,0,0
01,172,0.00017030384333338588,0,0
01,173,0.0001919365953654051,0,0
01,174,0.00022305222519207745,0,0
01,175,0.00023702526523265987,0,0
01,176,0.0002374878677073866,0,0
01,177,0.0002626602411813413,0,0
01,178,0.0002638295336510055,0,0
01,179,0.0002329743147129193,0,0
02,0,0.00013736184337176383,0,0
02,1,0.00014424099936150014,0,0
02,2,0.00015082839430154613,0,0
02,3,0.0001506994194642175,0,0
02,4,0.00015729395963717251,0,0
02,5,0.0001646476419409737,0,0
02,6,0.00015962429752107709,0,0
02,7,0.00015692611923441292,0,0
02,8,0.00016205358551815152,0,0
02,9,0.0001453924531233497,0,0
02,10,0.00012673524324782192,0,0
02,11,0.00011804255336755887,0,0
02,12,0.00010759354918263853,0,0
02,13,8.930967742344364e-05,0,0
02,14,9.00425118743442e-05,0,0
02,15,9.448392956983298e-05,0,0
02,16,0.00010567636199994012,0,0
02,17,0.00010958251805277541,0,0
02,18,0.00011106389283668249,0,0
02,20,9.832303185248747e-05,0,0
02,21,8.580309222452342e-05,0,0
02,22,7.894719747127965e-05,0,0
02,23,7.862087077228352e-05,0,0
02,24,7.794799603288993e-05,0,0
02,25,7.984739058883861e-05,0,0
02,26,7.867139065638184e-05,0,0
02,27,7.788525253999978e-05,0,0
02,28,7.345264457399025e-05,0,0
02,29,7.159920642152429e-05,0,0
02,30,6.988724344410002e-05,0,0
02,31,6.988965906202793e-05,0,0
02,32,6.851698854006826e-05,0,0
02,33,6.776440277462825e-05,0,0
02,34,6.877577980048954e-05,0,0
02,36,6.458648131228984e-05,0,0
02,37,6.133547285571694e-05,0,0
02,38,6.095637800171971e-05,0,0
02,39,5.983072624076158e-05,0,0
02,40,6.43826715531759e-05,0,0
02,41,7.121782255126163e-05,0,0
02,42,8.08348719147034e-05,0,0
02,43,8.67419395945035e-05,0,0
02,44,8.844318654155359e-05,0,0
02,45,8.408434368902817e-05,0,0
02,46,7.88326287874952e-05,0,0
02,47,6.955995049793274e-05,0,0
02,48,6.529937236336991e-05,0,0
02,49,6.551434344146401e-05,0,0
02,50,7.46736244764179e-05,0,0
02,51,9.519657032797113e-05,0,0
02,52,0.000124545804283116,0,0
02,53,0.00016451588307972998,0,0
02,55,0.00023874190519563855,0,0
02,56,0.0003035783040104434,0,0
02,57,0.000560325663536787,0,0
02,58,0.0011687341204378754,0,0
02,59,0.0018525512190535665,0,0
02,60,0.002383671095594764,0,0
02,61,0.0034491373924538495,0,0
02,62,0.017669013794511558,0,0
02,63,0.13407044340856372,0,0
02,64,0.27082866937853395,0,0
02,65,0.4301092058420181,0,0
02,66,0.5827204763889313,0,0
02,67,0.6744576096534729,1,0
02,68,0.6487850189208985,0,0
02,70,0.5523687183856965,0,0
02,71,0.4268085390329361,0,0
02,72,0.33710650354623795,0,0
02,73,0.2559004157781601,0,0
02,74,0.13632339611649513,0,0
02,75,0.07229988873004914,0,0
02,76,0.06915623545646668,0,0
02,77,0.12189519554376602,0,0
02,78,0.277829247713089,0,0
02,79,0.43121528550982474,0,0
02,80,0.6098930776119232,0,0
02,81,0.7698284685611725,1,0
02,82,0.8857473850250244,1,0
02,83,0.8901870965957641,1,0
02,84,0.8444887638092041,1,0
02,85,0.6920456707477569,1,0
02,86,0.5434788256883621,0,0
02,87,0.39972948133945463,0,0
02,88,0.24208357632160188,0,0
02,89,0.13451260179281235,0,0
02,90,0.1243469700217247,0,0
02,91,0.14341010004281998,0,0
02,92,0.12777553349733353,0,0
02,93,0.16676542907953262,0,0
02,94,0.2601913273334503,0,0
02,95,0.3209794223308563,0,0
02,96,0.3138401746749878,0,0
02,97,0.3979922473430634,0,0
02,98,0.4209417521953583,0,0
02,100,0.35179574489593507,0,0
02,101,0.4060443818569183,0,0
02,102,0.4421768605709076,0,0
02,103,0.5449629545211792,0,0
02,104,0.6858276844024658,1,0
02,105,0.7656186699867249,1,0
02,106,0.7522958278656006,1,0
02,107,0.6451384216547013,0,0
02,108,0.4909364953637123,0,0
02,109,0.3210257083177567,0,0
02,111,0.13837031722068788,0,0
02,113,0.31939502209424975,0,0
02,114,0.39496789276599886,0,0
02,115,0.46566433012485503,0,0
02,117,0.5557044148445129,0,0
02,118,0.4643560901284218,0,0
02,119,0.3894700951874256,0,0
02,120,0.29244155471678823,0,1
02,121,0.11820849287178134,0,1
02,122,0.014032059720193502,0,1
02,123,0.012320737911795731,0,1
02,124,0.0027421017162851057,0,1
02,125,0.008694693561119493,0,1
02,126,0.1925851026084274,0,1
02,128,0.5643285260535776,0,1
02,129,0.7593897424638272,1,1
02,130,0.9490842342376709,1,1
02,131,0.9622632503509522,1,1
02,132,0.9778321504592895,1,1
02,133,0.9743036508560181,1,1
02,134,0.977549147605896,1,1
02,135,0.9808880686759949,1,1
02,136,0.9799238681793213,1,1
02,137,0.9852855443954468,1,1
02,138,0.9890425562858581,1,1
02,139,0.9833950757980346,1,1
02,140,0.9717572689056396,1,1
02,141,0.9599961161613464,1,1
02,142,0.900760042667389,1,1
02,143,0.8693032145500184,1,1
02,144,0.8531942963600159,1,1
02,145,0.8319787979125977,1,1
02,146,0.7914273977279663,1,1
02,147,0.7981850385665894,1,1
02,148,0.7764911770820617,1,1
02,149,0.6540440559387207,1,1
02,150,0.5278693467378617,0,1
02,151,0.5149698406457901,0,1
02,152,0.5293848544359208,0,1
02,153,0.56782845556736,0,1
02,154,0.6908163100481033,1,1
02,155,0.8389230489730835,1,1
02,156,0.8971282482147217,1,1
02,157,0.8875144243240356,1,1
02,158,0.8194990277290344,1,1
02,159,0.8185266852378845,1,1
02,160,0.8037210822105407,1,1
02,162,0.8278681755065918,1,1
02,163,0.9084348440170288,1,1
02,164,0.9253703236579895,1,1
02,165,0.9404563784599305,1,1
02,166,0.9606959462165833,1,1
02,167,0.9622921347618103,1,1
02,168,0.9567198753356934,1,1
02,169,0.9581805348396302,1,1
02,170,0.9666620492935181,1,1
02,171,0.9721599340438842,1,1
02,172,0.9784089803695679,1,1
02,173,0.9885468125343323,1,1
02,174,0.9921644568443299,1,1
02,175,0.9932524561882019,1,1
02,176,0.993440791964531,1,1
02,177,0.9929615457852682,1,1
02,178,0.9915765225887299,1,1
02,179,0.9910731911659241,1,1
03,0,0.003082663519307971,0,1
03,1,0.005212044692598283,0,1
03,2,0.0065708470065146685,0,1
03,3,0.005867044499609619,0,1
03,4,0.005288559012115002,0,1
03,5,0.005466944864019751,0,1
03,6,0.0043792528565973045,0,1
03,7,0.0028006249805912374,0,1
03,8,0.002212476101703942,0,1
03,9,0.0017964862054213881,0,1
03,10,0.0012023204239085318,0,1
03,11,0.0009996860986575483,0,1
03,14,0.0006690912297926844,0,1
03,15,0.0005104120791656896,0,1
03,16,0.0003750656294869259,0,1
03,17,0.0002401043544523418,0,1
03,18,0.0001970508019439876,0,1
03,19,0.00018740509112831206,0,1
03,20,0.00018087958451360465,0,1
03,21,0.00016585772391408682,0,1
03,22,0.00017369600536767393,0,1
03,24,0.00019007584487553685,0,1
03,26,0.00019714602385647594,0,1
03,27,0.00018079980800393968,0,1
03,28,0.00017672324611339718,0,1
03,29,0.0001797594566596672,0,1
03,30,0.00018016728863585741,0,1
03,31,0.000182716766721569,0,1
03,32,0.00021854584920220078,0,1
03,33,0.0003081620758166537,0,1
03,34,0.0003785791661357507,0,1
03,36,0.0007712023972999305,0,1
03,37,0.001127890043426305,0,1
03,38,0.0011335280956700443,0,1
03,39,0.0010743543738499285,0,1
03,40,0.0008209945750422776,0,1
03,41,0.0006798997987061739,0,1
03,42,0.0003151166834868491,0,1
03,43,0.0002498464134987444,0,1
03,44,0.0002854300255421549,0,1
03,45,0.00038771136314608157,0,1
03,46,0.00046521424665115776,0,1
03,47,0.0005093114799819886,0,1
03,49,0.00047416186425834893,0,1
03,50,0.00040434060501866044,0,1
03,51,0.00037833329988643525,0,1
03,52,0.00033821034012362363,0,1
03,53,0.00034064001520164313,0,1
03,54,0.00037042077165097,0,1
03,55,0.0003991921606939286,0,1
03,56,0.00041780369356274604,0,1
03,57,0.0004927042697090656,0,1
03,58,0.0006965366716030985,0,1
03,59,0.0012307871016673743,0,1
03,60,0.0016541618504561483,0,0
03,61,0.002246593462768942,0,0
03,62,0.0025473116664215924,0,0
03,63,0.002591601316817105,0,0
03,64,0.0020770122995600105,0,0
03,66,0.0010175660136155784,0,0
03,67,0.0006658229045569897,0,0
03,68,0.00039041851996444164,0,0
03,69,0.0003232465591281652,0,0
03,70,0.00033056039246730505,0,0
03,71,0.0003811340546235442,0,0
03,72,0.0004298077430576086,0,0
03,73,0.000513454683823511,0,0
03,74,0.000524269207380712,0,0
03,75,0.0004760794050525874,0,0
03,76,0.00039899443509057165,0,0
03,77,0.0003347829508129507,0,0
03,78,0.00028491622069850566,0,0
03,79,0.00034905580105260015,0,0
03,80,0.0003623277472797781,0,0
03,81,0.00040379882557317615,0,0
03,82,0.0004457552975509316,0,0
03,83,0.0004481641575694084,0,0
03,84,0.0004235197266098112,0,0
03,85,0.0004998365591745823,0,0
03,86,0.0006070031027775258,0,0
03,87,0.0006674385804217309,0,0
03,88,0.0007876554795075208,0,0
03,89,0.0007999271154403686,0,0
03,90,0.0007101282011717558,0,0
03,91,0.0005986204138025642,0,0
03,92,0.000501299649477005,0,0
03,93,0.00039190902607515453,0,0
03,94,0.0003847968648187816,0,0
03,95,0.0003824868006631732,0,0
03,96,0.0003378142515430227,0,0
03,97,0.0003034652880160138,0,0
03,98,0.00023723952181171627,0,0
03,99,0.00016316328546963632,0,0
03,100,0.00013305278407642617,0,0
03,101,0.00015193766012089327,0,0
03,102,0.0001578139970661141,0,0
03,103,0.00018301439267816023,0,0
03,104,0.00019693285430548712,0,0
03,105,0.0002143970865290612,0,0
03,106,0.0002106448810081929,0,0
03,107,0.00020930944010615348,0,0
03,108,0.0001961299596587196,0,0
03,109,0.0002020005864324048,0,0
03,110,0.00020760638290084898,0,0
03,111,0.00020044342381879686,0,0
03,113,0.0002157657581847161,0,0
03,114,0.0002234723011497408,0,0
03,115,0.00022417803120333701,0,0
03,116,0.00027293402235955,0,0
03,117,0.0003274659829912707,0,0
03,118,0.0004431362409377471,0,0
03,119,0.0007615228736540302,0,0
03,120,0.04454017764655873,0,0
03,121,0.08157245658803731,0,0
03,122,0.09447895197663456,0,0
03,123,0.09955538855865598,0,0
03,124,0.10391266047954559,1,0
03,125,0.06072994247078896,0,0
03,126,0.024219135753810406,0,0
03,127,0.019047331623733045,0,0
03,128,0.12469200771301985,1,0
03,129,0.21090184133499862,1,0
03,130,0.2607503494247794,1,0
03,131,0.2907521739602089,1,0
03,132,0.31654778122901917,1,0
03,133,0.26020568013191225,1,0
03,134,0.20127051770687104,1,0
03,135,0.18976645767688752,1,0
03,136,0.25526936650276183,1,0
03,137,0.39928029477596283,1,0
03,138,0.524961718916893,1,0
03,139,0.6882769227027893,1,0
03,140,0.8483560264110566,1,0
03,141,0.9517821192741394,1,0
03,142,0.972819697856903,1,0
03,143,0.9919411897659302,1,0
03,144,0.9946213483810424,1,0
03,145,0.9942602396011353,1,0
03,146,0.9915902495384217,1,0
03,147,0.990919041633606,1,0
03,148,0.971518588066101,1,0
03,149,0.9621137142181396,1,0
03,150,0.927996826171875,1,0
03,151,0.8989051580429077,1,0
03,152,0.8367215871810914,1,0
03,153,0.7476961374282837,1,0
03,154,0.6660042881965638,1,0
03,155,0.675753378868103,1,0
03,156,0.6951409101486206,1,0
03,157,0.7569143772125244,1,0
03,158,0.8647934794425964,1,0
03,159,0.9569202303886414,1,0
03,160,0.9818846702575683,1,0
03,161,0.9938898086547852,1,0
03,162,0.9843332886695861,1,0
03,163,0.9571033120155334,1,0
03,164,0.8256303310394287,1,0
03,165,0.668593755364418,1,0
03,166,0.5852044016122818,1,0
03,167,0.5883726149797439,1,0
03,168,0.61606185734272,1,0
03,169,0.7484293490648269,1,0
03,170,0.9061282515525818,1,0
03,171,0.9903150200843811,1,0
03,172,0.9990752339363098,1,0
03,174,0.9998370289802552,1,0
03,175,0.9998381614685059,1,0
03,176,0.9998411536216736,1,0
03,177,0.9998425642649332,1,0
03,178,0.9998409450054169,1,0
04,0,0.9345804452896118,1,0
04,1,0.9482903480529785,1,0
04,2,0.9501198132832845,1,0
04,4,0.9577341914176941,1,0
04,5,0.9630502343177796,1,0
04,7,0.9684050798416137,1,0
04,8,0.967214024066925,1,0
04,9,0.9683420658111572,1,0
04,10,0.9724710345268249,1,0
04,11,0.9729220032691955,1,0
04,12,0.9720001339912414,1,0
04,13,0.9731000065803528,1,0
04,14,0.9677558302879333,1,0
04,15,0.9656712174415588,1,0
04,16,0.9572450518608093,1,0
04,17,0.9544344067573547,1,0
04,18,0.9248920440673828,1,0
04,19,0.91155606508255,1,0
04,20,0.8510186314582825,1,0
04,21,0.8305869817733764,1,0
04,22,0.7881374955177307,1,0
04,23,0.7428395271301269,0,0
04,24,0.742662000656128,0,0
04,26,0.6579629361629487,0,0
04,27,0.543111065030098,0,0
04,28,0.44657126516103746,0,0
04,29,0.2910681083798409,0,0
04,30,0.2177332654595375,0,0
04,31,0.3286856010556221,0,0
04,32,0.48547711223363876,0,0
04,33,0.6574001699686051,0,0
04,34,0.8330768764019012,1,0
04,35,0.9404817461967468,1,0
04,36,0.9719109773635864,1,0
04,37,0.979444432258606,1,0
04,38,0.9810253977775574,1,0
04,39,0.9807600021362305,1,0
04,40,0.9801026940345764,1,0
04,41,0.9799234390258789,1,0
04,42,0.9753849148750305,1,0
04,43,0.971705150604248,1,0
04,44,0.9699972867965698,1,0
04,45,0.9655391812324524,1,0
04,46,0.9638764023780823,1,0
04,47,0.9666335344314575,1,0
04,48,0.9675900220870972,1,0
04,49,0.9675159215927124,1,0
04,50,0.9712301373481751,1,0
04,51,0.972985589504242,1,0
04,52,0.9739858150482178,1,0
04,53,0.973484206199646,1,0
04,54,0.9688885927200317,1,0
04,55,0.9589787602424622,1,0
04,56,0.9560201287269592,1,0
04,57,0.9543550252914429,1,0
04,59,0.9602988600730896,1,0
04,60,0.9479304671287536,1,0
04,61,0.8984037280082703,1,0
04,62,0.8159698605537414,1,0
04,63,0.7074046492576599,0,0
04,64,0.6326049923896789,0,0
04,65,0.6225743174552918,0,0
04,66,0.656282389163971,0,0
04,67,0.7345035910606384,0,0
04,68,0.8390201330184937,1,0
04,69,0.9167217373847961,1,0
04,71,0.9701640605926514,1,0
04,72,0.9732220768928528,1,0
04,73,0.9736678123474121,1,0
04,74,0.9731361269950867,1,0
04,75,0.9710520029067993,1,0
04,76,0.9686244606971741,1,0
04,77,0.972748625278473,1,0
04,78,0.9770102739334107,1,0
04,79,0.9785317540168762,1,0
04,80,0.9783190965652466,1,0
04,81,0.9771354079246521,1,0
04,83,0.9497634410858155,1,0
04,84,0.9199639320373535,1,0
04,85,0.8206982016563416,1,0
04,87,0.7492265224456787,0,0
04,88,0.7468572378158569,0,0
04,89,0.7693765759468079,0,0
04,90,0.8689983487129211,1,0
04,91,0.9250808596611023,1,0
04,92,0.9472668051719666,1,0
04,93,0.9563042879104614,1,0
04,94,0.9410229563713074,1,0
04,95,0.8996809244155883,1,0
04,96,0.7988176703453064,1,0
04,97,0.7187349796295166,0,0
04,98,0.6194644689559936,0,0
04,99,0.5152547180652618,0,0
04,100,0.49756324887275694,0,0
04,101,0.5685579001903533,0,0
04,102,0.6457144677639007,0,0
04,103,0.7460598647594452,0,0
04,104,0.8607140779495239,1,0
04,105,0.8954771518707275,1,0
04,106,0.8406636238098144,1,0
04,107,0.6840367764234543,0,0
04,108,0.5259425193071365,0,0
04,109,0.47373056709766387,0,0
04,110,0.47275586426258087,0,0
04,111,0.5453408509492874,0,0
04,112,0.704483550786972,0,0
04,113,0.8662954211235047,1,0
04,114,0.9279589891433716,1,0
04,115,0.9505366563796998,1,0
04,116,0.9546900391578674,1,0
04,117,0.934569263458252,1,0
04,118,0.8647265553474426,1,0
04,119,0.7341263175010682,0,0
04,120,0.5552882179617882,0,1
04,121,0.40925882011651993,0,1
04,122,0.32563924938440325,0,1
04,123,0.3120254412293434,0,1
04,124,0.3053777053952217,0,1
04,125,0.38927142322063446,0,1
04,126,0.45790154337882993,0,1
04,127,0.5062573254108429,0,1
04,128,0.43046494722366335,0,1
04,129,0.3906393364071846,0,1
04,130,0.3031004033982754,0,1
04,131,0.20426509529352188,0,1
04,133,0.06131294891238213,0,1
04,134,0.07138214185833931,0,1
04,135,0.07639656364917755,0,1
04,136,0.10238261595368385,0,1
04,137,0.1143993690609932,0,1
04,138,0.10009926036000252,0,1
04,139,0.07991590201854706,0,1
04,140,0.07729084268212319,0,1
04,141,0.05734717473387718,0,1
04,142,0.05179327055811882,0,1
04,143,0.06998250782489776,0,1
04,144,0.0887286551296711,0,1
04,145,0.08671857565641403,0,1
04,146,0.0794263318181038,0,1
04,147,0.07470430210232734,0,1
04,148,0.05618460066616535,0,1
04,149,0.04466332234442234,0,1
04,150,0.04665177576243877,0,1
04,151,0.04724536053836346,0,1
04,152,0.042569848522543904,0,1
04,153,0.042872538417577745,0,1
04,154,0.03203692771494389,0,1
04,155,0.031370319053530694,0,1
04,157,0.05847864337265492,0,1
04,158,0.18700499199330806,0,1
04,159,0.34289280474185946,0,1
04,160,0.4553347259759903,0,1
04,161,0.5932780891656876,0,1
04,162,0.7593997478485107,0,1
04,163,0.8154038906097412,1,1
04,164,0.8377003192901611,1,1
04,165,0.8819391369819641,1,1
04,166,0.9013240098953247,1,1
04,167,0.8037678837776184,1,1
04,168,0.6396883308887482,0,1
04,169,0.523197227716446,0,1
04,170,0.3991292744874954,0,1
04,171,0.2343841925263405,0,1
04,172,0.15957631319761276,0,1
04,173,0.19989865869283677,0,1
04,174,0.1962741419672966,0,1
04,175,0.20429493933916093,0,1
04,176,0.24620748683810234,0,1
04,178,0.28045837581157684,0,1
04,179,0.25807899236679077,0,1
05,0,0.0008247716468758881,0,0
05,2,0.0017815451719798148,0,0
05,3,0.0022276426170719787,0,0
05,4,0.002034918300341815,0,0
05,5,0.002440029685385525,0,0
05,6,0.002650761092081666,0,0
05,7,0.002455199440009892,0,0
05,8,0.002091760002076626,0,0
05,9,0.0022843087557703257,0,0
05,10,0.002245215466246009,0,0
05,11,0.0021341826766729357,0,0
05,12,0.0023650187300518154,0,0
05,13,0.0028948025312274693,0,0
05,15,0.0033495530020445584,0,0
05,16,0.0035564320161938666,0,0
05,17,0.0037663575261831284,0,0
05,18,0.0037922334857285024,0,0
05,19,0.004437346197664738,0,0
05,20,0.004517101310193538,0,0
05,21,0.004071938502602279,0,0
05,22,0.003368736046832055,0,0
05,23,0.0025435205607209355,0,0
05,24,0.0013442659808788448,0,0
05,25,0.0005065453879069537,0,0
05,26,0.00034820848086383196,0,0
05,27,0.0006212345528183505,0,0
05,28,0.0010965165245579555,0,0
05,29,0.001331195587408729,0,0
05,30,0.0020513624098384754,0,0
05,31,0.0024461243767291306,0,0
05,32,0.0026012291898950936,0,0
05,33,0.002684488776139915,0,0
05,34,0.0028569518588483335,0,0
05,35,0.002396365930326283,0,0
05,36,0.0022679112385958432,0,0
05,37,0.001838574861176312,0,0
05,38,0.0012743369094096123,0,0
05,39,0.0008869885466992855,0,0
05,40,0.0006535184278618544,0,0
05,41,0.0004905681184027344,0,0
05,42,0.0005262843740638345,0,0
05,43,0.0008956263132859022,0,0
05,44,0.0009829937538597734,0,0
05,46,0.001028407842386514,0,0
05,47,0.0010174099239520728,0,0
05,48,0.0006360872590448708,0,0
05,49,0.0005488972354214638,0,0
05,50,0.0005661953531671315,0,0
05,51,0.0007013696536887437,0,0
05,52,0.0006704694067593663,0,0
05,53,0.0007972553721629083,0,0
05,54,0.0008525298675522208,0,0
05,55,0.0007667443482205272,0,0
05,56,0.0005663559189997613,0,0
05,57,0.000563747069099918,0,0
05,58,0.00048496064846403897,0,0
05,59,0.0004268311429768801,0,0
05,60,0.00042780779767781496,0,1
05,62,0.0007845912303309887,0,1
05,63,0.0011074932233896106,0,1
05,64,0.007355778687633574,0,1
05,65,0.010427516140043735,0,1
05,66,0.010443716938607395,0,1
05,67,0.010240014380542561,0,1
05,68,0.009907677496084944,0,1
05,69,0.003633090585935861,0,1
05,70,0.0005309008003678173,0,1
05,71,0.00028308536275289953,0,1
05,72,0.0002334692660951987,0,1
05,73,0.00016266282473225145,0,1
05,74,0.00013716023531742393,0,1
05,75,0.00014817650953773408,0,1
05,76,0.00019687204330693931,0,1
05,77,0.00023110714391805232,0,1
05,78,0.0002375850424868986,0,1
05,79,0.0002852056350093335,0,1
05,80,0.000318248916300945,0,1
05,81,0.00033169042726513,0,1
05,82,0.00039732091536279766,0,1
05,83,0.0005641053838189691,0,1
05,84,0.0009027477470226585,0,1
05,85,0.0010363170586060733,0,1
05,86,0.0011041585472412407,0,1
05,87,0.0015729338978417219,0,1
05,88,0.0016181248356588185,0,1
05,89,0.001361739228013903,0,1
05,90,0.0018364030751399697,0,1
05,92,0.008919571666046977,0,1
05,93,0.02461989801377058,0,1
05,94,0.04473347091116011,0,1
05,95,0.052031072601675984,0,1
05,96,0.0503090288490057,0,1
05,97,0.04930740222334862,0,1
05,98,0.03457877673208713,0,1
05,100,0.010537880100309848,0,1
05,102,0.05104896146804094,0,1
05,103,0.07706936206668616,0,1
05,104,0.10864976085722447,1,1
05,105,0.1122343499213457,1,1
05,106,0.08877723850309849,0,1
05,107,0.07702085785567761,0,1
05,108,0.053431221097707746,0,1
05,109,0.024487389996647835,0,1
05,111,0.03255639337003231,0,1
05,112,0.03249047808349133,0,1
05,113,0.036824189871549604,0,1
05,114,0.033468212466686964,0,1
05,115,0.028187386225908995,0,1
05,116,0.017173628520686178,0,1
05,117,0.009812080662231892,0,1
05,118,0.0019492678460665048,0,1
05,119,0.0011589895002543926,0,1
05,120,0.0007317389827221632,0,0
05,121,0.000750721781514585,0,0
05,122,0.000816227518953383,0,0
05,123,0.0009111416991800069,0,0
05,124,0.0009162826812826097,0,0
05,125,0.0009808428701944649,0,0
05,126,0.0009978917194530367,0,0
05,127,0.0009373966371640563,0,0
05,128,0.0008807217935100197,0,0
05,129,0.0010722785955294967,0,0
05,130,0.0014799408148974181,0,0
05,131,0.0017481653951108456,0,0
05,132,0.003693401045165956,0,0
05,133,0.023458800255320968,0,0
05,134,0.09107501222752035,0,0
05,135,0.1259049806278199,1,0
05,136,0.15797442123293876,1,0
05,137,0.15976585149765016,1,0
05,138,0.14125800151377915,1,0
05,139,0.07457833644002676,0,0
05,140,0.03989689005538821,0,0
05,141,0.010163141321390868,0,0
05,143,0.017198234144598246,0,0
05,144,0.016067132458556444,0,0
05,145,0.015458146820310503,0,0
05,146,0.012868958828039467,0,0
05,147,0.003579258098034188,0,0
05,148,0.0006164760619867593,0,0
05,149,0.0006705833540763706,0,0
05,150,0.000706783909117803,0,0
05,151,0.0006654897995758801,0,0
05,152,0.0007640243973582983,0,0
05,153,0.0009273452102206648,0,0
05,154,0.0008030704804696143,0,0
05,155,0.0007110200705938042,0,0
05,156,0.0009334025322459638,0,0
05,157,0.0011230130214244128,0,0
05,159,0.0011666710721328854,0,0
05,160,0.0012374173034913837,0,0
05,161,0.0009608160238713026,0,0
05,162,0.0006843698502052575,0,0
05,163,0.0007414330786559731,0,0
05,164,0.0007682536088395864,0,0
05,165,0.0009333437483292073,0,0
05,166,0.001001510111382231,0,0
05,167,0.0010023534880019725,0,0
05,168,0.0008590640674810857,0,0
05,169,0.0006685079075396061,0,0
05,170,0.0003985407529398799,0,0
05,171,0.00029951664619147776,0,0
05,172,0.0002897032245527953,0,0
05,173,0.00045734717277809975,0,0
05,174,0.0006174535548780114,0,0
05,175,0.0006263832387048751,0,0
05,176,0.0007242825740831904,0,0
05,177,0.000875997201850017,0,0
05,178,0.0007667355821467936,0,0
05,179,0.0004213571082800627,0,0
06,0,0.5033940076828003,0,0
06,1,0.7355294525623322,0,0
06,2,0.8233219583829244,0,0
06,4,0.8938918113708496,1,0
06,5,0.992958402633667,1,0
06,6,0.9962125897407532,1,0
06,7,0.9858996510505676,1,0
06,8,0.8196397006511689,0,0
06,9,0.7333823859691619,0,0
06,10,0.732051795721054,0,0
06,11,0.7351079404354095,0,0
06,12,0.7451800048351288,0,0
06,13,0.9104686975479126,1,0
06,14,0.8683179795742035,0,0
06,15,0.6789655692875385,0,0
06,16,0.5270113505423069,0,0
06,17,0.38812330141663554,0,0
06,18,0.26918391361832616,0,0
06,19,0.3721721269190311,0,0
06,20,0.5574852257966996,0,0
06,22,0.694901978969574,0,0
06,23,0.8110626697540283,0,0
06,24,0.8345224618911743,0,0
06,26,0.9550829529762268,1,0
06,27,0.9934746623039246,1,0
06,29,0.9989769458770752,1,0
06,30,0.9994508028030396,1,0
06,31,0.9994544267654419,1,0
06,32,0.9995453119277954,1,0
06,33,0.9997959136962891,1,0
06,34,0.9998090147972107,1,0
06,35,0.9998433828353882,1,0
06,36,0.999874722957611,1,0
06,37,0.9998383760452271,1,0
06,38,0.9995999455451965,1,0
06,39,0.999447250366211,1,0
06,40,0.9991876363754273,1,0
06,41,0.9991626977920532,1,0
06,42,0.9992166638374329,1,0
06,43,0.9994565129280091,1,0
06,44,0.9996261477470398,1,0
06,45,0.9998824000358582,1,0
06,46,0.9999163031578064,1,0
06,47,0.9998860120773315,1,0
06,48,0.9997809290885925,1,0
06,49,0.9994819283485412,1,0
06,51,0.9976310849189758,1,0
06,52,0.9975505590438842,1,0
06,53,0.9976319551467896,1,0
06,54,0.9979292988777161,1,0
06,55,0.9991597294807434,1,0
06,56,0.9993311166763306,1,0
06,58,0.8852105498313904,1,0
06,59,0.7990731477737427,0,0
06,60,0.6689550578594208,0,1
06,61,0.6679785192012787,0,1
06,63,0.6834427416324615,0,1
06,64,0.5739841900765896,0,1
06,65,0.5277818344533444,0,1
06,66,0.3499269299209118,0,1
06,67,0.20605773255228996,0,1
06,68,0.2836195878684521,0,1
06,69,0.4732881933450699,0,1
06,70,0.6459888011217118,0,1
06,72,0.9685283899307251,1,1
06,73,0.9445519566535949,1,1
06,74,0.7865992099046707,0,1
06,75,0.6315234988927841,0,1
06,76,0.43302535470575093,0,1
06,77,0.2587814128026366,0,1
06,78,0.22426497098058462,0,1
06,79,0.34028077181428673,0,1
06,80,0.4948973601683974,0,1
06,81,0.693486949801445,0,1
06,82,0.8692767381668091,0,1
06,83,0.9475078344345093,1,1
06,84,0.9953288316726685,1,1
06,85,0.999388599395752,1,1
06,86,0.9996200442314148,1,1
06,87,0.9996886014938354,1,1
06,88,0.9997714161872864,1,1
06,89,0.9998003721237183,1,1
06,90,0.9998133420944214,1,1
06,91,0.9998453974723815,1,1
06,92,0.9998218297958374,1,1
06,93,0.9997093915939331,1,1
06,94,0.9993535161018372,1,1
06,95,0.945329213142395,1,1
06,96,0.770575812458992,0,1
06,97,0.5729016790166497,0,1
06,98,0.3738294136710465,0,1
06,99,0.17495608744211494,0,1
06,100,0.030291605228558182,0,1
06,101,0.021694390708580612,0,1
06,102,0.2181141920853406,0,1
06,103,0.4020814245101064,0,1
06,104,0.5998737728223205,0,1
06,105,0.7984980180859566,0,1
06,106,0.9817815899848938,1,1
06,107,0.9829933166503906,1,1
06,108,0.9982010364532471,1,1
06,109,0.9995631575584412,1,1
06,110,0.9989129424095153,1,1
06,111,0.9836114525794983,1,1
06,112,0.8241291970014573,0,1
06,113,0.6279340963810682,0,1
06,114,0.4347659546881914,0,1
06,115,0.23911906853318216,0,1
06,116,0.058948931843042375,0,1
06,117,0.019201624533161522,0,1
06,118,0.017129369778558612,0,1
06,119,0.011881918972358107,0,1
06,120,0.010260051069781184,0,0
06,121,0.01700844201259315,0,0
06,122,0.04090085867792368,0,0
06,123,0.044350769743323325,0,0
06,124,0.04517310876399279,0,0
06,125,0.04505045916885138,0,0
06,126,0.03846195917576552,0,0
06,127,0.017812724597752093,0,0
06,128,0.014433790743350983,0,0
06,129,0.013870861381292343,0,0
06,130,0.012776816729456186,0,0
06,131,0.008440192649140954,0,0
06,132,0.004944242304190993,0,0
06,133,0.004153459658846259,0,0
06,134,0.005187018914148212,0,0
06,135,0.06786723588593305,0,0
06,136,0.2638544040732086,0,0
06,137,0.4625339679419994,0,0
06,138,0.6610318342223763,0,0
06,140,0.9918884992599487,1,0
06,141,0.9880268692970275,1,0
06,142,0.9656042098999024,1,0
06,143,0.9630735278129577,1,0
06,144,0.9209133148193359,1,0
06,145,0.8456322312355041,0,0
06,146,0.6684829279780388,0,0
06,147,0.4924968558829278,0,0
06,148,0.2969594433438033,0,0
06,149,0.14116231049411,0,0
06,150,0.020858976570889354,0,0
06,151,0.036276193289086225,0,0
06,152,0.22236460894346238,0,0
06,153,0.33135207183659077,0,0
06,154,0.4802398342639208,0,0
06,155,0.5868907481431961,0,0
06,156,0.6498281955718994,0,0
06,157,0.6308269619941711,0,0
06,158,0.7131672501564026,0,0
06,159,0.7598575472831726,0,0
06,160,0.8495928406715393,0,0
06,161,0.9483977079391479,1,0
06,162,0.9722889184951782,1,0
06,163,0.9668239116668701,1,0
06,164,0.9298190236091614,1,0
06,165,0.8596107125282287,0,0
06,166,0.8001755356788636,0,0
06,167,0.6193967714905739,0,0
06,168,0.4585522785782814,0,0
06,169,0.36415466815233233,0,0
06,170,0.25250585973262785,0,0
06,171,0.1303091265261173,0,0
06,172,0.13915463909506798,0,0
06,173,0.15761402770876884,0,0
06,175,0.13372335508465766,0,0
06,176,0.15370503067970276,0,0
06,177,0.17206236720085144,0,0
06,178,0.14587866514921188,0,0
06,179,0.20263028144836426,0,0
07,0,0.8213640451431274,1,0
07,1,0.8943982124328613,1,0
07,2,0.9289676547050476,1,0
07,3,0.9465728998184204,1,0
07,5,0.9928854823112487,1,0
07,6,0.9993534922599793,1,0
07,7,0.9996736168861389,1,0
07,8,0.9997424364089966,1,0
07,9,0.9997347354888916,1,0
07,10,0.9997146368026734,1,0
07,12,0.9997093796730041,1,0
07,13,0.9996732115745545,1,0
07,14,0.9995615959167481,1,0
07,15,0.9995260119438172,1,0
07,16,0.9992593407630921,1,0
07,17,0.9990664958953858,1,0
07,18,0.9987068891525268,1,0
07,19,0.9987376689910888,1,0
07,20,0.9986423254013062,1,0
07,21,0.9987958312034607,1,0
07,22,0.998490858078003,1,0
07,23,0.9988188982009888,1,0
07,24,0.9988530158996582,1,0
07,25,0.9987306952476501,1,0
07,26,0.9987016916275024,1,0
07,27,0.9991615772247314,1,0
07,28,0.9991489291191101,1,0
07,29,0.9989702701568604,1,0
07,30,0.9991374135017395,1,0
07,31,0.9992004871368408,1,0
07,32,0.9991761922836304,1,0
07,33,0.999210774898529,1,0
07,34,0.999394166469574,1,0
07,35,0.9994380116462708,1,0
07,36,0.9994300603866577,1,0
07,37,0.9993307948112488,1,0
07,39,0.9990696310997009,1,0
07,40,0.9989859938621521,1,0
07,41,0.9988132834434509,1,0
07,42,0.998734962940216,1,0
07,43,0.9979947090148926,1,0
07,44,0.9978342890739441,1,0
07,45,0.997439730167389,1,0
07,46,0.9973498702049255,1,0
07,47,0.9970618963241578,1,0
07,48,0.9975356340408326,1,0
07,49,0.9976110696792603,1,0
07,50,0.9978327631950379,1,0
07,51,0.9979821443557739,1,0
07,52,0.9983890771865844,1,0
07,53,0.9986432433128357,1,0
07,54,0.9987117528915406,1,0
07,55,0.9988901257514954,1,0
07,56,0.9983739018440246,1,0
07,57,0.9956540822982788,1,0
07,58,0.9942443132400512,1,0
07,60,0.963246512413025,1,1
07,61,0.9606119513511657,1,1
07,62,0.9612856149673462,1,1
07,63,0.9612100005149842,1,1
07,64,0.9614082932472229,1,1
07,65,0.9883965969085693,1,1
07,66,0.988382613658905,1,1
07,67,0.9859882116317749,1,1
07,68,0.9774646997451782,1,1
07,69,0.9662538528442383,1,1
07,70,0.9604787826538086,1,1
07,71,0.958051061630249,1,1
07,72,0.9588073849678039,1,1
07,73,0.9665456891059876,1,1
07,74,0.9760028123855591,1,1
07,75,0.9830273747444153,1,1
07,76,0.985862922668457,1,1
07,77,0.9878630042076111,1,1
07,78,0.9885888934135437,1,1
07,79,0.9904611229896545,1,1
07,80,0.9896577000617981,1,1
07,81,0.9908145546913147,1,1
07,82,0.9883946657180787,1,1
07,83,0.9822884559631347,1,1
07,84,0.9701838016510009,1,1
07,85,0.8881036877632141,1,1
07,86,0.782585746049881,1,1
07,87,0.704181295633316,1,1
07,88,0.6223129808902741,1,1
07,89,0.4985376536846161,1,1
07,90,0.4661879539489746,1,1
07,91,0.5279207289218902,1,1
07,93,0.62745800614357,1,1
07,97,0.9524233341217041,1,1
07,98,0.9651826024055481,1,1
07,99,0.9026058435440063,1,1
07,100,0.7794524192810058,1,1
07,101,0.6467271089553833,1,1
07,102,0.502191686630249,1,1
07,103,0.4564239740371704,1,1
07,104,0.5194998145103454,1,1
07,105,0.6353632092475892,1,1
07,106,0.7649831056594849,1,1
07,108,0.9770529270172119,1,1
07,109,0.9843807220458984,1,1
07,110,0.9880566000938416,1,1
07,111,0.974150812625885,1,1
07,112,0.8353011906147003,1,1
07,113,0.691075474023819,1,1
07,114,0.6383179366588593,1,1
07,115,0.612555080652237,1,1
07,116,0.47969444692134855,1,1
07,117,0.4395205721259117,1,1
07,118,0.3859665282070637,1,1
07,119,0.24006704573985188,1,1
07,120,0.07034880220890045,0,0
07,121,0.021274257608456536,0,0
07,122,0.0017288513074163348,0,0
07,123,0.0007229172682855278,0,0
07,124,0.0007473973848391325,0,0
07,125,0.0009291813767049462,0,0
07,126,0.0010572945815511049,0,0
07,127,0.0010653640725649892,0,0
07,128,0.0008980059647001326,0,0
07,129,0.0007780771760735661,0,0
07,130,0.0005760990810813382,0,0
07,131,0.00038631217903457583,0,0
07,132,0.0002508142177248374,0,0
07,133,0.0001867884595412761,0,0
07,135,0.000184511678526178,0,0
07,136,0.00022306196333374829,0,0
07,137,0.00025746916071511805,0,0
07,138,0.0003024456644197926,0,0
07,139,0.00032834489247761666,0,0
07,140,0.0003420289431232959,0,0
07,141,0.0003090470447205007,0,0
07,142,0.00029069316224195063,0,0
07,143,0.00026237864803988484,0,0
07,144,0.00022913639550097286,0,0
07,145,0.0002093318325933069,0,0
07,146,0.00020391421567182987,0,0
07,147,0.00018282806559000164,0,0
07,148,0.00016716011741664262,0,0
07,149,0.00016053636791184543,0,0
07,150,0.00016118036583065987,0,0
07,151,0.00017410928558092564,0,0
07,152,0.00020099855319131166,0,0
07,153,0.00024501060252077875,0,0
07,154,0.00026505260611884294,0,0
07,155,0.00027563133044168354,0,0
07,156,0.000302819098578766,0,0
07,157,0.0003320892865303904,0,0
07,158,0.00031329041230492293,0,0
07,159,0.0003206797526217997,0,0
07,160,0.00032308339141309263,0,0
07,161,0.0002962937345728278,0,0
07,162,0.0002487884397851303,0,0
07,163,0.00023177131661213934,0,0
07,164,0.0002125026745488867,0,0
07,165,0.00021088279609102756,0,0
07,166,0.00025460438046138735,0,0
07,167,0.00029596514068543913,0,0
07,168,0.00037945453950669614,0,0
07,169,0.0004905833280645311,0,0
07,170,0.0006344553141389043,0,0
07,171,0.0007097796478774399,0,0
07,172,0.0009313175571151078,0,0
07,173,0.001074793073348701,0,0
07,174,0.001317228050902486,0,0
07,175,0.0015023898333311081,0,0
07,176,0.0016736416146159172,0,0
07,177,0.0017303474014624953,0,0
07,178,0.0019304060842841864,0,0
07,179,0.0019016528967767954,0,0
08,0,0.10066113620996475,0,1
08,1,0.14245007559657097,0,1
08,2,0.15091375758250555,0,1
08,3,0.16432847641408443,0,1
08,4,0.16547812670469284,0,1
08,5,0.17156754732131957,0,1
08,6,0.15396510809659958,0,1
08,7,0.1556384727358818,0,1
08,8,0.190049184858799,0,1
08,9,0.28703261762857435,0,1
08,10,0.3022655710577965,0,1
08,11,0.3864058583974838,0,1
08,12,0.4179800808429718,0,1
08,13,0.4040412724018097,0,1
08,14,0.3052933275699615,0,1
08,15,0.44399641156196595,0,1
08,16,0.44197227358818053,0,1
08,17,0.5312531232833863,0,1
08,18,0.5112261712551117,0,1
08,19,0.6383504569530487,0,1
08,20,0.49786792397499086,0,1
08,21,0.4326027691364288,0,1
08,22,0.29098579436540606,0,1
08,23,0.3133751884102821,0,1
08,24,0.19026389867067336,0,1
08,25,0.3462348774075508,0,1
08,26,0.5048583582043648,0,1
08,27,0.6875710427761078,0,1
08,28,0.8224540174007415,0,1
08,29,0.9846897959709168,1,1
08,30,0.987889289855957,1,1
08,31,0.9909459233283997,1,1
08,33,0.9940035223960877,1,1
08,34,0.9943009495735169,1,1
08,35,0.9936836361885071,1,1
08,37,0.9870267510414124,1,1
08,38,0.9781630635261536,1,1
08,39,0.9780396461486817,1,1
08,40,0.9795750975608826,1,1
08,41,0.981734573841095,1,1
08,42,0.9885135650634765,1,1
08,43,0.9978533983230591,1,1
08,44,0.9989216089248657,1,1
08,45,0.998309326171875,1,1
08,46,0.9899755835533142,1,1
08,47,0.9184551119804383,1,1
08,48,0.7693275928497314,0,1
08,49,0.581722191721201,0,1
08,50,0.3953144572675228,0,1
08,51,0.34310003742575645,0,1
08,52,0.35136069282889365,0,1
08,53,0.37361247166991235,0,1
08,54,0.37753133922815324,0,1
08,55,0.370539216697216,0,1
08,56,0.23170805987901985,0,1
08,57,0.09700200189836324,0,1
08,58,0.024243000848218798,0,1
08,59,0.008326892869081347,0,1
08,60,0.0027231938438490033,0,0
08,61,0.00276767045725137,0,0
08,62,0.001496389671228826,0,0
08,63,0.002444503526203334,0,0
08,64,0.00706454039318487,0,0
08,65,0.007590670557692647,0,0
08,66,0.007971999049186707,0,0
08,67,0.008356445608660579,0,0
08,68,0.007759080873802305,0,0
08,69,0.0030409737868467347,0,0
08,70,0.0024087670899461955,0,0
08,71,0.0015737371053546668,0,0
08,72,0.000723369378829375,0,0
08,73,0.0005036091955844313,0,0
08,74,0.000993688977905549,0,0
08,75,0.0018116964376531542,0,0
08,76,0.0026787746290210636,0,0
08,77,0.003348900470882654,0,0
08,78,0.0034622014965862034,0,0
08,79,0.0033575437963008882,0,0
08,80,0.003134749224409461,0,0
08,81,0.0027998037170618773,0,0
08,82,0.002964581176638603,0,0
08,83,0.0030495718587189914,0,0
08,84,0.002939662151038647,0,0
08,85,0.004830084228888154,0,0
08,86,0.007043257309123874,0,0
08,87,0.008076316816732288,0,0
08,88,0.008522476581856609,0,0
08,89,0.010441231448203326,0,0
08,90,0.00832073837518692,0,0
08,91,0.006002585915848613,0,0
08,92,0.005303850816562772,0,0
08,93,0.006948905764147639,0,0
08,94,0.006164509011432529,0,0
08,95,0.006635128846392035,0,0
08,96,0.0065629852935671805,0,0
08,97,0.006402465887367726,0,0
08,98,0.008054477721452713,0,0
08,99,0.010451534390449524,0,0
08,100,0.011679911520332098,0,0
08,101,0.01307004364207387,0,0
08,103,0.008209507213905454,0,0
08,104,0.0045196719584055245,0,0
08,105,0.002507045626407489,0,0
08,106,0.0008557537745218724,0,0
08,107,0.0007262511469889432,0,0
08,108,0.0009398024587426335,0,0
08,109,0.0009720537404064089,0,0
08,110,0.0012217315612360834,0,0
08,111,0.0017307426314800978,0,0
08,112,0.003480691520962864,0,0
08,113,0.019057666987646372,0,0
08,114,0.03467091377824545,0,0
08,115,0.048936372203752396,0,0
08,116,0.05880615133792162,0,0
08,117,0.07200339511036873,0,0
08,118,0.0717306338250637,0,0
08,119,0.10364121720194816,0,0
08,121,0.21554089188575745,0,0
08,122,0.3847935080528259,0,0
08,123,0.5386055141687394,0,0
08,124,0.5614169239997864,0,0
08,125,0.653341943025589,0,0
08,127,0.7274692237377167,0,0
08,128,0.7482109606266022,0,0
08,129,0.8745548367500305,1,0
08,130,0.9152899622917176,1,0
08,131,0.9270512700080872,1,0
08,132,0.9727649092674255,1,0
08,134,0.9837797284126282,1,0
08,135,0.9915135145187378,1,0
08,136,0.9935115575790405,1,0
08,137,0.9869736433029175,1,0
08,139,0.8801365613937377,1,0
08,140,0.8520357966423034,1,0
08,141,0.8170360445976257,0,0
08,142,0.8031617879867554,0,0
08,144,0.8503687739372253,1,0
08,146,0.7246864318847657,0,0
08,147,0.5506224501878023,0,0
08,148,0.3791318508796394,0,0
08,149,0.2165993914939463,0,0
08,150,0.06591274598613381,0,0
08,151,0.028058360610157252,0,0
08,152,0.029126248229295014,0,0
08,153,0.0522799527272582,0,0
08,154,0.0622483529150486,0,0
08,155,0.05916440337896347,0,0
08,156,0.07038016319274902,0,0
08,157,0.08609802350401878,0,0
08,158,0.08618419393897056,0,0
08,159,0.14323042705655098,0,0
08,160,0.29729339480400085,0,0
08,161,0.4694832131266594,0,0
08,162,0.643274961411953,0,0
08,163,0.7841917991638183,0,0
08,164,0.8475740790367127,0,0
08,165,0.6976870484650135,0,0
08,166,0.5066848589107394,0,0
08,167,0.3116644421592355,0,0
08,168,0.1522020624950528,0,0
08,170,0.01599531825631857,0,0
08,171,0.027984146773815156,0,0
08,172,0.030618174001574516,0,0
08,173,0.02497617667540908,0,0
08,174,0.024114426714368163,0,0
08,175,0.017166124633513392,0,0
08,176,0.005291924317134544,0,0
08,177,0.0017216223835324247,0,0
08,178,0.0014987012255005538,0,0
08,179,0.002206984208896756,0,0
09,0,0.013473071157932281,0,0
09,2,0.047751872489849724,0,0
09,3,0.040978820994496346,0,0
09,4,0.033132754568941894,0,0
09,5,0.030662205955013632,0,0
09,6,0.010802584659541026,0,0
09,7,0.004869309777859598,0,0
09,8,0.0008233777130953968,0,0
09,9,0.0005641498835757374,0,0
09,10,0.0006346315843984484,0,0
09,11,0.0012244604236911981,0,0
09,12,0.002197193040046841,0,0
09,13,0.0030030573136173187,0,0
09,14,0.0033312808955088258,0,0
09,15,0.0032573478296399117,0,0
09,16,0.0029373915400356053,0,0
09,17,0.002734693745151162,0,0
09,18,0.0035876243840903045,0,0
09,19,0.005779890902340412,0,0
09,20,0.009506312245503069,0,0
09,21,0.01219143085181713,0,0
09,22,0.012884104996919632,0,0
09,24,0.013531037606298923,0,0
09,28,0.004705991444643587,0,0
09,29,0.0016678377403877675,0,0
09,30,0.0017961919656954706,0,0
09,31,0.0026963668526150284,0,0
09,32,0.0033836849499493836,0,0
09,33,0.004786800686269998,0,0
09,34,0.004859515791758895,0,0
09,35,0.004169837513472885,0,0
09,36,0.0031235423346515747,0,0
09,37,0.0024458690371830017,0,0
09,38,0.0009001568192616105,0,0
09,39,0.0005611362517811358,0,0
09,40,0.0006415080977603793,0,0
09,41,0.0013861839368473738,0,0
09,42,0.0015144450881052762,0,0
09,43,0.0017816469422541558,0,0
09,44,0.002055928250774741,0,0
09,45,0.0021279378794133662,0,0
09,46,0.0014268206199631096,0,0
09,47,0.0012707713874988257,0,0
09,48,0.001112072600517422,0,0
09,49,0.0013670655083842576,0,0
09,51,0.001627915760036558,0,0
09,52,0.0017639967845752835,0,0
09,53,0.00194108618889004,0,0
09,54,0.0015714434906840325,0,0
09,55,0.001530046621337533,0,0
09,57,0.000941838463768363,0,0
09,58,0.0006470656022429466,0,0
09,59,0.0005029677122365683,0,0
09,60,0.0006668943155091256,0,1
09,61,0.0022557806631084533,0,1
09,62,0.013769761397270486,0,1
09,63,0.1712128146959003,1,1
09,64,0.2833494477439672,1,1
09,66,0.5304857440292835,1,1
09,67,0.5467307299375535,1,1
09,68,0.5353146165609359,1,1
09,69,0.5967806547880172,1,1
09,70,0.6867267519235611,1,1
09,71,0.680861297249794,1,1
09,72,0.8346378803253174,1,1
09,73,0.849682343006134,1,1
09,74,0.8304458975791931,1,1
09,75,0.8189374923706054,1,1
09,76,0.8578648209571839,1,1
09,77,0.8733846426010132,1,1
09,78,0.8969402432441711,1,1
09,79,0.8967835426330566,1,1
09,80,0.8771254301071167,1,1
09,81,0.77645063996315,1,1
09,82,0.6127525389194488,1,1
09,83,0.4774266093969345,1,1
09,84,0.33543515130877494,1,1
09,85,0.19607537239789963,1,1
09,86,0.10689118560403585,1,1
09,87,0.07752955872565508,0,1
09,88,0.10199865717440844,1,1
09,89,0.2659539977088571,1,1
09,90,0.4189131723716855,1,1
09,91,0.596193590387702,1,1
09,92,0.7190144181251525,1,1
09,93,0.6687233597040176,1,1
09,94,0.5072177991271019,1,1
09,95,0.3539761193096638,1,1
09,96,0.18933017328381538,1,1
09,97,0.1022400714457035,1,1
09,98,0.1284898526966572,1,1
09,99,0.1783516637980938,1,1
09,100,0.328237971663475,1,1
09,101,0.49145983159542084,1,1
09,102,0.6361338376998902,1,1
09,104,0.9157515287399292,1,1
09,105,0.9521325945854187,1,1
09,106,0.9084424495697021,1,1
09,107,0.8109712779521943,1,1
09,108,0.6504898935556411,1,1
09,109,0.5111750334501266,1,1
09,110,0.32223841808736325,1,1
09,111,0.18854721561074256,1,1
09,112,0.10357363652437926,1,1
09,113,0.07130194567143917,0,1
09,114,0.013717307709157467,0,1
09,115,0.01971969548612833,0,1
09,116,0.022510716505348683,0,1
09,117,0.020688004815019666,0,1
09,118,0.01803031729068607,0,1
09,119,0.01636259170663834,0,1
09,120,0.004366059007588774,0,0
09,121,0.0002711926259507891,0,0
09,122,4.429357431945391e-05,0,0
09,123,1.908886079036165e-05,0,0
09,124,1.7309882969129832e-05,0,0
09,125,1.673442020546645e-05,0,0
09,126,1.8097996144206262e-05,0,0
09,127,1.8118867228622548e-05,0,0
09,128,1.88495461770799e-05,0,0
09,129,1.8385021394351498e-05,0,0
09,130,1.9401694225962272e-05,0,0
09,131,1.8496425400371664e-05,0,0
09,132,1.8864814410335385e-05,0,0
09,133,1.89478145330213e-05,0,0
09,134,1.9863366105710156e-05,0,0
09,135,1.9462248019408435e-05,0,0
09,136,1.995799320866354e-05,0,0
09,137,1.9610338131315076e-05,0,0
09,138,1.9169524603057652e-05,0,0
09,139,1.839185970311519e-05,0,0
09,140,1.7764195217750966e-05,0,0
09,141,1.71524519828381e-05,0,0
09,142,1.764080734574236e-05,0,0
09,143,1.77066551259486e-05,0,0
09,144,1.8295533664058894e-05,0,0
09,145,1.819867320591584e-05,0,0
09,146,1.798148005036637e-05,0,0
09,147,1.7299287719652057e-05,0,0
09,148,1.7326771921943872e-05,0,0
09,149,1.654613806749694e-05,0,0
09,150,1.626449593459256e-05,0,0
09,151,1.6385933486162684e-05,0,0
09,152,1.6754307580413297e-05,0,0
09,153,1.6320117356372067e-05,0,0
09,154,1.6826497449073942e-05,0,0
09,155,1.7832328740041704e-05,0,0
09,156,1.8897607878898272e-05,0,0
09,157,1.993193473026622e-05,0,0
09,158,2.1777286383439788e-05,0,0
09,159,2.3055185010889545e-05,0,0
09,160,2.392027781752404e-05,0,0
09,161,2.403759499429725e-05,0,0
09,162,2.4272438531625083e-05,0,0
09,163,2.4764682893874124e-05,0,0
09,164,2.4458218831568956e-05,0,0
09,165,2.3898818835732526e-05,0,0
09,166,2.351032817387022e-05,0,0
09,167,2.2009003805578688e-05,0,0
09,168,1.970447992789559e-05,0,0
09,169,1.8358446322963572e-05,0,0
09,171,1.709125754132401e-05,0,0
09,172,1.7904416017699988e-05,0,0
09,173,2.0278667579987087e-05,0,0
09,174,2.098078366543632e-05,0,0
09,175,2.1570313765550964e-05,0,0
09,176,2.2238098154048203e-05,0,0
09,177,2.257561269895329e-05,0,0
09,178,1.98139368876582e-05,0,0
09,179,1.9587227143347263e-05,0,0
10,0,0.9639937281608582,1,1
10,1,0.8887317776679993,1,1
10,2,0.8446650703748068,1,1
10,3,0.8393554389476776,1,1
10,4,0.7339061379432679,1,1
10,5,0.5617765098810196,1,1
10,6,0.41141660809516906,1,1
10,7,0.26563497968018057,0,1
10,8,0.10477823056280614,0,1
10,9,0.0451831353828311,0,1
10,10,0.02616357821971178,0,1
10,11,0.014676566980779172,0,1
10,12,0.011625974625349044,0,1
10,13,0.009637030400335788,0,1
10,14,0.008854629844427109,0,1
10,15,0.014211374893784523,0,1
10,16,0.019008968025445938,0,1
10,18,0.03970342129468918,0,1
10,19,0.13277414813637733,0,1
10,20,0.2427038110792637,0,1
10,21,0.4128433480858803,1,1
10,22,0.6037578985095025,1,1
10,23,0.7807382345199585,1,1
10,24,0.8850181818008422,1,1
10,25,0.9672735691070556,1,1
10,26,0.9909743309020996,1,1
10,27,0.9928104639053345,1,1
10,28,0.9903653740882874,1,1
10,29,0.982986330986023,1,1
10,30,0.977929151058197,1,1
10,31,0.9062862992286682,1,1
10,32,0.8378880620002747,1,1
10,33,0.7113968253135681,1,1
10,34,0.5517270386219024,1,1
10,35,0.385834726691246,1,1
10,36,0.30164294838905337,0,1
10,37,0.3066903293132782,0,1
10,38,0.39843806624412537,1,1
10,40,0.6801040142774581,1,1
10,41,0.8012152671813965,1,1
10,42,0.8012071847915649,1,1
10,43,0.7732987403869629,1,1
10,45,0.72100270986557,1,1
10,46,0.6960818648338318,1,1
10,48,0.6562808156013489,1,1
10,49,0.5058229267597198,1,1
10,50,0.4121744707226753,1,1
10,51,0.2827774628996849,0,1
10,52,0.14828683882951738,0,1
10,54,0.08337261080741883,0,1
10,55,0.18373582810163497,0,1
10,56,0.3269221678376198,0,1
10,57,0.4674184247851372,1,1
10,58,0.5013616442680359,1,1
10,59,0.5106790423393249,1,1
10,60,0.40305051058530805,1,0
10,61,0.25169766061007975,0,0
10,62,0.103394525218755,0,0
10,63,0.049394386168569324,0,0
10,64,0.015599965024739504,0,0
10,65,0.009992456901818514,0,0
10,66,0.009687145706266165,0,0
10,67,0.01471224259585142,0,0
10,68,0.029816577956080437,0,0
10,69,0.04330280404537916,0,0
10,70,0.06307205390185118,0,0
10,71,0.09855370819568635,0,0
10,72,0.10965776294469834,0,0
10,73,0.0979020994156599,0,0
10,74,0.0852565299719572,0,0
10,75,0.06483978368341922,0,0
10,76,0.028128373296931387,0,0
10,77,0.011487537110224367,0,0
10,78,0.008332738513126969,0,0
10,79,0.008079136023297906,0,0
10,80,0.0243252067361027,0,0
10,81,0.0630634343251586,0,0
10,82,0.10697946473956108,0,0
10,83,0.1382414150983095,0,0
10,84,0.14326121732592584,0,0
10,85,0.1298406060785055,0,0
10,86,0.09183276342228056,0,0
10,87,0.048471405170857906,0,0
10,88,0.018216643668711185,0,0
10,89,0.014900235645473003,0,0
10,90,0.015750344656407834,0,0
10,91,0.01896364474669099,0,0
10,92,0.024754729866981507,0,0
10,93,0.035798316821455956,0,0
10,94,0.037434925138950345,0,0
10,95,0.03893106915056706,0,0
10,96,0.03862670548260212,0,0
10,97,0.03500034175813198,0,0
10,98,0.023152916133403777,0,0
10,99,0.01788452947512269,0,0
10,100,0.013328115548938512,0,0
10,101,0.01284519610926509,0,0
10,102,0.014793665241450071,0,0
10,103,0.020799731370061636,0,0
10,104,0.03542693536728621,0,0
10,105,0.04903320893645287,0,0
10,106,0.07185933366417885,0,0
10,108,0.09977854937314987,0,0
10,109,0.104373998939991,0,0
10,110,0.09840667769312858,0,0
10,112,0.07832350358366966,0,0
10,113,0.05960559695959091,0,0
10,114,0.04377534873783588,0,0
10,115,0.044536436721682546,0,0
10,116,0.0449950110167265,0,0
10,117,0.03502949401736259,0,0
10,118,0.04476416707038879,0,0
10,119,0.051464371755719183,0,0
10,120,0.06582504101097583,0,0
10,121,0.0778005201369524,0,0
10,122,0.08602752983570099,0,0
10,123,0.07773097157478333,0,0
10,124,0.06730733504518867,0,0
10,125,0.0431013569701463,0,0
10,126,0.019136251253075897,0,0
10,127,0.007633398589678109,0,0
10,128,0.0037453382508829238,0,0
10,129,0.0038485815981402992,0,0
10,130,0.004813410877250135,0,0
10,132,0.054531088937073945,0,0
10,133,0.06252425005659461,0,0
10,134,0.062214378360658885,0,0
10,135,0.06220807675272226,0,0
10,136,0.05676544732414186,0,0
10,137,0.012582883005961776,0,0
10,138,0.0036571834236383436,0,0
10,139,0.0030694328714162113,0,0
10,140,0.002237158687785268,0,0
10,141,0.003431003261357546,0,0
10,142,0.004479624424129724,0,0
10,144,0.009321926161646843,0,0
10,145,0.013774788938462734,0,0
10,146,0.01366397999227047,0,0
10,147,0.01606564745306969,0,0
10,148,0.028747356869280337,0,0
10,149,0.03459238801151514,0,0
10,150,0.03125613164156675,0,0
10,151,0.03218042608350515,0,0
10,152,0.032570265047252175,0,0
10,153,0.0197646445594728,0,0
10,154,0.010569434752687812,0,0
10,155,0.009293141216039658,0,0
10,156,0.007097406382672489,0,0
10,157,0.003013261826708913,0,0
10,158,0.002043587574735284,0,0
10,159,0.0033893030136823653,0,0
10,160,0.023574511101469398,0,0
10,161,0.15538078423123808,0,0
10,163,0.5301902949810028,1,0
10,164,0.7147751927375794,1,0
10,165,0.865756630897522,1,0
10,166,0.800835257768631,1,0
10,167,0.6455653667449951,1,0
10,168,0.46593823581933974,1,0
10,169,0.29998333305120467,0,0
10,170,0.13246069923043252,0,0
10,171,0.07609479799866677,0,0
10,172,0.04677800079807639,0,0
10,173,0.03793425178155303,0,0
10,174,0.017564847692847253,0,0
10,175,0.014076089346781373,0,0
10,176,0.004066153720486909,0,0
10,177,0.003166827606037259,0,0
10,178,0.002263813163153827,0,0
10,179,0.0026237175334244967,0,0
11,0,0.0033934079110622406,0,0
11,1,0.002734862267971039,0,0
11,2,0.0020515576276617744,0,0
11,3,0.0016920188791118562,0,0
11,4,0.0015309049165807664,0,0
11,5,0.0015607742010615767,0,0
11,6,0.00143207743531093,0,0
11,7,0.0019285800866782666,0,0
11,8,0.0033842441509477792,0,0
11,9,0.003727152105420828,0,0
11,11,0.0029906946350820363,0,0
11,12,0.0025023626047186555,0,0
11,13,0.0012189815635792911,0,0
11,14,0.0013593548792414367,0,0
11,15,0.006697376898955554,0,0
11,16,0.055784139200113714,0,0
11,17,0.07583355410024524,0,0
11,18,0.07699419464915991,0,0
11,19,0.07721543684601784,0,0
11,20,0.07205593285616488,0,0
11,21,0.022896479145856574,0,0
11,22,0.002760841802228242,0,0
11,23,0.0013524212554330006,0,0
11,24,0.0005166049115359784,0,0
11,25,0.00030341833480633794,0,0
11,26,0.00029375546728260815,0,0
11,27,0.00035620236303657293,0,0
11,28,0.0005036197340814397,0,0
11,29,0.0012969855568371713,0,0
11,30,0.001478183624567464,0,0
11,31,0.002821736130863428,0,0
11,32,0.0031013396801427007,0,0
11,33,0.0033648541895672677,0,0
11,34,0.005774424015544355,0,0
11,35,0.00968019850552082,0,0
11,36,0.01178470104932785,0,0
11,37,0.0186787155456841,0,0
11,38,0.10968185923993587,1,0
11,39,0.15033580958843232,1,0
11,40,0.20270291939377785,1,0
11,41,0.2076236590743065,1,0
11,42,0.2032317329198122,1,0
11,43,0.11197557896375657,1,0
11,44,0.06820463732583448,0,0
11,45,0.011755621730117127,0,0
11,46,0.003369939874392003,0,0
11,47,0.0004938136669807136,0,0
11,48,0.00033597989822737874,0,0
11,49,0.0002595741127151996,0,0
11,50,0.0002266223105834797,0,0
11,51,0.0002147455175872892,0,0
11,52,0.00024350066669285298,0,0
11,53,0.0002348943817196414,0,0
11,54,0.00020880496012978255,0,0
11,55,0.00019295411766506732,0,0
11,56,0.00017395196482539177,0,0
11,57,0.00014041047252248972,0,0
11,58,0.0001269161410164088,0,0
11,59,0.0001358585577690974,0,0
11,61,0.0002166564721846953,0,0
11,62,0.00024933362728916106,0,0
11,63,0.00028241018881089983,0,0
11,64,0.0002923300140537322,0,0
11,65,0.00027396062505431474,0,0
11,66,0.00023810092534404248,0,0
11,67,0.00022308548504952342,0,0
11,69,0.00020294883288443088,0,0
11,70,0.00020161567081231624,0,0
11,71,0.00021125758066773415,0,0
11,73,0.0002675006486242637,0,0
11,74,0.0003587537707062438,0,0
11,75,0.0004019766172859818,0,0
11,76,0.0004592719371430576,0,0
11,77,0.00048773662419989707,0,0
11,78,0.00043490017706062647,0,0
11,79,0.0003396026266273111,0,0
11,80,0.0002867625473299995,0,0
11,81,0.0002159994241083041,0,0
11,82,0.00020411034056451173,0,0
11,83,0.00020254582923371345,0,0
11,84,0.00018770722672343255,0,0
11,85,0.00018297407659702004,0,0
11,86,0.00018124846683349461,0,0
11,88,0.00013349130749702455,0,0
11,89,0.00013495803868863733,0,0
11,90,0.00013264833833090962,0,0
11,91,0.00013226330047473313,0,0
11,92,0.0001445038855308667,0,0
11,93,0.00015234861057251693,0,0
11,94,0.0001529440516605973,0,0
11,95,0.00015364260761998593,0,0
11,96,0.0001587523933267221,0,0
11,97,0.0001575580332428217,0,0
11,98,0.00015231907018460334,0,0
11,99,0.00015450327773578466,0,0
11,100,0.000162253447342664,0,0
11,101,0.00017575588717591017,0,0
11,102,0.0001817884505726397,0,0
11,103,0.00018066914635710417,0,0
11,104,0.00018632553692441434,0,0
11,105,0.00018052368832286448,0,0
11,106,0.00016116922488436104,0,0
11,107,0.00014732535055372864,0,0
11,108,0.00014659415173809976,0,0
11,110,0.00014402915840037168,0,0
11,111,0.00015036661643534898,0,0
11,112,0.000162171054398641,0,0
11,113,0.00016297322290483862,0,0
11,114,0.00016672266938257962,0,0
11,115,0.00016422737098764628,0,0
11,116,0.00017857046041171997,0,0
11,117,0.00017813114391174167,0,0
11,118,0.00018123215413652362,0,0
11,119,0.00021149416279513388,0,0
11,121,0.0004089058988029137,0,1
11,122,0.0010599811357678846,0,1
11,123,0.0084285709541291,0,1
11,124,0.011518217308912426,0,1
11,125,0.05498657083371654,0,1
11,126,0.057553261425346135,0,1
11,127,0.05882495827972889,0,1
11,128,0.05197284407913685,0,1
11,129,0.05128594059497118,0,1
11,130,0.00788421523757279,0,1
11,131,0.005220654117874801,0,1
11,132,0.003302917699329555,0,1
11,133,0.002794215129688382,0,1
11,134,0.0003690970508614555,0,1
11,135,0.00028094689769204707,0,1
11,136,0.000954384365468286,0,1
11,137,0.0071124114183476195,0,1
11,139,0.011269550718134269,0,1
11,140,0.012042634468525649,0,1
11,141,0.011484253103844821,0,1
11,142,0.005332212775829248,0,1
11,143,0.002893395230057649,0,1
11,144,0.0013755006453720852,0,1
11,145,0.0007815316523192451,0,1
11,146,0.0009281691600335762,0,1
11,147,0.00562267997302115,0,1
11,148,0.02072983277030289,0,1
11,149,0.03520657806657255,0,1
11,152,0.08335989415645599,0,1
11,153,0.07287785261869431,0,1
11,154,0.06207757331430912,0,1
11,155,0.050779156386852264,0,1
11,156,0.0349174709059298,0,1
11,157,0.013690831325948238,0,1
11,158,0.009871860966086388,0,1
11,159,0.006140683265402913,0,1
11,160,0.0032305973116308452,0,1
11,161,0.0020929927239194514,0,1
11,162,0.0015832497039809823,0,1
11,163,0.0010508989915251731,0,1
11,164,0.0023758491966873406,0,1
11,165,0.0035277707036584617,0,1
11,166,0.004292508936487138,0,1
11,167,0.005785573530010879,0,1
11,168,0.006541615445166826,0,1
11,169,0.005259651644155383,0,1
11,170,0.0045655335299670695,0,1
11,171,0.005132905021309852,0,1
11,172,0.011372435837984085,0,1
11,173,0.014489520341157913,0,1
11,174,0.06387959946878255,0,1
11,175,0.13222865127027034,1,1
11,176,0.16330971289426088,1,1
11,177,0.20453341801961264,1,1
11,178,0.29623058438301086,1,1
11,179,0.344551146030426,1,1
12,1,0.003430267795920372,0,0
12,2,0.004762264123807351,0,0
12,4,0.019070252310484648,0,0
12,5,0.01912451204843819,0,0
12,6,0.022253948682919144,0,0
12,7,0.026228157943114637,0,0
12,8,0.03589491373859346,0,0
12,9,0.14246601308695972,1,0
12,10,0.22033994570374488,1,0
12,11,0.328840808570385,1,0
12,12,0.34821572452783583,1,0
12,13,0.3283399160951376,1,0
12,14,0.21909642345272004,1,0
12,15,0.14086473700590432,1,0
12,17,0.0077884966973215345,0,0
12,18,0.005617541866376996,0,0
12,19,0.00792215233668685,0,0
12,20,0.007848147815093399,0,0
12,21,0.007298429531510919,0,0
12,22,0.004319144634064287,0,0
12,23,0.006794879620429128,0,0
12,24,0.00891168195521459,0,0
12,25,0.02014898982597515,0,0
12,26,0.025329980254173278,0,0
12,27,0.026404809020459653,0,0
12,28,0.02710420433431864,0,0
12,29,0.024388469010591506,0,0
12,30,0.013600560370832682,0,0
12,31,0.009266592562198639,0,0
12,32,0.008039126987569034,0,0
12,33,0.0041404653573408725,0,0
12,34,0.0023389255977235733,0,0
12,35,0.0022049315623007713,0,0
12,37,0.006660262739751488,0,0
12,38,0.007541184325236827,0,0
12,39,0.00845069419592619,0,0
12,40,0.008124495693482458,0,0
12,41,0.0071865416422951965,0,0
12,43,0.0016028777521569283,0,0
12,44,0.0012387804978061467,0,0
12,45,0.0036156284681055696,0,0
12,46,0.009232287853956222,0,0
12,47,0.014103696960955859,0,0
12,48,0.03836208241991699,0,0
12,49,0.057799624651670455,0,0
12,50,0.06339512281119823,0,0
12,51,0.16238858588039876,1,0
12,52,0.17358051389455795,1,0
12,53,0.15923476368188857,1,0
12,54,0.18560964465141297,1,0
12,55,0.30389047861099244,1,0
12,56,0.20492884069681166,1,0
12,57,0.19081104844808577,1,0
12,58,0.1810481810942292,1,0
12,59,0.13502940372563899,1,0
12,61,0.004947460303083062,0,1
12,62,0.00409151273779571,0,1
12,63,0.056883669039234516,0,1
12,64,0.12018469693139196,1,1
12,65,0.1330247910693288,1,1
12,66,0.1342878990806639,1,1
12,67,0.17720393724739553,1,1
12,68,0.12691430673003196,1,1
12,69,0.06666404977440835,0,1
12,70,0.05763207972049713,0,1
12,71,0.06086589805781841,0,1
12,72,0.016917561064474285,0,1
12,74,0.010822913469746709,0,1
12,75,0.006368381914217025,0,1
12,76,0.0008551797247491777,0,1
12,77,0.0014527209219522773,0,1
12,78,0.004160903033334762,0,1
12,79,0.02083178855245933,0,1
12,80,0.0534907991765067,0,1
12,81,0.24483504598028957,1,1
12,82,0.42951593492180107,1,1
12,84,0.801392936706543,1,1
12,85,0.9595551013946533,1,1
12,86,0.8653915166854859,1,1
12,87,0.686259651184082,1,1
12,88,0.48913825205527245,1,1
12,89,0.29489623089903033,1,1
12,90,0.10392697457864415,1,1
12,91,0.006540784498793073,0,1
12,92,0.0003110002988250926,0,1
12,93,0.0002562687441240996,0,1
12,94,0.00023508488666266203,0,1
12,95,0.0002422917023068294,0,1
12,96,0.0002457509312080219,0,1
12,97,0.00024163607449736446,0,1
12,98,0.0002623622072860599,0,1
12,99,0.00028130149003118276,0,1
12,100,0.00027870949706994,0,1
12,101,0.0003136770334094763,0,1
12,102,0.00033154326374642553,0,1
12,103,0.00032131813932210205,0,1
12,104,0.00029488300788216293,0,1
12,105,0.000288108125096187,0,1
12,106,0.0002362021361477673,0,1
12,107,0.00021093588729854674,0,1
12,108,0.00020844105456490069,0,1
12,109,0.00022279177501332014,0,1
12,110,0.00021967948996461927,0,1
12,111,0.00022353731328621506,0,1
12,112,0.0002156409143935889,0,1
12,113,0.00019550749566406013,0,1
12,114,0.0001787519169738516,0,1
12,115,0.0001804624276701361,0,1
12,117,0.0008742013800656423,0,1
12,118,0.010107997732120566,0,1
12,120,0.3036039912258275,1,0
12,121,0.497458021575585,1,0
12,122,0.6908760905265808,1,0
12,123,0.8757198095321655,1,0
12,124,0.9617477655410767,1,0
12,125,0.9672733783721924,1,0
12,126,0.9656942248344421,1,0
12,127,0.9677870631217956,1,0
12,128,0.9553028345108032,1,0
12,129,0.958712899684906,1,0
12,130,0.9614143610000611,1,0
12,131,0.9654508590698242,1,0
12,132,0.9579473376274109,1,0
12,133,0.9710188984870911,1,0
12,134,0.9740338444709777,1,0
12,135,0.9761511564254761,1,0
12,136,0.9772817611694335,1,0
12,137,0.986898148059845,1,0
12,138,0.9894747495651245,1,0
12,139,0.986251425743103,1,0
12,140,0.9599157214164734,1,0
12,141,0.9470932126045227,1,0
12,142,0.9321851015090943,1,0
12,143,0.9233030080795288,1,0
12,144,0.9005531549453736,1,0
12,145,0.9225128650665283,1,0
12,146,0.9338395595550537,1,0
12,147,0.9481003880500793,1,0
12,148,0.9579106450080872,1,0
12,149,0.985344135761261,1,0
12,150,0.9910463690757751,1,0
12,151,0.9945013403892518,1,0
12,152,0.9935531854629517,1,0
12,153,0.9902326822280884,1,0
12,154,0.9600399136543274,1,0
12,155,0.9172959566116333,1,0
12,156,0.8540232896804809,1,0
12,157,0.8484540700912475,1,0
12,158,0.8228775143623352,1,0
12,159,0.8441652536392212,1,0
12,160,0.8812159776687623,1,0
12,161,0.9412689208984375,1,0
12,162,0.9465009212493897,1,0
12,163,0.9751065731048584,1,0
12,164,0.9831757307052612,1,0
12,165,0.986589515209198,1,0
12,166,0.9838815808296204,1,0
12,167,0.9652042031288147,1,0
12,168,0.9117721438407898,1,0
12,169,0.8790397405624389,1,0
12,170,0.8389836192131043,1,0
12,171,0.8153000235557556,1,0
12,172,0.8291049003601074,1,0
12,173,0.87972993850708,1,0
12,174,0.9066894888877869,1,0
12,175,0.9471886634826661,1,0
12,176,0.9715993106365204,1,0
12,177,0.9763583143552145,1,0
12,178,0.9767729341983795,1,0
12,179,0.9889365434646606,1,0
13,0,0.9855082035064697,1,0
13,1,0.9874661862850189,1,0
13,2,0.9903033177057902,1,0
13,3,0.9912609606981277,1,0
13,4,0.9917423844337463,1,0
13,5,0.9926177024841308,1,0
13,6,0.9937918543815613,1,0
13,8,0.9747051239013672,1,0
13,9,0.9596680998802185,1,0
13,10,0.9399447441101074,1,0
13,11,0.8842968344688416,1,0
13,12,0.8731638550758362,1,0
13,13,0.8849068284034729,1,0
13,14,0.8927127599716187,1,0
13,15,0.9064870595932006,1,0
13,16,0.9583886146545411,1,0
13,17,0.9699267148971558,1,0
13,18,0.9695754647254944,1,0
13,19,0.9678250908851623,1,0
13,20,0.9651659727096558,1,0
13,21,0.9576000094413757,1,0
13,22,0.9490009069442749,1,0
13,23,0.951433801651001,1,0
13,24,0.9602914690971375,1,0
13,25,0.9702609300613403,1,0
13,26,0.9819332957267761,1,0
13,27,0.99274080991745,1,0
13,28,0.9956724286079407,1,0
13,29,0.9947480916976928,1,0
13,30,0.989816415309906,1,0
13,31,0.9819479346275329,1,0
13,32,0.9797502517700195,1,0
13,33,0.979630959033966,1,0
13,34,0.981007707118988,1,0
13,35,0.9859091281890869,1,0
13,36,0.9936945915222168,1,0
13,37,0.9955142617225647,1,0
13,38,0.9959795475006104,1,0
13,39,0.9961390376091004,1,0
13,40,0.9961497187614441,1,0
13,41,0.9959798574447631,1,0
13,42,0.9960153698921204,1,0
13,43,0.9960074663162232,1,0
13,44,0.996039354801178,1,0
13,46,0.9960381388664246,1,0
13,47,0.9959078550338745,1,0
13,48,0.9958761811256409,1,0
13,49,0.9957639336585998,1,0
13,50,0.9958357095718384,1,0
13,51,0.996091079711914,1,0
13,52,0.996665108203888,1,0
13,53,0.9971062421798706,1,0
13,54,0.9975639462471009,1,0
13,55,0.997763168811798,1,0
13,56,0.9978606343269348,1,0
13,57,0.9977729678153991,1,0
13,58,0.997389018535614,1,0
13,59,0.9937960267066955,1,0
13,60,0.9770876407623291,1,1
13,61,0.7913374587893486,1,1
13,62,0.5949345039203763,1,1
13,63,0.40628600064665077,1,1
13,64,0.2166058661416173,1,1
13,65,0.09225429315119982,0,1
13,66,0.26310675907880066,1,1
13,67,0.3349448576569557,1,1
13,68,0.391590578109026,1,1
13,69,0.4704119861125946,1,1
13,70,0.4194510854780674,1,1
13,71,0.2468368411064148,1,1
13,72,0.23383553624153136,1,1
13,73,0.20110781788825988,1,1
13,74,0.15583083033561707,1,1
13,75,0.23008486852049828,1,1
13,76,0.2895092010498047,1,1
13,77,0.35309897661209105,1,1
13,78,0.3857908368110657,1,1
13,79,0.5160917282104492,1,1
13,80,0.5991968154907227,1,1
13,81,0.696923017501831,1,1
13,82,0.7163375377655029,1,1
13,84,0.8440451860427857,1,1
13,85,0.8766908645629883,1,1
13,86,0.9063283205032349,1,1
13,87,0.960185968875885,1,1
13,89,0.993420934677124,1,1
13,90,0.9930499196052551,1,1
13,91,0.9787718415260315,1,1
13,93,0.8784737229347229,1,1
13,94,0.8643125295639038,1,1
13,95,0.8626705288887024,1,1
13,96,0.8689132452011108,1,1
13,97,0.8730045795440674,1,1
13,99,0.968552041053772,1,1
13,100,0.971183693408966,1,1
13,101,0.977888023853302,1,1
13,102,0.9823631525039673,1,1
13,104,0.9638265252113343,1,1
13,105,0.9534927606582642,1,1
13,106,0.9505807042121888,1,1
13,107,0.9454978704452515,1,1
13,108,0.9398865818977356,1,1
13,109,0.9568549752235412,1,1
13,110,0.9433733582496643,1,1
13,111,0.8481895089149475,1,1
13,112,0.7508787631988525,1,1
13,113,0.7124919772148133,1,1
13,114,0.7093731164932251,1,1
13,115,0.7304431438446045,1,1
13,116,0.8249479532241821,1,1
13,117,0.8800594210624695,1,1
13,118,0.9039400815963745,1,1
13,119,0.9021073579788208,1,1
13,120,0.9046563386917115,1,0
13,121,0.9091881394386292,1,0
13,122,0.9623943209648133,1,0
13,123,0.9858454942703248,1,0
13,124,0.9946449756622314,1,0
13,125,0.9964624047279358,1,0
13,126,0.997655200958252,1,0
13,127,0.9973472356796265,1,0
13,128,0.9960714697837829,1,0
13,129,0.9946975708007812,1,0
13,130,0.9933757305145263,1,0
13,131,0.9932995438575745,1,0
13,132,0.9939503073692322,1,0
13,133,0.9955972671508789,1,0
13,134,0.9949247717857361,1,0
13,136,0.9693728804588317,1,0
13,137,0.9437672615051269,1,0
13,138,0.916521155834198,1,0
13,139,0.9140811085700988,1,0
13,140,0.9117892861366272,1,0
13,141,0.8760962009429931,1,0
13,142,0.8123813152313233,1,0
13,143,0.7892897725105286,1,0
13,144,0.7467876315116883,1,0
13,145,0.7562938094139099,1,0
13,146,0.8050854921340942,1,0
13,147,0.8924129366874695,1,0
13,149,0.9838104724884034,1,0
13,150,0.9858985543251038,1,0
13,152,0.9852817416191101,1,0
13,153,0.9884819149971008,1,0
13,154,0.9913156867027283,1,0
13,155,0.9938382148742676,1,0
13,156,0.9964647412300109,1,0
13,157,0.9977458238601684,1,0
13,158,0.9925049304962158,1,0
13,159,0.9777653098106385,1,0
13,160,0.9752368927001953,1,0
13,161,0.9749730587005615,1,0
13,162,0.9752730369567871,1,0
13,163,0.9806398510932922,1,0
13,164,0.9953149795532227,1,0
13,165,0.9946274399757385,1,0
13,166,0.9854160428047181,1,0
13,167,0.8118089735507965,1,0
13,168,0.6153618469834328,1,0
13,169,0.4175803018733859,1,0
13,170,0.2430369568988681,1,0
13,171,0.210014302842319,1,0
13,172,0.3163244856521487,1,0
13,173,0.5094244180247187,1,0
13,174,0.7066781401634217,1,0
13,175,0.8841502785682678,1,0
13,176,0.908845067024231,1,0
13,177,0.9915820757548014,1,0
13,178,0.9966110289096832,1,0
13,179,0.997447669506073,1,0
14,0,0.07690820842981339,0,1
14,1,0.06825978308916092,0,1
14,2,0.07098252326250076,0,1
14,3,0.08798949979245663,0,1
14,4,0.10823235660791397,1,1
14,5,0.2528962194919586,1,1
14,6,0.38943490833044053,1,1
14,8,0.42716680467128754,1,1
14,9,0.39347358644008634,1,1
14,10,0.23501315545290707,1,1
14,11,0.08803712027147412,0,1
14,12,0.025227237865328787,0,1
14,13,0.009257094515487552,0,1
14,14,0.006651344383135438,0,1
14,15,0.005709737958386541,0,1
14,16,0.00497385454364121,0,1
14,17,0.004423070279881358,0,1
14,18,0.00461913226172328,0,1
14,19,0.004431386198848486,0,1
14,20,0.004998580925166607,0,1
14,21,0.005322753079235553,0,1
14,22,0.005965800117701292,0,1
14,24,0.008474005851894617,0,1
14,25,0.00876186965033412,0,1
14,26,0.008443027129396796,0,1
14,27,0.007464685058221221,0,1
14,28,0.005646084435284138,0,1
14,29,0.003395622270181775,0,1
14,30,0.002661608997732401,0,1
14,31,0.003876696480438113,0,1
14,32,0.005348430434241891,0,1
14,33,0.008006531745195389,0,1
14,34,0.010625792806968093,0,1
14,35,0.011686534434556962,0,1
14,36,0.011678574047982693,0,1
14,37,0.011103563010692596,0,1
14,38,0.008805716410279274,0,1
14,39,0.006417593499645591,0,1
14,40,0.005751724122092128,0,1
14,41,0.004867064161226153,0,1
14,42,0.005175491189584136,0,1
14,43,0.006424206076189876,0,1
14,44,0.011936823278665543,0,1
14,45,0.015198603831231594,0,1
14,46,0.016758557222783566,0,1
14,47,0.01694154888391495,0,1
14,48,0.01673711370676756,0,1
14,49,0.012351079657673836,0,1
14,50,0.009726238436996937,0,1
14,51,0.018757438659667967,0,1
14,52,0.046217352524399756,0,1
14,53,0.10095789059996604,1,1
14,54,0.1091459447517991,1,1
14,55,0.12989617586135865,1,1
14,56,0.14907219856977463,1,1
14,57,0.25313367396593095,1,1
14,58,0.38249397426843645,1,1
14,59,0.5706022694706917,1,1
14,60,0.7469771921634674,1,0
14,61,0.91545729637146,1,0
14,62,0.9816275835037231,1,0
14,63,0.9950018644332885,1,0
14,64,0.9961435794830322,1,0
14,65,0.9964955925941468,1,0
14,66,0.9959839582443237,1,0
14,67,0.9946614742279053,1,0
14,68,0.9942091345787049,1,0
14,69,0.9932819962501526,1,0
14,70,0.9930821180343627,1,0
14,71,0.993498957157135,1,0
14,72,0.994388735294342,1,0
14,73,0.9942864418029785,1,0
14,74,0.9947051048278809,1,0
14,75,0.9934956192970276,1,0
14,76,0.9919674873352051,1,0
14,78,0.9893771529197692,1,0
14,79,0.9883561611175538,1,0
14,80,0.9880136132240296,1,0
14,81,0.9867635130882263,1,0
14,82,0.9864311695098877,1,0
14,83,0.9869596838951111,1,0
14,84,0.9872670650482178,1,0
14,85,0.9883047699928283,1,0
14,86,0.9909313797950745,1,0
14,87,0.9921799063682556,1,0
14,88,0.9932332038879395,1,0
14,90,0.9943273067474365,1,0
14,91,0.9936077833175659,1,0
14,92,0.9943582653999329,1,0
14,93,0.9941232085227967,1,0
14,94,0.9937252402305603,1,0
14,95,0.9938618779182434,1,0
14,96,0.9943016290664672,1,0
14,97,0.9930910706520081,1,0
14,98,0.9931543231010437,1,0
14,99,0.9936426877975464,1,0
14,100,0.9940090298652648,1,0
14,102,0.9946313381195069,1,0
14,103,0.9912723064422607,1,0
14,104,0.9858353137969971,1,0
14,105,0.9760137557983398,1,0
14,106,0.9697730898857116,1,0
14,107,0.9617592692375183,1,0
14,108,0.9604660987854003,1,0
14,109,0.9585161566734314,1,0
14,110,0.9587738633155822,1,0
14,112,0.9496502995491027,1,0
14,113,0.9505294561386108,1,0
14,114,0.9542935848236084,1,0
14,116,0.977685809135437,1,0
14,117,0.9870554685592652,1,0
14,118,0.9885815978050232,1,0
14,119,0.9859254002571106,1,0
14,120,0.8096488520503045,1,0
14,121,0.6158733848482371,1,0
14,122,0.4249271932989359,1,0
14,123,0.2547360394150019,1,0
14,124,0.06613914519548417,0,0
14,125,0.06660683751106262,0,0
14,126,0.07205005697906017,0,0
14,127,0.0669546987861395,0,0
14,128,0.04172829994931817,0,0
14,129,0.03945995708927512,0,0
14,130,0.019896972831338643,0,0
14,131,0.029579178150743245,0,0
14,132,0.07689573084935546,0,0
14,133,0.16613333094865085,1,0
14,134,0.21837824508547782,1,0
14,135,0.24917473196983336,1,0
14,136,0.25084614008665085,1,0
14,137,0.20968466699123384,1,0
14,138,0.11992138121277093,1,0
14,139,0.06674706293269991,0,0
14,140,0.033227492170408365,0,0
14,141,0.011297714407555759,0,0
14,142,0.0023053999757394195,0,0
14,143,0.0021554687758907677,0,0
14,144,0.0018302874872460962,0,0
14,145,0.005878957803361118,0,0
14,146,0.009359023021534085,0,0
14,147,0.010955796344205737,0,0
14,148,0.010915110819041729,0,0
14,149,0.011030545085668563,0,0
14,150,0.016974087804555893,0,0
14,151,0.020693616569042207,0,0
14,152,0.024577162973582745,0,0
14,153,0.0326304919552058,0,0
14,154,0.03599020205438137,0,0
14,156,0.021267793979495762,0,0
14,157,0.01679507540538907,0,0
14,158,0.010486891213804483,0,0
14,159,0.010981106478720904,0,0
14,160,0.017951532267034054,0,0
14,161,0.02122302297502756,0,0
14,162,0.02327275611460209,0,0
14,163,0.022785099782049657,0,0
14,164,0.019000903144478797,0,0
14,165,0.012348626181483269,0,0
14,166,0.007810018258169293,0,0
14,167,0.0046764140948653225,0,0
14,168,0.0031265830271877348,0,0
14,169,0.0023885337286628783,0,0
14,170,0.0008626612427178771,0,0
14,171,0.0005140057648532093,0,0
14,173,0.00033245576778426764,0,0
14,175,0.0003536656324286014,0,0
14,176,0.0003493939293548465,0,0
14,177,0.00035172479692846537,0,0
14,178,0.00038129978929646313,0,0
14,179,0.00048245754442177713,0,0
15,0,0.00501524331048131,0,0
15,1,0.005227487534284592,0,0
15,2,0.005050212144851685,0,0
15,3,0.004238889727275819,0,0
15,4,0.004078079899773002,0,0
15,5,0.0035270694177597763,0,0
15,7,0.0020177605911158025,0,0
15,8,0.0017539169290103017,0,0
15,9,0.0012695968733169138,0,0
15,10,0.0010741797159425914,0,0
15,11,0.001089285162743181,0,0
15,12,0.0012739809462800622,0,0
15,13,0.0015545894159004093,0,0
15,14,0.0018428429262712597,0,0
15,16,0.0031243018340319393,0,0
15,17,0.003849689080379903,0,0
15,18,0.003949783323332667,0,0
15,19,0.0035697653656825423,0,0
15,20,0.002927933368482627,0,0
15,21,0.0017234279890544712,0,0
15,22,0.000710048686596565,0,0
15,24,0.00027422084531281143,0,0
15,25,0.0005771186901256442,0,0
15,26,0.0027385332417907194,0,0
15,27,0.00917396072181873,0,0
15,28,0.041057361417915675,0,0
15,29,0.07933536146301776,0,0
15,30,0.08267109002918005,0,0
15,32,0.07466178920585662,0,0
15,33,0.043399137700907885,0,0
15,34,0.005456499732099473,0,0
15,35,0.002025511534884572,0,0
15,36,0.0021605266025289892,0,0
15,37,0.0022178397281095385,0,0
15,38,0.0018145118840038777,0,0
15,39,0.0015134097542613746,0,0
15,40,0.001502467319369316,0,0
15,41,0.0013342667603865265,0,0
15,42,0.0010244788485579194,0,0
15,43,0.0008680010330863297,0,0
15,44,0.0008923082146793604,0,0
15,45,0.0008178170537576079,0,0
15,46,0.0012422624509781598,0,0
15,47,0.0022027098457328975,0,0
15,48,0.003291619464289397,0,0
15,49,0.004445347003638744,0,0
15,50,0.00931155919097364,0,0
15,51,0.009707821160554886,0,0
15,52,0.01155272563919425,0,0
15,53,0.017921191547065972,0,0
15,54,0.02369559686630964,0,0
15,55,0.02235791850835085,0,0
15,56,0.02299261912703514,0,0
15,57,0.021214834228157998,0,0
15,59,0.00686691467417404,0,0
15,60,0.0032577868027146907,0,0
15,61,0.0016871723986696453,0,0
15,62,0.0005829466448631137,0,0
15,63,0.0004712563764769584,0,0
15,64,0.0005148488853592426,0,0
15,65,0.0005580072058364749,0,0
15,66,0.0005810761242173613,0,0
15,67,0.0006751658977009356,0,0
15,68,0.0009979246882721783,0,0
15,69,0.0012816349859349429,0,0
15,70,0.0014080475899390875,0,0
15,71,0.001427927752956748,0,0
15,72,0.001384361821692437,0,0
15,73,0.001048895943677053,0,0
15,74,0.0006895806291140616,0,0
15,75,0.0005103257542941719,0,0
15,76,0.0004498650436289608,0,0
15,78,0.000658122164895758,0,0
15,79,0.0012907455442473293,0,0
15,80,0.002140779310138896,0,0
15,81,0.003634567209519446,0,0
15,82,0.00451848516240716,0,0
15,83,0.0045735327526927,0,0
15,84,0.004124786425381899,0,0
15,85,0.0032622740138322113,0,0
15,86,0.0017090810899389908,0,0
15,87,0.0007158521882956847,0,0
15,88,0.0004062049149069935,0,0
15,89,0.00018001836870098486,0,0
15,90,0.00015567769733024762,0,0
15,91,0.00016295278182951734,0,0
15,92,0.00018533913971623405,0,0
15,93,0.00019681349949678405,0,0
15,94,0.0002323315740795806,0,0
15,95,0.0002730217354837805,0,0
15,96,0.0003213114017853513,0,0
15,97,0.0002955855859909207,0,0
15,99,0.00026061321841552854,0,0
15,100,0.00022831518726889043,0,0
15,101,0.00018576460133772342,0,0
15,102,0.00019438110175542533,0,0
15,103,0.00020661508315242827,0,0
15,104,0.00020037622889503836,0,0
15,105,0.0001778408739482984,0,0
15,106,0.0001590453102835454,0,0
15,107,0.00014488397719105705,0,0
15,108,0.00012168351677246391,0,0
15,109,0.00011986219615209848,0,0
15,110,0.0001232365408213809,0,0
15,111,0.00013060926430625842,0,0
15,112,0.00012562941265059635,0,0
15,113,0.00012626913958229123,0,0
15,114,0.00013178023509681226,0,0
15,115,0.0001381146314088255,0,0
15,116,0.00017219032160937787,0,0
15,117,0.00034218247456010433,0,0
15,118,0.0007817701291060076,0,0
15,119,0.0030455148196779193,0,0
15,120,0.011864639609120787,0,1
15,121,0.014700642798561602,0,1
15,122,0.015215214528143405,0,1
15,123,0.015169537626206875,0,1
15,124,0.01330924523063004,0,1
15,125,0.004649574519135058,0,1
15,126,0.001923544320743531,0,1
15,127,0.0013335663010366262,0,1
15,128,0.001139186683576554,0,1
15,129,0.0009071487351320684,0,1
15,131,0.0008830107515677809,0,1
15,132,0.0009800127241760491,0,1
15,133,0.0009212316712364554,0,1
15,134,0.0008981897146441043,0,1
15,135,0.0009076204034499824,0,1
15,136,0.0009691536310128867,0,1
15,137,0.0009127212571911514,0,1
15,138,0.00100672171683982,0,1
15,139,0.0013150045415386558,0,1
15,140,0.0016570119187235832,0,1
15,141,0.0028808586997911335,0,1
15,142,0.003375470847822726,0,1
15,143,0.003598119271919131,0,1
15,144,0.003431734419427812,0,1
15,145,0.0032515885308384896,0,1
15,146,0.0024841218255460262,0,1
15,148,0.004434921313077211,0,1
15,149,0.005711895995773375,0,1
15,150,0.007429427653551102,0,1
15,151,0.007386914128437639,0,1
15,152,0.006966021144762635,0,1
15,153,0.005316251842305064,0,1
15,154,0.003983252961188555,0,1
15,155,0.0022149484837427737,0,1
15,156,0.0018835834925994277,0,1
15,157,0.0014899299829266965,0,1
15,158,0.0011679679504595698,0,1
15,159,0.0010570053476840259,0,1
15,160,0.0009123492753133177,0,1
15,161,0.000834938115440309,0,1
15,162,0.0008913338533602655,0,1
15,163,0.0009784235735423863,0,1
15,164,0.0010659981286153196,0,1
15,165,0.0010295676765963435,0,1
15,166,0.0009914200403727592,0,1
15,167,0.0008532301639206707,0,1
15,168,0.0007380623952485621,0,1
15,169,0.0006146892439574004,0,1
15,170,0.0006624231813475489,0,1
15,171,0.0011122830561362206,0,1
15,172,0.0032109284424223007,0,1
15,173,0.004450767335947603,0,1
15,174,0.006438174401409924,0,1
15,175,0.007986206049099564,0,1
15,176,0.00921932456549257,0,1
15,177,0.008636852260679007,0,1
15,179,0.008725440129637718,0,1
16,0,0.004519622772932053,0,0
16,1,0.010454133152961731,0,0
16,2,0.011212548861900965,0,0
16,3,0.04627905506640673,0,0
16,4,0.06726085916161537,0,0
16,5,0.09875836819410325,0,0
16,6,0.09949341192841529,0,0
16,7,0.09974678512662649,0,0
16,8,0.07056141281500458,0,0
16,10,0.008567650930490344,0,0
16,11,0.004867857240606099,0,0
16,12,0.0025566446711309254,0,0
16,13,0.002425388351548463,0,0
16,14,0.0032334258896298705,0,0
16,15,0.006296754046343267,0,0
16,16,0.010601994954049588,0,0
16,17,0.012545814923942088,0,0
16,18,0.011927591683343054,0,0
16,19,0.01104714658576995,0,0
16,20,0.010024611768312753,0,0
16,21,0.005980281042866409,0,0
16,22,0.004053306602872908,0,0
16,23,0.005985090951435268,0,0
16,24,0.008714082185178995,0,0
16,25,0.007080455077812076,0,0
16,26,0.007275067223235965,0,0
16,27,0.00746613759547472,0,0
16,28,0.005542757408693433,0,0
16,29,0.002883217530325055,0,0
16,31,0.0019423920544795691,0,0
16,32,0.0013289746886584908,0,0
16,33,0.001009101275121793,0,0
16,34,0.0005933500477112829,0,0
16,35,0.00031145195825956764,0,0
16,36,0.0002532877668272704,0,0
16,37,0.00023167927283793688,0,0
16,38,0.0002587316557765007,0,0
16,39,0.0003702298097778112,0,0
16,40,0.0004369643284007907,0,0
16,41,0.00047000127960927784,0,0
16,42,0.0005419879744295031,0,0
16,43,0.0005955863802228123,0,0
16,44,0.0005762059998232871,0,0
16,45,0.0007565066043753177,0,0
16,46,0.0008075667195953429,0,0
16,47,0.0008172957692295313,0,0
16,48,0.0007881792029365897,0,0
16,49,0.0007459238171577453,0,0
16,50,0.0007584605598822236,0,0
16,51,0.0011785184731706976,0,0
16,52,0.0011525372508913278,0,0
16,53,0.0038394525763578713,0,0
16,54,0.006243498774711043,0,0
16,55,0.006422126677352935,0,0
16,56,0.006465309590566903,0,0
16,58,0.004049608646892011,0,0
16,59,0.001635456585790962,0,0
16,60,0.0012355483078863472,0,0
16,61,0.0007043493853416294,0,0
16,62,0.0003603432094678283,0,0
16,63,0.0004056389559991658,0,0
16,64,0.0004456994589418173,0,0
16,65,0.000582308362936601,0,0
16,66,0.0009057913150172681,0,0
16,67,0.0016633562161587178,0,0
16,69,0.06305255710612982,0,0
16,70,0.1528369925217703,0,0
16,71,0.16336874244734645,0,0
16,72,0.1675879769027233,0,0
16,73,0.16435551904141904,0,0
16,74,0.11403963305056095,0,0
16,75,0.04822754897177219,0,0
16,76,0.1851409237831831,0,0
16,77,0.36775544211268424,0,0
16,79,0.7223141342401505,1,0
16,80,0.8586932778358459,1,0
16,81,0.7892289221286773,1,0
16,82,0.6099367737770081,1,0
16,83,0.4324698381125927,0,0
16,84,0.2620174899697304,0,0
16,85,0.10652724876999856,0,0
16,86,0.051148772984743116,0,0
16,87,0.10761936977505684,0,0
16,88,0.10564060434699059,0,0
16,89,0.10926579236984253,0,0
16,90,0.10901765823364258,0,0
16,92,0.023320258408784867,0,0
16,93,0.017842269502580166,0,0
16,94,0.010412335768342018,0,0
16,95,0.006545696780085564,0,0
16,96,0.00885949209332466,0,0
16,97,0.010667618364095688,0,0
16,98,0.02070771474391222,0,0
16,99,0.02399040274322033,0,0
16,100,0.13964265398681164,0,0
16,101,0.18538182638585568,0,0
16,102,0.2782391272485256,0,0
16,103,0.4237851001322269,0,0
16,104,0.5081385135650635,0,0
16,105,0.4695247530937195,0,0
16,106,0.5848613202571868,1,0
16,107,0.5922002971172333,1,0
16,108,0.5920447051525116,1,0
16,109,0.6990858912467957,1,0
16,110,0.8150607705116272,1,0
16,111,0.7997528195381165,1,0
16,112,0.8724104762077332,1,0
16,113,0.9003609418869019,1,0
16,114,0.8297472715377807,1,0
16,115,0.7941380500793457,1,0
16,116,0.8353768229484558,1,0
16,118,0.8684688329696655,1,0
16,119,0.9371772527694702,1,0
16,120,0.9736005663871765,1,1
16,122,0.9589265584945679,1,1
16,123,0.961613118648529,1,1
16,124,0.9657466888427735,1,1
16,125,0.9684796810150147,1,1
16,126,0.9754414319992065,1,1
16,128,0.9207342982292175,1,1
16,130,0.7356493651866913,1,1
16,131,0.5821320682764053,1,1
16,132,0.42210152447223664,0,1
16,133,0.3393484652042389,0,1
16,134,0.35219470262527464,0,1
16,135,0.3995213508605957,0,1
16,136,0.5403843075037003,0,1
16,137,0.6918309599161148,1,1
16,138,0.8122661709785461,1,1
16,139,0.8925941705703735,1,1
16,140,0.8776364803314209,1,1
16,141,0.877168881893158,1,1
16,142,0.8801351666450501,1,1
16,143,0.8859273552894592,1,1
16,144,0.8530477643013,1,1
16,145,0.8506782412528991,1,1
16,146,0.7697754740715027,1,1
16,147,0.6333633661270142,1,1
16,148,0.48877683877944944,0,1
16,149,0.37720615565776827,0,1
16,150,0.26946366429328916,0,1
16,151,0.3106988489627838,0,1
16,152,0.42063396573066714,0,1
16,153,0.5658803164958954,1,1
16,154,0.6871952623128891,1,1
16,155,0.7933152556419373,1,1
16,156,0.7986190319061279,1,1
16,157,0.8066409349441528,1,1
16,158,0.8105810046195984,1,1
16,159,0.8405413150787353,1,1
16,160,0.8933990359306335,1,1
16,161,0.9426686882972717,1,1
16,162,0.9700099110603333,1,1
16,163,0.9899370312690735,1,1
16,164,0.9955992102622986,1,1
16,165,0.9957828402519227,1,1
16,166,0.9954356551170349,1,1
16,167,0.9953286170959472,1,1
16,168,0.9947650671005249,1,1
16,169,0.9931292533874512,1,1
16,170,0.9919548511505127,1,1
16,171,0.9912046313285827,1,1
16,172,0.9911306619644165,1,1
16,173,0.9906514286994934,1,1
16,174,0.9914719343185425,1,1
16,175,0.9911710619926453,1,1
16,176,0.991209402680397,1,1
16,177,0.9900192022323608,1,1
16,178,0.9898084402084351,1,1
16,179,0.9876033663749695,1,1
17,1,0.3791148439049721,0,1
17,2,0.3410624216000239,0,1
17,3,0.32475344464182854,0,1
17,4,0.33822653591632845,0,1
17,5,0.36825438141822814,0,1
17,6,0.41702705025672915,0,1
17,7,0.5585030674934387,0,1
17,8,0.700177001953125,0,1
17,9,0.8198325932025909,0,1
17,10,0.9392553329467773,1,1
17,11,0.9784407615661621,1,1
17,12,0.9666548013687134,1,1
17,13,0.9492827296257019,1,1
17,14,0.8572240471839905,0,1
17,15,0.7839039206504822,0,1
17,16,0.7639094471931458,0,1
17,17,0.7643759965896606,0,1
17,18,0.7748537302017212,0,1
17,19,0.8424616694450379,0,1
17,20,0.8650151491165161,0,1
17,21,0.8468655824661255,0,1
17,22,0.8168975591659546,0,1
17,23,0.7555870175361633,0,1
17,24,0.7485086917877197,0,1
17,25,0.790892481803894,0,1
17,26,0.8274806380271912,0,1
17,27,0.8706453204154968,0,1
17,28,0.9402830600738525,1,1
17,29,0.9705629110336303,1,1
17,30,0.9759768605232239,1,1
17,31,0.9733436942100525,1,1
17,32,0.9641209125518799,1,1
17,33,0.9117751955986023,1,1
17,34,0.8690271139144897,0,1
17,35,0.8559525012969971,0,1
17,36,0.8448880314826965,0,1
17,37,0.8302763819694519,0,1
17,38,0.8731545686721802,0,1
17,39,0.910430085659027,1,1
17,40,0.9149843573570251,1,1
17,41,0.9126301765441894,1,1
17,42,0.8845339894294739,0,1
17,43,0.8619784235954284,0,1
17,44,0.8545519471168518,0,1
17,45,0.8613034844398498,0,1
17,46,0.8820909976959228,0,1
17,47,0.9332626819610595,1,1
17,48,0.962381899356842,1,1
17,49,0.9733630061149597,1,1
17,50,0.9588878870010376,1,1
17,51,0.9370500087738037,1,1
17,52,0.9328532099723816,1,1
17,54,0.9287760138511658,1,1
17,55,0.9492078185081482,1,1
17,57,0.9816879749298095,1,1
17,58,0.9894905924797058,1,1
17,59,0.9942211627960205,1,1
17,60,0.9960733652114868,1,0
17,61,0.9966674089431763,1,0
17,62,0.9971338152885437,1,0
17,63,0.9971234679222107,1,0
17,64,0.9971886396408081,1,0
17,65,0.9969655513763428,1,0
17,66,0.9970050573348999,1,0
17,67,0.9971290588378906,1,0
17,68,0.997318708896637,1,0
17,69,0.9972711563110351,1,0
17,70,0.997454047203064,1,0
17,71,0.997420072555542,1,0
17,72,0.9972226977348327,1,0
17,73,0.9968926191329956,1,0
17,74,0.9965681314468384,1,0
17,75,0.9961310029029846,1,0
17,76,0.9955121994018554,1,0
17,77,0.9950535416603088,1,0
17,78,0.9949894428253174,1,0
17,79,0.9948435664176941,1,0
17,80,0.9945811033248901,1,0
17,81,0.9941113352775574,1,0
17,82,0.9933434009552002,1,0
17,83,0.992602801322937,1,0
17,84,0.9918262362480164,1,0
17,85,0.9916432738304138,1,0
17,86,0.9921072006225586,1,0
17,87,0.9931615471839905,1,0
17,88,0.9938902020454407,1,0
17,89,0.9947723984718323,1,0
17,90,0.9950879096984864,1,0
17,91,0.9951823115348816,1,0
17,92,0.994883394241333,1,0
17,93,0.9946516036987305,1,0
17,94,0.9946712851524353,1,0
17,95,0.9947871446609498,1,0
17,96,0.9947618007659912,1,0
17,97,0.9949017286300659,1,0
17,98,0.9950026631355285,1,0
17,99,0.995091688632965,1,0
17,100,0.995284128189087,1,0
17,101,0.9955812811851501,1,0
17,102,0.9953811287879943,1,0
17,103,0.9944459080696106,1,0
17,104,0.992823314666748,1,0
17,105,0.9912344455718994,1,0
17,106,0.9893195271492005,1,0
17,107,0.9884223222732544,1,0
17,108,0.9889262795448304,1,0
17,109,0.9896396279335022,1,0
17,110,0.9895668029785156,1,0
17,111,0.9895063519477845,1,0
17,112,0.9897860527038574,1,0
17,113,0.9892999291419983,1,0
17,114,0.9890888810157776,1,0
17,115,0.9895543694496155,1,0
17,116,0.9903602480888367,1,0
17,117,0.9906037092208863,1,0
17,118,0.9876739859580994,1,0
17,119,0.9782137632369995,1,0
17,120,0.9502638936042785,1,0
17,121,0.9313982248306274,1,0
17,122,0.914665687084198,1,0
17,123,0.9161399960517883,1,0
17,124,0.9231346607208252,1,0
17,125,0.9497807383537292,1,0
17,126,0.9666889786720276,1,0
17,127,0.976995301246643,1,0
17,128,0.9697974324226379,1,0
17,129,0.9611888527870178,1,0
17,130,0.9534174203872681,1,0
17,131,0.9461562037467957,1,0
17,132,0.9415752291679382,1,0
17,133,0.9292039275169373,1,0
17,134,0.9323028206825257,1,0
17,135,0.9120931625366211,1,0
17,136,0.9067001700401306,1,0
17,137,0.8963517904281616,1,0
17,139,0.851819920539856,0,0
17,141,0.7422330617904663,0,0
17,142,0.6868170619010925,0,0
17,143,0.6110187649726868,0,0
17,144,0.6235718727111816,0,0
17,145,0.5720167517662048,0,0
17,146,0.6948758125305176,0,0
17,148,0.8515270948410034,0,0
17,149,0.880875313282013,0,0
17,150,0.9495341181755066,1,0
17,151,0.9559044361114502,1,0
17,152,0.9467356204986572,1,0
17,153,0.8820778369903565,0,0
17,155,0.5799575224518776,0,0
17,156,0.4002887800335884,0,0
17,157,0.222615615837276,0,0
17,158,0.10499056736007333,0,0
17,159,0.035702748037874696,0,0
17,160,0.025215489603579045,0,0
17,161,0.03653177563101053,0,0
17,162,0.179446467384696,0,0
17,164,0.32082473635673525,0,0
17,165,0.31866004392504693,0,0
17,166,0.29739626608788966,0,0
17,168,0.11002387143671513,0,0
17,169,0.02202425431460142,0,0
17,170,0.017395822890102865,0,0
17,171,0.01628130991011858,0,0
17,172,0.010137856565415859,0,0
17,173,0.006749095115810633,0,0
17,174,0.014171340968459845,0,0
17,175,0.05813754973933101,0,0
17,176,0.06985014479141682,0,0
17,177,0.09157474137221773,0,0
17,179,0.2276257872581482,0,0
18,1,0.9763697385787964,1,0
18,2,0.9727082848548889,1,0
18,3,0.9599468857049942,1,0
18,4,0.9493500828742981,1,0
18,5,0.770505465567112,1,0
18,6,0.5808299630880356,1,0
18,7,0.4054062858223915,0,0
18,8,0.2748478963971138,0,0
18,9,0.2017650321125984,0,0
18,10,0.37675207257270815,0,0
18,11,0.559123907983303,1,0
18,12,0.6222861707210541,1,0
18,13,0.5871544852852821,1,0
18,14,0.5289250090718269,1,0
18,15,0.4661915138363838,1,0
18,17,0.5661878183484077,1,0
18,18,0.7415335953235627,1,0
18,19,0.8798821330070495,1,0
18,20,0.944278621673584,1,0
18,21,0.9464649796485901,1,0
18,22,0.7971722573041916,1,0
18,23,0.6093160055577755,1,0
18,24,0.4235431782901287,0,0
18,25,0.23238576324656607,0,0
18,26,0.05525371390394866,0,0
18,27,0.0118891432415694,0,0
18,28,0.007005004351958633,0,0
18,29,0.005695113865658641,0,0
18,30,0.010637271264567972,0,0
18,31,0.012289963662624359,0,0
18,32,0.010808198666200041,0,0
18,33,0.01029325001873076,0,0
18,34,0.00956416055560112,0,0
18,35,0.005328991357237101,0,0
18,36,0.004435341618955135,0,0
18,38,0.00884324829094112,0,0
18,39,0.012295087426900863,0,0
18,40,0.017591390665620564,0,0
18,41,0.025758464075624942,0,0
18,42,0.025471804291009904,0,0
18,43,0.022278129262849687,0,0
18,44,0.018849764950573444,0,0
18,45,0.013459781929850579,0,0
18,46,0.006123599782586098,0,0
18,47,0.018284840509295464,0,0
18,48,0.02353016515262425,0,0
18,49,0.023652400961145757,0,0
18,50,0.02417688430286944,0,0
18,52,0.014903726661577821,0,0
18,53,0.01765851625241339,0,0
18,55,0.046168841794133185,0,0
18,56,0.0529610637575388,0,0
18,57,0.09850890710949897,0,0
18,58,0.14621872082352638,0,0
18,59,0.2600439555943012,0,0
18,60,0.42017515152692797,0,0
18,61,0.6006296157836915,1,0
18,62,0.7193156540393829,1,0
18,63,0.8282083392143249,1,0
18,64,0.8684077858924866,1,0
18,65,0.8769141912460328,1,0
18,66,0.8664859533309937,1,0
18,67,0.8908554196357727,1,0
18,68,0.9105132222175598,1,0
18,70,0.9220081210136414,1,0
18,71,0.9381359457969666,1,0
18,72,0.9409699082374573,1,0
18,73,0.944569993019104,1,0
18,74,0.9511788249015808,1,0
18,75,0.8541245698928833,1,0
18,76,0.6603580370545388,1,0
18,77,0.49349615424871446,1,0
18,78,0.327486027777195,0,0
18,79,0.21824395805597305,0,0
18,80,0.31351052671670915,0,0
18,81,0.5095011949539184,1,0
18,82,0.6810783177614212,1,0
18,83,0.8581682682037354,1,0
18,84,0.9796707630157471,1,0
18,85,0.9969050407409668,1,0
18,86,0.9969406247138977,1,0
18,87,0.9978496313095093,1,0
18,88,0.997155737876892,1,0
18,89,0.9965810656547547,1,0
18,90,0.9954777956008911,1,0
18,91,0.994534182548523,1,0
18,92,0.99446542263031,1,0
18,93,0.9950215458869934,1,0
18,94,0.9954278349876404,1,0
18,96,0.9972076177597046,1,0
18,97,0.9966267228126526,1,0
18,99,0.9683858275413513,1,0
18,100,0.9335954666137696,1,0
18,101,0.8680551409721374,1,0
18,102,0.8550559043884277,1,0
18,103,0.8569090247154236,1,0
18,104,0.8821787238121033,1,0
18,105,0.9173291563987732,1,0
18,106,0.9831335067749023,1,0
18,107,0.9970933675765992,1,0
18,108,0.9982082724571228,1,0
18,110,0.9985514760017395,1,0
18,111,0.9986085057258606,1,0
18,112,0.9986724734306336,1,0
18,113,0.99870845079422,1,0
18,115,0.9981526136398315,1,0
18,116,0.9967139363288879,1,0
18,117,0.9895779132843018,1,0
18,118,0.9806725740432739,1,0
18,119,0.9444861650466919,1,0
18,120,0.8461756944656372,1,1
18,121,0.8380186319351196,1,1
18,122,0.8440611243247986,1,1
18,123,0.8501773715019226,1,1
18,124,0.8834212064743042,1,1
18,125,0.9784362316131592,1,1
18,126,0.9565555572509765,1,1
18,127,0.9445523738861084,1,1
18,128,0.9355536580085755,1,1
18,129,0.9285207867622376,1,1
18,130,0.9313583850860596,1,1
18,131,0.9627779483795166,1,1
18,132,0.9758012771606446,1,1
18,133,0.9876569628715515,1,1
18,134,0.9978479981422425,1,1
18,135,0.9985062956809998,1,1
18,136,0.9978266954421997,1,1
18,137,0.9962181687355042,1,1
18,138,0.9772458910942078,1,1
18,139,0.8772778868675232,1,1
18,140,0.6886552698910237,1,1
18,141,0.4909198496490717,1,1
18,142,0.29926580376923084,0,1
18,143,0.15457960553467273,0,1
18,144,0.08892100937664509,0,1
18,145,0.0826608806848526,0,1
18,146,0.08365121763199568,0,1
18,147,0.07772972178645432,0,1
18,148,0.04401489687152207,0,1
18,149,0.01142681329511106,0,1
18,150,0.007281106431037188,0,1
18,151,0.011226906534284353,0,1
18,152,0.022477565007284282,0,1
18,153,0.04454341609962285,0,1
18,154,0.047346384404227136,0,1
18,155,0.07872183062136173,0,1
18,156,0.1220043107867241,0,1
18,157,0.2997362069785595,0,1
18,158,0.4716220282018185,1,1
18,159,0.6664782166481018,1,1
18,160,0.8337379992008209,1,1
18,161,0.9834566354751587,1,1
18,162,0.9746707439422607,1,1
18,163,0.960957658290863,1,1
18,164,0.9384773015975952,1,1
18,165,0.7510752193629742,1,1
18,166,0.5568042930215598,1,1
18,167,0.4054216381162405,0,1
18,168,0.27848159037530423,0,1
18,169,0.12052684091031551,0,1
18,170,0.19050951339304448,0,1
18,171,0.1953789472579956,0,1
18,172,0.17127097621560097,0,1
18,173,0.12116322629153728,0,1
18,174,0.1082789920270443,0,1
18,175,0.026897056493908167,0,1
18,176,0.021346187335439026,0,1
18,177,0.01977282902225852,0,1
18,178,0.015824728878214955,0,1
18,179,0.0023761061020195484,0,1
19,1,0.00012754101771861315,0,0
19,2,0.000163103366503492,0,0
19,3,0.00016243429490714334,0,0
19,5,0.0006880095694214106,0,0
19,6,0.0008210225816583261,0,0
19,7,0.0008739675191463903,0,0
19,8,0.0008788198174443096,0,0
19,9,0.0004912091622827575,0,0
19,10,0.0003556423034751788,0,0
19,11,0.00022991962323430925,0,0
19,12,0.00016716652316972613,0,0
19,13,0.00026104660355485976,0,0
19,14,0.0002674773568287492,0,0
19,15,0.00026666196063160894,0,0
19,16,0.0002700470940908417,0,0
19,17,0.0002959953446406871,0,0
19,19,0.00018634841835591943,0,0
19,20,0.00017629349604249002,0,0
19,21,0.0001642182091018185,0,0
19,22,0.00012508507643360645,0,0
19,23,0.00012147998641012236,0,0
19,25,0.00010379767627455294,0,0
19,26,9.696487832115963e-05,0,0
19,27,9.349672036478296e-05,0,0
19,28,9.561785700498148e-05,0,0
19,29,0.00011067947198171169,0,0
19,30,0.0001307808852288872,0,0
19,31,0.00015994506975403056,0,0
19,32,0.00022283708531176672,0,0
19,33,0.0002323372318642214,0,0
19,34,0.0002370593196246773,0,0
19,35,0.00021583530906355008,0,0
19,36,0.00018749336304608734,0,0
19,37,0.00011607188935158774,0,0
19,38,9.976881119655445e-05,0,0
19,39,7.954233296914026e-05,0,0
19,41,7.142955582821742e-05,0,0
19,42,7.462369976565241e-05,0,0
19,43,7.302179874386638e-05,0,0
19,44,7.338601571973413e-05,0,0
19,45,7.481411594199017e-05,0,0
19,46,7.52263396861963e-05,0,0
19,47,7.845241634640843e-05,0,0
19,48,8.064690046012401e-05,0,0
19,49,7.940242358017713e-05,0,0
19,50,7.903765945229679e-05,0,0
19,51,8.655743877170608e-05,0,0
19,52,0.00010849524987861514,0,0
19,53,0.00026280863385181875,0,0
19,54,0.0007835298049030826,0,0
19,55,0.012771333831187804,0,0
19,56,0.04108069813810289,0,0
19,57,0.04588368776021525,0,0
19,58,0.046859199972823264,0,0
19,59,0.04689903520047665,0,0
19,60,0.035045231564436105,0,0
19,61,0.006888921465724706,0,0
19,62,0.00229610837996006,0,0
19,63,0.001886487239971757,0,0
19,64,0.001809798227623105,0,0
19,66,0.0019279330503195525,0,0
19,67,0.0017926368163898587,0,0
19,68,0.0010887160082347692,0,0
19,69,0.0006499104725662619,0,0
19,70,0.00047436505556106565,0,0
19,71,0.00033421513508073984,0,0
19,72,0.00028109021368436513,0,0
19,73,0.0004676270124036819,0,0
19,74,0.0006860091467387974,0,0
19,75,0.000841572176432237,0,0
19,76,0.0009987328667193651,0,0
19,77,0.0013851369032636285,0,0
19,78,0.0013045609463006257,0,0
19,79,0.0012488158186897635,0,0
19,80,0.0024240003433078526,0,0
19,81,0.002921087550930679,0,0
19,82,0.0027644564164802433,0,0
19,83,0.0030316262040287257,0,0
19,84,0.0033828000538051128,0,0
19,85,0.0024416766129434107,0,0
19,86,0.002119344985112548,0,0
19,87,0.0022464172448962926,0,0
19,88,0.003331330185756087,0,0
19,89,0.006538286618888378,0,0
19,90,0.010474194586277009,0,0
19,91,0.018828487396240233,0,0
19,92,0.028256113082170485,0,0
19,93,0.03125625625252724,0,0
19,94,0.031672392040491104,0,0
19,95,0.04436136968433857,0,0
19,96,0.04117005653679371,0,0
19,97,0.03208885677158833,0,0
19,98,0.028266933932900428,0,0
19,99,0.02437747810035944,0,0
19,100,0.007989184372127056,0,0
19,101,0.0038028061389923096,0,0
19,102,0.01062147542834282,0,0
19,103,0.027478504180908202,0,0
19,104,0.057539807818830016,0,0
19,105,0.06639734972268344,0,0
19,106,0.07464034706354142,0,0
19,107,0.07373086735606194,0,0
19,108,0.06762657538056374,0,0
19,109,0.0567048154771328,0,0
19,110,0.06156943216919899,0,0
19,111,0.05535226054489613,0,0
19,112,0.05214005932211876,0,0
19,113,0.04150657691061497,0,0
19,114,0.022590784681960942,0,0
19,115,0.008317142189480365,0,0
19,116,0.01164637936744839,0,0
19,117,0.009711206261999904,0,0
19,119,0.10679506023880095,1,0
19,120,0.30441314140334724,1,1
19,121,0.493490840587765,1,1
19,122,0.6917291462421418,1,1
19,123,0.8610184133052826,1,1
19,124,0.9927231907844544,1,1
19,125,0.9945110201835632,1,1
19,126,0.9983588218688965,1,1
19,127,0.9980805873870849,1,1
19,128,0.9977706909179688,1,1
19,129,0.9976360201835632,1,1
19,130,0.9976951003074646,1,1
19,131,0.9974456310272217,1,1
19,132,0.9976323843002319,1,1
19,133,0.9980989336967468,1,1
19,135,0.9987438678741455,1,1
19,136,0.9989307045936584,1,1
19,137,0.9965354323387146,1,1
19,138,0.9947575449943542,1,1
19,139,0.9874198794364929,1,1
19,140,0.8856018424034119,1,1
19,141,0.8832980990409851,1,1
19,142,0.8852122187614441,1,1
19,143,0.874942147731781,1,1
19,144,0.8727261185646057,1,1
19,145,0.9728021860122681,1,1
19,146,0.974698007106781,1,1
19,147,0.97105952501297,1,1
19,148,0.9830471754074097,1,1
19,149,0.9922961950302124,1,1
19,150,0.9934735298156738,1,1
19,152,0.996076500415802,1,1
19,153,0.9947822213172912,1,1
19,154,0.9943179845809936,1,1
19,155,0.9932442426681518,1,1
19,156,0.9919321298599243,1,1
19,157,0.9895964622497558,1,1
19,158,0.9888650178909302,1,1
19,159,0.9857751250267028,1,1
19,160,0.9846765398979187,1,1
19,161,0.9863258242607117,1,1
19,162,0.9865585327148437,1,1
19,163,0.986902379989624,1,1
19,164,0.9896045446395874,1,1
19,165,0.9913348913192749,1,1
19,166,0.9910940885543823,1,1
19,167,0.9935385227203369,1,1
19,169,0.9950994729995728,1,1
19,170,0.9918960571289063,1,1
19,171,0.9820799231529236,1,1
19,172,0.8817057132720947,1,1
19,173,0.8050791501998902,1,1
19,174,0.8050831317901611,1,1
19,175,0.8091601252555847,1,1
19,176,0.7757997810840607,1,1
19,177,0.8692735632260641,1,1
19,178,0.9961988031864166,1,1
19,179,0.9990984797477722,1,1
20,0,0.0013537536142393947,0,0
20,2,0.0037692244707917175,0,0
20,3,0.0056635534565430135,0,0
20,4,0.019278006418608128,0,0
20,5,0.08856134619563819,0,0
20,6,0.11507088039070368,1,0
20,7,0.14148402344435454,1,0
20,8,0.15589999705553054,1,0
20,9,0.1430104948580265,1,0
20,10,0.07577671892940999,0,0
20,11,0.04965179460123181,0,0
20,12,0.022581083327531816,0,0
20,13,0.006512191891670227,0,0
20,14,0.005280933389440179,0,0
20,15,0.004697355302050709,0,0
20,16,0.005525101674720645,0,0
20,17,0.008034794079139828,0,0
20,18,0.01139330086298287,0,0
20,19,0.012652193754911422,0,0
20,20,0.01213947981595993,0,0
20,21,0.011661018151789904,0,0
20,22,0.00895914938300848,0,0
20,23,0.005582019919529557,0,0
20,24,0.00418325918726623,0,0
20,25,0.0034453165717422962,0,0
20,26,0.0024636128917336466,0,0
20,27,0.0024069262202829123,0,0
20,28,0.002010522969067097,0,0
20,29,0.0017614334356039762,0,0
20,30,0.0014737457735463978,0,0
20,32,0.0009111864143051207,0,0
20,34,0.0007462762354407459,0,0
20,35,0.0006714729068335145,0,0
20,36,0.0006786487938370556,0,0
20,37,0.0008087457215879112,0,0
20,38,0.001084014883963391,0,0
20,39,0.0016718360246159136,0,0
20,40,0.0021151510532945394,0,0
20,41,0.0026703750947490333,0,0
20,42,0.003224901342764497,0,0
20,43,0.003971876669675111,0,0
20,44,0.010068118758499622,0,0
20,45,0.02281560646370053,0,0
20,46,0.04032476944848895,0,0
20,47,0.04262971533462405,0,0
20,48,0.04216524255461991,0,0
20,49,0.035602434538304806,0,0
20,50,0.022683401079848408,0,0
20,51,0.0048305804142728444,0,0
20,52,0.002112093404866755,0,0
20,53,0.0022129080025479198,0,0
20,54,0.004068582621403039,0,0
20,55,0.005839600856415927,0,0
20,56,0.005653029354289174,0,0
20,57,0.0053125501435715705,0,0
20,58,0.004528973175911233,0,0
20,59,0.002480592502979562,0,0
20,61,0.0002519637462683022,0,0
20,62,0.0003125058312434703,0,0
20,63,0.00029779845208395274,0,0
20,64,0.0004169485793681815,0,0
20,65,0.00044647449685726316,0,0
20,66,0.0012593936786288395,0,0
20,67,0.01387138819845859,0,0
20,68,0.027955601230496542,0,0
20,69,0.14591869169962593,1,0
20,70,0.3169101796112955,1,0
20,71,0.3261299766600132,1,0
20,72,0.3164034316316247,1,0
20,73,0.30418211705982684,1,0
20,74,0.20119466222822666,1,0
20,75,0.1395842257887125,1,0
20,76,0.29357135854661465,1,0
20,77,0.4892491290345788,1,0
20,78,0.6870842352509499,1,0
20,79,0.8716560244560242,1,0
20,81,0.9954726099967957,1,0
20,82,0.8993814587593079,1,0
20,83,0.7149064764380455,1,0
20,84,0.5220619209110737,1,0
20,85,0.3307747170329094,1,0
20,86,0.14181939586997033,1,0
20,87,0.043327755853533746,0,0
20,88,0.031397738680243495,0,0
20,89,0.05179492868483067,0,0
20,90,0.0612625639885664,0,0
20,91,0.0558431725949049,0,0
20,92,0.055112047120928764,0,0
20,93,0.05205126712098718,0,0
20,94,0.02487433878122829,0,0
20,95,0.00823816989432089,0,0
20,96,0.004012318834429607,0,0
20,97,0.0009171007142867893,0,0
20,98,0.0011245532368775457,0,0
20,99,0.0020582768600434067,0,0
20,100,0.003680411237291992,0,0
20,101,0.005543813202530145,0,0
20,102,0.007473561959341168,0,0
20,103,0.06351631609722971,0,0
20,104,0.0688904944807291,0,0
20,106,0.06970854003448039,0,0
20,107,0.0676487731630914,0,0
20,108,0.01123682075412944,0,0
20,109,0.004909533084719442,0,0
20,110,0.0006960353668546305,0,0
20,111,0.0003720740729477257,0,0
20,112,0.000252889288822189,0,0
20,113,0.00016611460596323014,0,0
20,114,0.00015348022861871868,0,0
20,115,0.0001347365934634581,0,0
20,116,0.0001453078119084239,0,0
20,117,0.00021281599765643477,0,0
20,118,0.0002994665584992617,0,0
20,119,0.0003858288924675435,0,0
20,120,0.000582111201947555,0,1
20,122,0.0006516844674479217,0,1
20,123,0.0006265016971156001,0,1
20,124,0.0006665895110927522,0,1
20,125,0.0005226349516306072,0,1
20,127,0.0004896237107459456,0,1
20,128,0.0006579068722203374,0,1
20,129,0.0008442643797025084,0,1
20,130,0.0009915881615597754,0,1
20,131,0.0009905672282911836,0,1
20,132,0.0009571814851369708,0,1
20,133,0.0007639667426701635,0,1
20,134,0.0004443790967343375,0,1
20,135,0.0002492675528628752,0,1
20,137,0.00017747963720466943,0,1
20,138,0.00016537615447305144,0,1
20,139,0.00019590001029428094,0,1
20,140,0.0002629252645419911,0,1
20,141,0.0003367628814885393,0,1
20,142,0.0004452361114090309,0,1
20,143,0.0005149296834133565,0,1
20,144,0.0005630109284538775,0,1
20,145,0.0005225864064414054,0,1
20,146,0.00046664709225296974,0,1
20,147,0.00038073938339948653,0,1
20,148,0.0003941204980947077,0,1
20,149,0.00036771584418602286,0,1
20,150,0.00034834445687010885,0,1
20,151,0.0003310180938569829,0,1
20,152,0.0003022555698407814,0,1
20,153,0.00019906252273358405,0,1
20,154,0.00014748183311894537,0,1
20,155,0.00014098892570473253,0,1
20,156,0.00015595910663250833,0,1
20,157,0.00018698750354815275,0,1
20,158,0.00023191645159386097,0,1
20,159,0.0002762719464953989,0,1
20,160,0.0003286132821813226,0,1
20,161,0.000393946492113173,0,1
20,162,0.0004283391288481653,0,1
20,163,0.0004794316249899566,0,1
20,164,0.000507850234862417,0,1
20,165,0.000488662050338462,0,1
20,166,0.0004525052208919078,0,1
20,167,0.00041545400163158777,0,1
20,168,0.0003461287124082446,0,1
20,169,0.00028975037857890127,0,1
20,170,0.00027977265417575834,0,1
20,172,0.0002264505863422528,0,1
20,173,0.00020396214385982604,0,1
20,174,0.00022580116346944125,0,1
20,175,0.0002598566672531888,0,1
20,176,0.0002782018927973695,0,1
20,177,0.0003049398073926568,0,1
20,178,0.00038188636244740337,0,1
20,179,0.00042825291166082025,0,1
21,0,0.00030207063537091017,0,1
21,1,0.00036930505302734673,0,1
21,2,0.0003542519019295772,0,1
21,3,0.00032149478647625074,0,1
21,4,0.0003134632541332394,0,1
21,5,0.0002937409619335085,0,1
21,6,0.0002419405966065824,0,1
21,7,0.0002029176219366491,0,1
21,8,0.0001847966603236273,0,1
21,9,0.00015212961152428762,0,1
21,10,0.00013487826217897236,0,1
21,11,0.00012705798435490577,0,1
21,12,0.0001368189725326374,0,1
21,13,0.00013836566649843006,0,1
21,14,0.00015306360000977293,0,1
21,15,0.00017414329922758043,0,1
21,16,0.00019112291920464486,0,1
21,17,0.0002101085876347497,0,1
21,18,0.00022664979042019695,0,1
21,19,0.0002340794075280428,0,1
21,20,0.00023404185485560448,0,1
21,21,0.00022875235590618103,0,1
21,22,0.00021173619606997817,0,1
21,23,0.00020930077880620956,0,1
21,24,0.0002088646055199206,0,1
21,25,0.00019650041940622032,0,1
21,26,0.00019385782070457935,0,1
21,27,0.00019831660902127623,0,1
21,28,0.00018608426325954496,0,1
21,29,0.0001701403787592426,0,1
21,30,0.00016123911773320289,0,1
21,31,0.00015527501236647367,0,1
21,32,0.0001453370467061177,0,1
21,33,0.0001400655135512352,0,1
21,34,0.00013989858853165061,0,1
21,35,0.0001414954604115337,0,1
21,36,0.0001434850157238543,0,1
21,37,0.00014640365552622824,0,1
21,38,0.00016101839719340205,0,1
21,39,0.00016829179658088832,0,1
21,40,0.00017208578647114335,0,1
21,41,0.00016905068478081375,0,1
21,42,0.000159757788060233,0,1
21,43,0.00014785468520130962,0,1
21,44,0.00014195485564414412,0,1
21,45,0.00018671177967917175,0,1
21,46,0.00023289996606763453,0,1
21,47,0.0002450554340612143,0,1
21,48,0.0002643279935000464,0,1
21,49,0.00026986883603967725,0,1
21,50,0.0002353425370529294,0,1
21,51,0.00018665718089323492,0,1
21,52,0.00018081498565152286,0,1
21,53,0.00015942271274980158,0,1
21,54,0.00015961267636157572,0,1
21,56,0.0002760712493909523,0,1
21,57,0.0004087331471964717,0,1
21,58,0.0011656315909931436,0,1
21,59,0.009948179055936635,0,1
21,60,0.034196498000528666,0,0
21,61,0.0423306247103028,0,0
21,62,0.045539313927292824,0,0
21,63,0.047397118993103504,0,0
21,64,0.04503234643489122,0,0
21,65,0.03712973464280367,0,0
21,66,0.044084596820175646,0,0
21,67,0.054690724425017836,0,0
21,69,0.07704768031835556,0,0
21,70,0.07311675250530243,0,0
21,71,0.07023594304919242,0,0
21,72,0.06543904989957809,0,0
21,73,0.05335272140800953,0,0
21,74,0.03694046651944518,0,0
21,75,0.02653723144903779,0,0
21,76,0.014319158939179033,0,0
21,77,0.005429700354579836,0,0
21,78,0.005226619506720454,0,0
21,79,0.010457394330296665,0,0
21,80,0.04318749817321077,0,0
21,81,0.22964854326564818,1,0
21,82,0.42371257655322553,1,0
21,83,0.6164020489901304,1,0
21,84,0.8072685867547988,1,0
21,85,0.9692608833312988,1,0
21,86,0.9751692533493042,1,0
21,87,0.966659152507782,1,0
21,88,0.9516862034797668,1,0
21,89,0.9374321937561035,1,0
21,90,0.9319481968879699,1,0
21,92,0.9417703747749329,1,0
21,93,0.9538914322853088,1,0
21,94,0.9637533307075501,1,0
21,95,0.9571351170539856,1,0
21,96,0.9542199492454528,1,0
21,97,0.9500414133071899,1,0
21,98,0.9519969463348389,1,0
21,99,0.9489249348640442,1,0
21,100,0.954666256904602,1,0
21,101,0.9485934376716614,1,0
21,102,0.9424965381622314,1,0
21,104,0.94319988489151,1,0
21,105,0.9458000421524048,1,0
21,106,0.9565329909324646,1,0
21,107,0.9657742738723755,1,0
21,110,0.9788889765739441,1,0
21,111,0.9806084871292114,1,0
21,112,0.9844345688819885,1,0
21,113,0.9859992146492005,1,0
21,114,0.9726667165756225,1,0
21,115,0.9562223196029663,1,0
21,116,0.8573453485965729,1,0
21,117,0.6978638350963593,1,0
21,118,0.5018840138800442,1,0
21,119,0.31872904421761633,1,0
21,120,0.13871424002572894,1,0
21,121,0.04221734888851643,0,0
21,122,0.004363841004669666,0,0
21,123,0.0039187585934996605,0,0
21,124,0.0035581037402153013,0,0
21,125,0.0033135682344436644,0,0
21,128,0.0023636620957404376,0,0
21,130,0.0015891615184955299,0,0
21,131,0.001134998386260122,0,0
21,132,0.0007864257437177003,0,0
21,133,0.0007478912710212171,0,0
21,134,0.0007438150933012366,0,0
21,135,0.0008865290554240346,0,0
21,136,0.0016543705249205231,0,0
21,137,0.0026074472814798357,0,0
21,138,0.004092400358058512,0,0
21,139,0.008614126290194691,0,0
21,140,0.013602137845009566,0,0
21,141,0.016450337413698436,0,0
21,142,0.01908157076686621,0,0
21,143,0.02119443565607071,0,0
21,144,0.018032590951770545,0,0
21,145,0.014426608104258776,0,0
21,146,0.011054834676906466,0,0
21,147,0.00836844346486032,0,0
21,148,0.005275616468861699,0,0
21,149,0.0049348760861903426,0,0
21,150,0.004610379179939628,0,0
21,151,0.005909822229295969,0,0
21,152,0.0056384759023785595,0,0
21,153,0.005271456926129759,0,0
21,154,0.004312753980048001,0,0
21,155,0.003279689489863813,0,0
21,156,0.001741860865149647,0,0
21,157,0.0013687616563402116,0,0
21,158,0.0016269021318294108,0,0
21,159,0.0018268438172526658,0,0
21,160,0.0024233680800534786,0,0
21,161,0.0028957869159057736,0,0
21,162,0.0030619151424616576,0,0
21,163,0.0032673073466867207,0,0
21,164,0.003953408496454358,0,0
21,166,0.004505425319075584,0,0
21,167,0.005283571127802133,0,0
21,168,0.0055937238968908785,0,0
21,169,0.005279666092246771,0,0
21,170,0.0046815951354801655,0,0
21,171,0.004465347016230225,0,0
21,172,0.003939000004902482,0,0
21,173,0.0033147478476166724,0,0
21,174,0.0033074768260121347,0,0
21,175,0.004135312512516975,0,0
21,176,0.004302612680476159,0,0
21,177,0.004402227622146408,0,0
21,178,0.005365553544834256,0,0
21,179,0.006679208017885685,0,0
22,0,0.5477828979492188,1,1
22,1,0.4126879423856735,1,1
22,3,0.2507832935079932,1,1
22,4,0.20100194606930016,1,1
22,5,0.09157462809234858,0,1
22,6,0.03611064504948445,0,1
22,7,0.004619110020576045,0,1
22,8,0.0006898949970491231,0,1
22,10,0.0002642770385136828,0,1
22,11,0.000259706363431178,0,1
22,12,0.0002499042631825432,0,1
22,14,0.000205101422034204,0,1
22,15,0.00019570918811950833,0,1
22,16,0.00017610939976293595,0,1
22,17,0.00022984852839726954,0,1
22,18,0.00026169713237322867,0,1
22,20,0.0003249471134040505,0,1
22,21,0.0004640324506908655,0,1
22,22,0.0005564491730183363,0,1
22,23,0.0006731863075401634,0,1
22,24,0.0014409005176275968,0,1
22,25,0.0014590389910154045,0,1
22,26,0.0013405223609879613,0,1
22,27,0.0011780769302276895,0,1
22,28,0.0010156601638300344,0,1
22,29,0.00022990377910900862,0,1
22,30,0.00014970621414249762,0,1
22,31,0.00012426249595591797,0,1
22,32,0.00011810361174866558,0,1
22,33,0.00012539811432361604,0,1
22,34,0.00012825552257709206,0,1
22,35,0.00013366067287279293,0,1
22,36,0.00013619138189824298,0,1
22,37,0.00013700882554985584,0,1
22,38,0.00012762193655362352,0,1
22,39,0.00013041336060268805,0,1
22,40,0.00012987856607651337,0,1
22,41,0.00012815358204534277,0,1
22,42,0.00012883179442724213,0,1
22,43,0.00013605836138594896,0,1
22,44,0.00014142963918857278,0,1
22,45,0.00015542180044576527,0,1
22,46,0.00016363579488825052,0,1
22,47,0.00017696284630801528,0,1
22,48,0.00018222063372377306,0,1
22,49,0.00017089395551010965,0,1
22,50,0.00015377814997918904,0,1
22,51,0.00014000874944031239,0,1
22,52,0.00012463146849768237,0,1
22,53,0.00010800777672557161,0,1
22,54,0.0001187439207569696,0,1
22,55,0.00011679365125019103,0,1
22,56,0.0001947970187757164,0,1
22,57,0.0005347421087208204,0,1
22,58,0.03371661146375118,0,1
22,59,0.21555340310005705,1,1
22,60,0.4142881265259348,1,0
22,61,0.6053943883161992,1,0
22,62,0.7699053943157196,1,0
22,63,0.8914062261581421,1,0
22,64,0.7528232783079147,1,0
22,65,0.7205587834119797,1,0
22,66,0.5698181509971618,1,0
22,67,0.4425272524356842,1,0
22,68,0.3125972911715508,1,0
22,69,0.28582812994718554,1,0
22,70,0.18049945086240768,1,0
22,71,0.2894976273179054,1,0
22,72,0.42398232966661453,1,0
22,73,0.4802154809236526,1,0
22,74,0.5811412990093231,1,0
22,75,0.7050499975681305,1,0
22,76,0.7354549109935761,1,0
22,77,0.6958512246608735,1,0
22,78,0.6529529720544816,1,0
22,79,0.5367872861213983,1,0
22,80,0.3524835040792823,1,0
22,81,0.17488224282860756,1,0
22,82,0.04341285973787308,0,0
22,83,0.016982421278953552,0,0
22,84,0.058597833197563884,0,0
22,85,0.0852327624335885,0,0
22,86,0.2541663281619549,1,0
22,87,0.4074793949723244,1,0
22,88,0.5622863382101059,1,0
22,89,0.7117047190666199,1,0
22,90,0.8800486326217651,1,0
22,91,0.768863183259964,1,0
22,92,0.6316777735948562,1,0
22,93,0.5561118572950363,1,0
22,94,0.41020217537879944,1,0
22,95,0.24083836674690245,1,0
22,96,0.2768186628818512,1,0
22,97,0.45021043717861176,1,0
22,98,0.502616086602211,1,0
22,99,0.5378693163394928,1,0
22,100,0.5685163617134095,1,0
22,101,0.6132120430469513,1,0
22,102,0.5314942538738251,1,0
22,103,0.5560231983661652,1,0
22,105,0.8066923499107361,1,0
22,106,0.8560757040977478,1,0
22,107,0.9444086790084839,1,0
22,108,0.9754052281379699,1,0
22,109,0.9785311818122864,1,0
22,110,0.9830576658248902,1,0
22,111,0.9913641214370728,1,0
22,112,0.9889144539833069,1,0
22,113,0.9743878245353699,1,0
22,114,0.9460533857345581,1,0
22,115,0.7878296941518783,1,0
22,116,0.5898824814241379,1,0
22,117,0.3952497452613898,1,0
22,118,0.21095052003220188,1,0
22,119,0.040112072450574486,0,0
22,120,0.0005399294372182339,0,0
22,121,0.0001227350439876318,0,0
22,122,8.943215798353776e-05,0,0
22,124,7.622338744113221e-05,0,0
22,125,6.560679757967591e-05,0,0
22,126,6.00733001192566e-05,0,0
22,127,5.811518858536147e-05,0,0
22,128,5.5108036031015216e-05,0,0
22,129,5.5224841344170275e-05,0,0
22,131,6.272048412938602e-05,0,0
22,132,6.681495506200008e-05,0,0
22,133,7.149990124162286e-05,0,0
22,134,7.107539131538943e-05,0,0
22,135,6.97109404427465e-05,0,0
22,136,6.76537529216148e-05,0,0
22,137,6.719889206578955e-05,0,0
22,138,6.704946863465012e-05,0,0
22,139,7.112914463505148e-05,0,0
22,140,7.354090703302064e-05,0,0
22,141,7.486379327019677e-05,0,0
22,142,7.36121364752762e-05,0,0
22,143,7.417560555040836e-05,0,0
22,145,7.883570942794904e-05,0,0
22,146,8.305971859954298e-05,0,0
22,147,8.793631859589368e-05,0,0
22,148,8.873408514773474e-05,0,0
22,149,8.8698195759207e-05,0,0
22,150,8.676535653648899e-05,0,0
22,151,8.432573958998546e-05,0,0
22,153,8.284116483991966e-05,0,0
22,154,8.734857838135212e-05,0,0
22,155,9.078968141693622e-05,0,0
22,156,9.249329013982788e-05,0,0
22,157,9.515888523310423e-05,0,0
22,158,9.420449350727722e-05,0,0
22,159,9.045642509590835e-05,0,0
22,160,8.855172200128436e-05,0,0
22,161,9.304890554631128e-05,0,0
22,162,9.581899648765102e-05,0,0
22,163,9.27078814129345e-05,0,0
22,164,9.547349764034152e-05,0,0
22,165,9.754438215168194e-05,0,0
22,166,9.787868038984016e-05,0,0
22,167,9.564070351189002e-05,0,0
22,168,9.453364327782765e-05,0,0
22,169,9.037075651576742e-05,0,0
22,170,8.457610092591495e-05,0,0
22,171,7.92132646893151e-05,0,0
22,172,7.835664291633293e-05,0,0
22,174,8.259018795797601e-05,0,0
22,175,8.261970651801676e-05,0,0
22,176,8.283951319754124e-05,0,0
22,177,8.283365605166182e-05,0,0
22,178,7.425926014548168e-05,0,0
22,179,7.133311737561598e-05,0,0
23,0,0.23449233174324036,1,0
23,1,0.22941502928733826,1,0
23,2,0.22646158933639526,1,0
23,3,0.25995006412267685,1,0
23,4,0.3021322786808014,1,0
23,5,0.4156468391418457,1,0
23,6,0.5275099217891693,1,0
23,7,0.6493265092372894,1,0
23,8,0.7350584149360657,1,0
23,9,0.8229636669158935,1,0
23,10,0.8438128352165222,1,0
23,11,0.8767306804656982,1,0
23,12,0.901393461227417,1,0
23,13,0.9302228212356567,1,0
23,14,0.9365663409233094,1,0
23,15,0.9222470402717591,1,0
23,16,0.8975999593734741,1,0
23,17,0.8869410753250122,1,0
23,18,0.8796361923217774,1,0
23,19,0.8813580989837646,1,0
23,20,0.9090183138847351,1,0
23,21,0.9382965803146363,1,0
23,22,0.9495589852333068,1,0
23,23,0.9613921284675598,1,0
23,24,0.9430279850959777,1,0
23,25,0.9038057923316956,1,0
23,26,0.8541352272033691,1,0
23,27,0.8231362104415894,1,0
23,28,0.7582155942916871,1,0
23,29,0.74905446767807,1,0
23,30,0.7738958120346069,1,0
23,32,0.8495487093925476,1,0
23,33,0.9112897276878357,1,0
23,34,0.9391468167304993,1,0
23,35,0.9519266247749328,1,0
23,36,0.953452730178833,1,0
23,37,0.955898916721344,1,0
23,38,0.9617718935012818,1,0
23,39,0.9629531383514405,1,0
23,40,0.9547476410865784,1,0
23,41,0.9552274823188782,1,0
23,42,0.951181948184967,1,0
23,44,0.9526580691337585,1,0
23,45,0.9546998739242554,1,0
23,46,0.9429467558860779,1,0
23,47,0.929583752155304,1,0
23,48,0.8933117628097534,1,0
23,49,0.8616352438926697,1,0
23,50,0.8519291877746582,1,0
23,51,0.8546079754829407,1,0
23,52,0.8571836233139039,1,0
23,53,0.8767515301704407,1,0
23,54,0.9065182924270629,1,0
23,55,0.923396635055542,1,0
23,56,0.9356107354164124,1,0
23,57,0.9480852842330932,1,0
23,58,0.9384791731834412,1,0
23,59,0.7759173303842545,1,0
23,60,0.5877723779529334,1,0
23,61,0.39507457334548235,1,0
23,62,0.20768881868571043,1,0
23,63,0.044195445440709594,0,0
23,64,0.021754088066518306,0,0
23,65,0.03379108253866434,0,0
23,66,0.044975202158093454,0,0
23,67,0.04858374074101448,0,0
23,68,0.06336847543716431,0,0
23,69,0.07127109616994858,0,0
23,70,0.06102273762226105,0,0
23,71,0.05327739380300045,0,0
23,72,0.049690037965774536,0,0
23,73,0.033396373689174655,0,0
23,74,0.02520238794386387,0,0
23,75,0.024303095415234566,0,0
23,76,0.029986654967069627,0,0
23,78,0.03778065145015717,0,0
23,79,0.05953310988843441,0,0
23,80,0.07896530590951442,0,0
23,81,0.09744884930551052,0,0
23,82,0.10608783438801765,1,0
23,83,0.10435105711221696,1,0
23,84,0.08320014774799347,0,0
23,85,0.07015375792980194,0,0
23,86,0.047304991632699966,0,0
23,87,0.04131796732544899,0,0
23,88,0.046930795162916185,0,0
23,89,0.0543957881629467,0,0
23,90,0.04662118218839169,0,0
23,91,0.04827872253954411,0,0
23,92,0.04822368063032627,0,0
23,93,0.03836777172982693,0,0
23,94,0.02780065219849348,0,0
23,95,0.025047517754137515,0,0
23,96,0.018986779637634753,0,0
23,97,0.014640258811414241,0,0
23,98,0.015724180452525615,0,0
23,99,0.015573338977992535,0,0
23,100,0.014580783620476722,0,0
23,101,0.013453179597854614,0,0
23,102,0.011064621061086655,0,0
23,103,0.007895925361663104,0,0
23,104,0.0068213831633329395,0,0
23,105,0.006595719512552023,0,0
23,106,0.009205644112080335,0,0
23,107,0.016085769142955543,0,0
23,108,0.03450885359197855,0,0
23,109,0.06001243526116014,0,0
23,110,0.10678193792700767,1,0
23,111,0.22483489587903022,1,0
23,112,0.3488543391227722,1,0
23,113,0.40995103120803833,1,0
23,114,0.4268229603767395,1,0
23,115,0.39453173577785494,1,0
23,116,0.2895562142133713,1,0
23,117,0.18220855295658112,1,0
23,118,0.15573826134204866,1,0
23,119,0.22122523486614226,1,0
23,121,0.5096736907958984,1,1
23,122,0.6617937982082367,1,1
23,123,0.7723371863365174,1,1
23,124,0.8526003003120423,1,1
23,125,0.9070907592773437,1,1
23,126,0.9090744018554687,1,1
23,127,0.9236514806747437,1,1
23,128,0.9360796809196472,1,1
23,129,0.8825247168540955,1,1
23,130,0.7954852342605591,1,1
23,132,0.5967691242694855,1,1
23,133,0.5218957722187042,1,1
23,134,0.51061652302742,1,1
23,135,0.5630508482456207,1,1
23,136,0.5633424103260041,1,1
23,137,0.5981765270233155,1,1
23,139,0.4577622413635254,1,1
23,140,0.3327045440673828,1,1
23,141,0.30338296890258787,1,1
23,144,0.5824554324150085,1,1
23,145,0.7269890308380127,1,1
23,146,0.7753853797912598,1,1
23,147,0.7674981355667114,1,1
23,148,0.676837158203125,1,1
23,149,0.5835035026073456,1,1
23,150,0.4358404278755188,1,1
23,152,0.22354191392660142,1,1
23,153,0.1796866312623024,1,1
23,154,0.14402518719434737,1,1
23,155,0.23152410835027695,1,1
23,156,0.3803669705986977,1,1
23,157,0.5431987166404724,1,1
23,158,0.7098987191915512,1,1
23,159,0.875189995765686,1,1
23,160,0.9495214819908142,1,1
23,161,0.8775786399841309,1,1
23,162,0.7476381659507751,1,1
23,164,0.3707200802862644,1,1
23,165,0.18190172128379345,1,1
23,166,0.0931955736130476,0,1
23,167,0.07766122333705425,0,1
23,168,0.19990962706506252,1,1
23,169,0.31035567857325075,1,1
23,170,0.36724226772785185,1,1
23,171,0.39377979934215546,1,1
23,172,0.37964574098587034,1,1
23,173,0.25806775838136675,1,1
23,174,0.1528414987027645,1,1
23,175,0.10467485412955284,1,1
23,176,0.07872053515166044,0,1
23,177,0.06101521228750547,0,1
23,178,0.06328012235462666,0,1
23,179,0.06649786233901978,0,1
24,0,0.6460884809494019,1,1
24,1,0.6666054725646973,1,1
24,2,0.6603906551996866,1,1
24,3,0.6574731469154358,1,1
24,4,0.6506331920623779,1,1
24,5,0.6565384030342102,1,1
24,6,0.6575199604034424,1,1
24,7,0.6993298768997193,1,1
24,8,0.7412523984909057,1,1
24,9,0.7980862855911255,1,1
24,10,0.8501202702522278,1,1
24,11,0.9047969102859497,1,1
24,12,0.8438724279403687,1,1
24,13,0.7763140678405762,1,1
24,14,0.633744964003563,1,1
24,15,0.4609334722161293,0,1
24,16,0.2715310700237751,0,1
24,17,0.16828007847070695,0,1
24,18,0.0686788097023964,0,1
24,19,0.04357921034097671,0,1
24,20,0.06905037760734559,0,1
24,21,0.24972379878163337,0,1
24,22,0.4349064528942108,0,1
24,23,0.6236985743045806,1,1
24,24,0.7990970700979233,1,1
24,25,0.9535395622253418,1,1
24,26,0.9587846875190735,1,1
24,27,0.9546171069145203,1,1
24,28,0.9396426439285278,1,1
24,29,0.8914447546005249,1,1
24,30,0.8563879609107972,1,1
24,31,0.8260124444961547,1,1
24,32,0.8217933654785157,1,1
24,33,0.842149293422699,1,1
24,34,0.9007064461708069,1,1
24,35,0.9409901380538941,1,1
24,36,0.9814354658126831,1,1
24,37,0.9971487522125244,1,1
24,38,0.9977064371109009,1,1
24,39,0.9933149933815002,1,1
24,40,0.9878978490829468,1,1
24,41,0.9738650798797608,1,1
24,42,0.9385749220848083,1,1
24,43,0.922164523601532,1,1
24,44,0.9225296139717102,1,1
24,45,0.9067627549171448,1,1
24,47,0.609914454817772,1,1
24,48,0.5524172395467758,1,1
24,49,0.4250289171934128,0,1
24,50,0.35544693171978,0,1
24,51,0.4160399496555328,0,1
24,52,0.4943497061729431,0,1
24,53,0.4210959136486053,0,1
24,54,0.5189420878887177,1,1
24,55,0.5882048189640046,1,1
24,56,0.6640926778316498,1,1
24,57,0.7491061508655548,1,1
24,58,0.8835734367370606,1,1
24,60,0.7811854124069214,1,0
24,61,0.6913332998752594,1,0
24,62,0.6019697248935699,1,0
24,65,0.44982011914253234,0,0
24,66,0.41582714319229125,0,0
24,67,0.4000776171684265,0,0
24,68,0.42663736939430236,0,0
24,69,0.4204030096530914,0,0
24,70,0.34223092794418336,0,0
24,71,0.3346532344818115,0,0
24,72,0.2728131264448166,0,0
24,73,0.16104856915771962,0,0
24,74,0.08199225142598152,0,0
24,75,0.07755635306239128,0,0
24,76,0.039824281632900235,0,0
24,77,0.04602144509553909,0,0
24,78,0.05679287873208523,0,0
24,79,0.0572671864181757,0,0
24,80,0.06021948345005512,0,0
24,81,0.073220981284976,0,0
24,82,0.06741854809224605,0,0
24,83,0.085348105058074,0,0
24,84,0.1117090791463852,0,0
24,85,0.09429249437525869,0,0
24,86,0.07599891731515526,0,0
24,87,0.06744978893548251,0,0
24,88,0.035797960893251005,0,0
24,89,0.005765468976460397,0,0
24,90,0.0049948146333917975,0,0
24,91,0.0037274336209520698,0,0
24,92,0.002585241454653442,0,0
24,93,0.003523575747385621,0,0
24,94,0.006763227749615908,0,0
24,95,0.009965144656598568,0,0
24,96,0.014538023062050343,0,0
24,97,0.0194977730512619,0,0
24,98,0.0235742773860693,0,0
24,99,0.02194212581962347,0,0
24,100,0.020225552655756474,0,0
24,101,0.016650992445647717,0,0
24,102,0.01216266555711627,0,0
24,103,0.00724157402291894,0,0
24,104,0.005100641387980431,0,0
24,105,0.0032678145566023887,0,0
24,106,0.0017344996565952897,0,0
24,107,0.0012011996936053039,0,0
24,108,0.001156661962158978,0,0
24,109,0.001963833754416555,0,0
24,110,0.008094430027995259,0,0
24,111,0.04049446880817413,0,0
24,112,0.055924479640088974,0,0
24,113,0.16972224917262793,0,0
24,114,0.3455442160367966,0,0
24,115,0.49065132439136505,0,0
24,116,0.4730901584029198,0,0
24,117,0.49353938549757004,0,0
24,118,0.40230026841163635,0,0
24,119,0.2456760212779045,0,0
24,120,0.10993487387895584,0,0
24,121,0.190251225233078,0,0
24,122,0.2711839467287064,0,0
24,123,0.3372797742486,0,0
24,124,0.48869891464710236,0,0
24,125,0.590523111820221,1,0
24,126,0.5411172807216644,1,0
24,127,0.4385112524032593,0,0
24,128,0.3547358963638544,0,0
24,129,0.18355567795224487,0,0
24,130,0.067226029234007,0,0
24,131,0.02187035237438977,0,0
24,132,0.007720564166083932,0,0
24,133,0.002743227989412844,0,0
24,134,0.0026765466667711736,0,0
24,135,0.002202273765578866,0,0
24,136,0.0030861827079206707,0,0
24,137,0.020586099149659275,0,0
24,138,0.07956307053100317,0,0
24,139,0.13186425841413438,0,0
24,140,0.1396442588418722,0,0
24,141,0.13918648855760693,0,0
24,142,0.12162925978191197,0,0
24,143,0.06269809312652797,0,0
24,144,0.010284191346727312,0,0
24,145,0.001974387024529278,0,0
24,146,0.0017040871316567063,0,0
24,147,0.0021673881215974688,0,0
24,148,0.0039573073852807285,0,0
24,149,0.006430041557177901,0,0
24,150,0.010667582415044308,0,0
24,151,0.016803542152047157,0,0
24,152,0.030880506336688995,0,0
24,153,0.032761404290795326,0,0
24,154,0.031240394432097675,0,0
24,155,0.028692111279815434,0,0
24,157,0.019175585266202687,0,0
24,158,0.02114425590261817,0,0
24,159,0.03742289338260889,0,0
24,160,0.08880095966160298,0,0
24,163,0.08318542018532753,0,0
24,164,0.06603287055622786,0,0
24,165,0.013152600917965173,0,0
24,166,0.006385751953348518,0,0
24,167,0.004049838101491332,0,0
24,170,0.014674596348777413,0,0
24,171,0.016168956831097602,0,0
24,172,0.015197604056447744,0,0
24,173,0.014997249748557807,0,0
24,174,0.01669739102944732,0,0
24,175,0.0386387568898499,0,0
24,176,0.04568283341359347,0,0
24,177,0.05968287897606691,0,0
24,178,0.08326124027371407,0,0
