subject,frame_idx,pred_prob,pred_label,true_label
01,0,0.21629951894283295,0,1
01,1,0.16199369728565216,0,1
01,2,0.5007383227348328,1,1
01,3,0.7961950302124023,1,1
01,4,0.11544124037027359,0,1
01,5,0.9019945859909058,1,1
01,6,0.00978973601013422,0,1
01,7,0.10934484004974365,0,1
01,8,0.0785374715924263,0,1
01,9,0.0959763154387474,0,1
01,10,0.04604451358318329,0,1
01,11,0.07851636409759521,0,1
01,12,0.040352024137973785,0,1
01,13,0.007091886829584837,0,1
01,14,0.020983325317502022,0,1
01,15,0.0568796806037426,0,1
01,16,0.016642745584249496,0,1
01,17,0.008719058707356453,0,1
01,18,0.005291815847158432,0,1
01,19,0.015578029677271843,0,1
01,20,0.008328142575919628,0,1
01,21,0.24830998480319977,0,1
01,22,0.9038573503494263,1,1
01,23,0.5361467599868774,1,1
01,24,0.13754180073738098,0,1
01,25,0.10191450268030167,0,1
01,26,0.21712806820869446,0,1
01,27,0.36545419692993164,0,1
01,28,0.12082232534885406,0,1
01,29,0.32543066143989563,0,1
01,30,0.1780693382024765,0,1
01,31,0.23168639838695526,0,1
01,32,0.4136275053024292,0,1
01,33,0.1997249722480774,0,1
01,34,0.516548752784729,1,1
01,35,0.2392207235097885,0,1
01,36,0.5287622809410095,1,1
01,37,0.2746921479701996,0,1
01,38,0.5162639617919922,1,1
01,39,0.2934049069881439,0,1
01,40,0.21988679468631744,0,1
01,41,0.3676891624927521,0,1
01,42,0.000954076589550823,0,1
01,43,0.001360383932478726,0,1
01,44,0.005557543598115444,0,1
01,45,0.43109607696533203,0,1
01,46,0.5908608436584473,1,1
01,47,0.13144779205322266,0,1
01,48,0.6964701414108276,1,1
01,49,0.06904634833335876,0,1
01,50,0.3644818663597107,0,1
01,51,0.563463568687439,1,1
01,52,0.11360079050064087,0,1
01,53,0.5877237915992737,1,1
01,54,0.8728790283203125,1,1
01,55,0.9167085886001587,1,1
01,56,0.2653495967388153,0,1
01,57,0.1481301188468933,0,1
01,58,0.08613435924053192,0,1
01,59,0.22572903335094452,0,1
01,60,0.050642795860767365,0,0
01,61,0.04350019991397858,0,0
01,62,0.022944023832678795,0,0
01,63,0.01752139814198017,0,0
01,64,0.04374366253614426,0,0
01,65,0.08656985312700272,0,0
01,66,0.11667358130216599,0,0
01,67,0.011917958967387676,0,0
01,68,0.03503825515508652,0,0
01,69,0.025498496368527412,0,0
01,70,0.03260994702577591,0,0
01,71,0.009513072669506073,0,0
01,72,0.01946873776614666,0,0
01,73,0.030249515548348427,0,0
01,74,0.006407450884580612,0,0
01,75,0.057397544384002686,0,0
01,76,0.0064621297642588615,0,0
01,77,0.21098117530345917,0,0
01,78,0.03960385173559189,0,0
01,79,0.020959332585334778,0,0
01,80,0.024544861167669296,0,0
01,81,0.046216223388910294,0,0
01,82,0.02673928253352642,0,0
01,83,0.0916479155421257,0,0
01,84,0.041751135140657425,0,0
01,85,0.005512061528861523,0,0
01,86,0.010938683524727821,0,0
01,87,0.10606453567743301,0,0
01,88,0.004404929932206869,0,0
01,89,0.009528666734695435,0,0
01,90,0.001792472437955439,0,0
01,91,0.08326882869005203,0,0
01,92,0.007096038665622473,0,0
01,93,0.006153965834528208,0,0
01,94,0.017611991614103317,0,0
01,95,0.00646849162876606,0,0
01,96,0.020699795335531235,0,0
01,97,0.01353685837239027,0,0
01,98,0.028668886050581932,0,0
01,99,0.07536603510379791,0,0
01,100,0.048682715743780136,0,0
01,101,0.05504313483834267,0,0
01,102,0.04042315483093262,0,0
01,103,0.16154834628105164,0,0
01,104,0.010400568135082722,0,0
01,105,0.06110597029328346,0,0
01,106,0.04424094408750534,0,0
01,107,0.021313870325684547,0,0
01,108,0.02320447377860546,0,0
01,109,0.050779446959495544,0,0
01,110,0.04001298174262047,0,0
01,111,0.0023831836879253387,0,0
01,112,0.01658356375992298,0,0
01,113,0.06505431979894638,0,0
01,114,0.09229959547519684,0,0
01,115,0.013736233115196228,0,0
01,116,0.053265880793333054,0,0
01,117,0.010317548178136349,0,0
01,118,0.025287814438343048,0,0
01,119,0.01487518846988678,0,0
01,120,0.000180703034857288,0,0
01,121,3.943254705518484e-05,0,0
01,122,4.2776588088599965e-05,0,0
01,123,0.0007036284077912569,0,0
01,124,0.00025285384617745876,0,0
01,125,0.00045293435687199235,0,0
01,126,0.0001124577975133434,0,0
01,127,0.00023660797160118818,0,0
01,128,8.760319178691134e-05,0,0
01,129,0.00046556975576095283,0,0
01,130,0.00027905841125175357,0,0
01,131,5.544380837818608e-05,0,0
01,132,0.00036663151695393026,0,0
01,133,0.00025262663257308304,0,0
01,134,0.00029468894354067743,0,0
01,135,0.0008634284604340792,0,0
01,136,0.0006421537837013602,0,0
01,137,0.0003177110920660198,0,0
01,138,0.00021145485516171902,0,0
01,139,0.0006664834800176322,0,0
01,140,0.0004117369535379112,0,0
01,141,0.0007033528527244925,0,0
01,142,0.0011763087240979075,0,0
01,143,0.001103508984670043,0,0
01,144,0.001671611680649221,0,0
01,145,0.00028853656840510666,0,0
01,146,0.0014897515065968037,0,0
01,147,0.0011821679072454572,0,0
01,148,0.0004592102486640215,0,0
01,149,0.0003830394125543535,0,0
01,150,0.0004903796361759305,0,0
01,151,0.00013828216469846666,0,0
01,152,0.0005206427886150777,0,0
01,153,0.00044142117258161306,0,0
01,154,0.0012047201162204146,0,0
01,155,0.000941009318921715,0,0
01,156,0.0016412311233580112,0,0
01,157,0.003217234741896391,0,0
01,158,0.0004426792438607663,0,0
01,159,0.0006129874382168055,0,0
01,160,0.0002552779042162001,0,0
01,161,0.00020161530119366944,0,0
01,162,0.0012219074415042996,0,0
01,163,0.0010009276447817683,0,0
01,164,0.0007892350549809635,0,0
01,165,0.0001199774633278139,0,0
01,166,0.0005624037003144622,0,0
01,167,0.00045685170334763825,0,0
01,168,0.000839359825477004,0,0
01,169,0.0006255568587221205,0,0
01,170,0.0007608032901771367,0,0
01,171,0.0006427698535844684,0,0
01,172,0.000262444926192984,0,0
01,173,0.0002754757588263601,0,0
01,174,6.468540232162923e-05,0,0
01,175,0.00010254783410346135,0,0
01,176,0.0005088677862659097,0,0
01,177,0.00292557873763144,0,0
01,178,0.003715437138453126,0,0
01,179,0.0002534355444367975,0,0
02,0,0.0003896579146385193,0,0
02,1,0.014261272735893726,0,0
02,2,0.07746724784374237,0,0
02,3,0.11727181822061539,0,0
02,4,0.09176073223352432,0,0
02,5,0.008092107251286507,0,0
02,6,0.00022862917103338987,0,0
02,7,0.02016638219356537,0,0
02,8,0.36710360646247864,0,0
02,9,0.038287047296762466,0,0
02,10,0.0043645030818879604,0,0
02,11,0.09510890394449234,0,0
02,12,0.002753020729869604,0,0
02,13,0.0002968789776787162,0,0
02,14,0.04468170925974846,0,0
02,15,0.0017218792345374823,0,0
02,16,0.0031522137578576803,0,0
02,17,0.042751409113407135,0,0
02,18,0.006026742979884148,0,0
02,19,0.0039267828688025475,0,0
02,20,0.004042300395667553,0,0
02,21,0.023730698972940445,0,0
02,22,0.0019351699156686664,0,0
02,23,0.059775810688734055,0,0
02,24,0.011354095302522182,0,0
02,25,0.0010297484695911407,0,0
02,26,0.0003817265678662807,0,0
02,27,0.0014536094386130571,0,0
02,28,0.0045200432650744915,0,0
02,29,0.0007027341052889824,0,0
02,30,0.0027332950849086046,0,0
02,31,0.002433910733088851,0,0
02,32,0.004332653246819973,0,0
02,33,0.001121541135944426,0,0
02,34,0.003173803212121129,0,0
02,35,0.006528263911604881,0,0
02,36,0.008878128603100777,0,0
02,37,0.012612245976924896,0,0
02,38,0.0005952056380920112,0,0
02,39,0.0005409957957454026,0,0
02,40,0.002276415005326271,0,0
02,41,0.004523202311247587,0,0
02,42,0.0014644176699221134,0,0
02,43,0.007613539695739746,0,0
02,44,0.01786797307431698,0,0
02,45,0.003557229647412896,0,0
02,46,0.001346341916359961,0,0
02,47,0.003000201191753149,0,0
02,48,0.001724079716950655,0,0
02,49,0.04552100598812103,0,0
02,50,0.0027110532391816378,0,0
02,51,0.0020630299113690853,0,0
02,52,0.006360044237226248,0,0
02,53,0.0008319326443597674,0,0
02,54,0.0025986172258853912,0,0
02,55,0.019648849964141846,0,0
02,56,0.008206223137676716,0,0
02,57,0.0076942709274590015,0,0
02,58,0.0005415535415522754,0,0
02,59,0.0048027667216956615,0,0
02,60,0.7727697491645813,1,0
02,61,0.056949272751808167,0,0
02,62,0.6490058898925781,1,0
02,63,0.8010004162788391,1,0
02,64,0.6563845276832581,1,0
02,65,0.7702085971832275,1,0
02,66,0.6298620700836182,1,0
02,67,0.6685299873352051,1,0
02,68,0.7241765260696411,1,0
02,69,0.8314633369445801,1,0
02,70,0.634148359298706,1,0
02,71,0.9180135726928711,1,0
02,72,0.7095023393630981,1,0
02,73,0.4718855023384094,0,0
02,74,0.7632263898849487,1,0
02,75,0.9241369962692261,1,0
02,76,0.8488578200340271,1,0
02,77,0.8597378730773926,1,0
02,78,0.6424583196640015,1,0
02,79,0.8648436069488525,1,0
02,80,0.7295354604721069,1,0
02,81,0.5236649513244629,1,0
02,82,0.7384033203125,1,0
02,83,0.5519082546234131,1,0
02,84,0.7096750140190125,1,0
02,85,0.44922178983688354,0,0
02,86,0.8598343729972839,1,0
02,87,0.7161428332328796,1,0
02,88,0.9111146330833435,1,0
02,89,0.8993847966194153,1,0
02,90,0.8439112901687622,1,0
02,91,0.869737446308136,1,0
02,92,0.6615157127380371,1,0
02,93,0.665855884552002,1,0
02,94,0.7553213834762573,1,0
02,95,0.8308890461921692,1,0
02,96,0.7071723937988281,1,0
02,97,0.4287547171115875,0,0
02,98,0.5664256811141968,1,0
02,99,0.6750143766403198,1,0
02,100,0.5235576629638672,1,0
02,101,0.474154531955719,0,0
02,102,0.24702757596969604,0,0
02,103,0.7852035760879517,1,0
02,104,0.676616907119751,1,0
02,105,0.8907310366630554,1,0
02,106,0.7733440399169922,1,0
02,107,0.8491374850273132,1,0
02,108,0.7596232295036316,1,0
02,109,0.8861168622970581,1,0
02,110,0.7892337441444397,1,0
02,111,0.7824154496192932,1,0
02,112,0.6127535104751587,1,0
02,113,0.7123486995697021,1,0
02,114,0.777417778968811,1,0
02,115,0.7877060174942017,1,0
02,116,0.7291908264160156,1,0
02,117,0.5483654737472534,1,0
02,118,0.7897981405258179,1,0
02,119,0.8242466449737549,1,0
02,120,0.6425241231918335,1,1
02,121,0.3747074604034424,0,1
02,122,0.7506688833236694,1,1
02,123,0.8329659700393677,1,1
02,124,0.9979392290115356,1,1
02,125,0.990924596786499,1,1
02,126,0.9932087659835815,1,1
02,127,0.934472918510437,1,1
02,128,0.880662739276886,1,1
02,129,0.9226208329200745,1,1
02,130,0.8217134475708008,1,1
02,131,0.9490918517112732,1,1
02,132,0.9476242065429688,1,1
02,133,0.6108956336975098,1,1
02,134,0.9449746608734131,1,1
02,135,0.9265145063400269,1,1
02,136,0.8821203112602234,1,1
02,137,0.9456214308738708,1,1
02,138,0.9570276141166687,1,1
02,139,0.9815627932548523,1,1
02,140,0.9427334666252136,1,1
02,141,0.9689004421234131,1,1
02,142,0.9639571905136108,1,1
02,143,0.9813326001167297,1,1
02,144,0.980719804763794,1,1
02,145,0.7801264524459839,1,1
02,146,0.9007682800292969,1,1
02,147,0.7981868386268616,1,1
02,148,0.9689832925796509,1,1
02,149,0.6870906352996826,1,1
02,150,0.9534000754356384,1,1
02,151,0.8214631080627441,1,1
02,152,0.9194073677062988,1,1
02,153,0.8959943652153015,1,1
02,154,0.966644823551178,1,1
02,155,0.6604834794998169,1,1
02,156,0.622188925743103,1,1
02,157,0.8762363195419312,1,1
02,158,0.9566230177879333,1,1
02,159,0.9407837390899658,1,1
02,160,0.9179611206054688,1,1
02,161,0.5030500888824463,1,1
02,162,0.749352753162384,1,1
02,163,0.9360223412513733,1,1
02,164,0.8446279764175415,1,1
02,165,0.8275657296180725,1,1
02,166,0.4008239507675171,0,1
02,167,0.2336408793926239,0,1
02,168,0.9411801695823669,1,1
02,169,0.7518008947372437,1,1
02,170,0.9500048756599426,1,1
02,171,0.6142351627349854,1,1
02,172,0.8988494277000427,1,1
02,173,0.9195488095283508,1,1
02,174,0.9206357002258301,1,1
02,175,0.9386008977890015,1,1
02,176,0.9610844254493713,1,1
02,177,0.9673340916633606,1,1
02,178,0.8857733011245728,1,1
02,179,0.9216963052749634,1,1
03,0,0.006749789230525494,0,1
03,1,0.000501483678817749,0,1
03,2,0.0004361736646387726,0,1
03,3,0.0603618286550045,0,1
03,4,0.002032859716564417,0,1
03,5,0.2753765285015106,0,1
03,6,0.015421785414218903,0,1
03,7,0.026976030319929123,0,1
03,8,0.3470602035522461,0,1
03,9,0.033158861100673676,0,1
03,10,0.03178461268544197,0,1
03,11,0.00885747466236353,0,1
03,12,0.0192241370677948,0,1
03,13,0.6640293598175049,1,1
03,14,0.00027386730653233826,0,1
03,15,0.004977889358997345,0,1
03,16,0.13464240729808807,0,1
03,17,0.012332138605415821,0,1
03,18,0.3361504077911377,0,1
03,19,0.21771620213985443,0,1
03,20,0.045346491038799286,0,1
03,21,0.0006253258907236159,0,1
03,22,0.514110803604126,1,1
03,23,0.011543658562004566,0,1
03,24,0.002771733794361353,0,1
03,25,0.06486710160970688,0,1
03,26,0.08573483675718307,0,1
03,27,0.06179998070001602,0,1
03,28,0.002457838971167803,0,1
03,29,0.017324300482869148,0,1
03,30,0.00026910685119219124,0,1
03,31,0.00862826406955719,0,1
03,32,0.07085656374692917,0,1
03,33,0.0017923929262906313,0,1
03,34,0.00506651122123003,0,1
03,35,0.046351030468940735,0,1
03,36,0.0004773483087774366,0,1
03,37,0.6864529848098755,1,1
03,38,0.07310192286968231,0,1
03,39,0.33029037714004517,0,1
03,40,0.08159904927015305,0,1
03,41,0.510205090045929,1,1
03,42,0.1086742952466011,0,1
03,43,0.0009521681349724531,0,1
03,44,0.0012763882987201214,0,1
03,45,0.005428743083029985,0,1
03,46,0.015010962262749672,0,1
03,47,0.002525394782423973,0,1
03,48,0.008503383025527,0,1
03,49,0.019883306697010994,0,1
03,50,0.0012178203323855996,0,1
03,51,0.1050274595618248,0,1
03,52,0.000776155386120081,0,1
03,53,0.011880210600793362,0,1
03,54,0.0018992145778611302,0,1
03,55,0.000421316537540406,0,1
03,56,0.0009341808035969734,0,1
03,57,0.0020667926874011755,0,1
03,58,0.000882275344338268,0,1
03,59,0.0004679557168856263,0,1
03,60,0.0021533851977437735,0,0
03,61,0.000405749335186556,0,0
03,62,0.013198764994740486,0,0
03,63,0.0009071714011952281,0,0
03,64,0.0006078067817725241,0,0
03,65,0.010169276036322117,0,0
03,66,0.0007364532211795449,0,0
03,67,0.013017505407333374,0,0
03,68,0.001461405074223876,0,0
03,69,0.0007427672971971333,0,0
03,70,0.0011625312035903335,0,0
03,71,0.0035996297374367714,0,0
03,72,0.0009326306753791869,0,0
03,73,0.00950670801103115,0,0
03,74,0.006690194830298424,0,0
03,75,0.0008422340615652502,0,0
03,76,0.002171524800360203,0,0
03,77,0.00023146077001001686,0,0
03,78,0.0006892800447531044,0,0
03,79,0.2530241310596466,0,0
03,80,0.013556369580328465,0,0
03,81,0.7958930730819702,1,0
03,82,0.006273126229643822,0,0
03,83,0.0005636325804516673,0,0
03,84,3.276207280578092e-05,0,0
03,85,1.6939398847171105e-05,0,0
03,86,0.0023889474105089903,0,0
03,87,0.012238714843988419,0,0
03,88,0.2632986903190613,0,0
03,89,0.08093835413455963,0,0
03,90,0.028339102864265442,0,0
03,91,0.021505888551473618,0,0
03,92,0.054211560636758804,0,0
03,93,0.3570966124534607,0,0
03,94,0.0003776593948714435,0,0
03,95,0.00016774471441749483,0,0
03,96,0.022666433826088905,0,0
03,97,0.02516331896185875,0,0
03,98,0.011639142408967018,0,0
03,99,0.018299061805009842,0,0
03,100,0.0025225267745554447,0,0
03,101,0.017812645062804222,0,0
03,102,0.005794750060886145,0,0
03,103,0.0004243363218847662,0,0
03,104,0.006296832114458084,0,0
03,105,0.09413588792085648,0,0
03,106,0.06727636605501175,0,0
03,107,0.00147171167191118,0,0
03,108,0.06269047409296036,0,0
03,109,0.2133205682039261,0,0
03,110,0.003777804784476757,0,0
03,111,0.007391467224806547,0,0
03,112,0.0782707929611206,0,0
03,113,0.0059794033877551556,0,0
03,114,2.626818240969442e-05,0,0
03,115,0.018416328355669975,0,0
03,116,0.002165918704122305,0,0
03,117,0.0006628162227571011,0,0
03,118,0.010805932804942131,0,0
03,119,0.00012307822180446237,0,0
03,120,0.14980071783065796,0,0
03,121,0.4400162994861603,0,0
03,122,0.08046738803386688,0,0
03,123,0.010838545858860016,0,0
03,124,0.005553692113608122,0,0
03,125,0.08547352254390717,0,0
03,126,5.498996688402258e-05,0,0
03,127,0.0010078811319544911,0,0
03,128,0.0045163738541305065,0,0
03,129,0.001969291362911463,0,0
03,130,0.0004959414363838732,0,0
03,131,0.00011622293823165819,0,0
03,132,0.1527721881866455,0,0
03,133,0.1410173922777176,0,0
03,134,1.6522626538062468e-05,0,0
03,135,0.00021891124197281897,0,0
03,136,0.04240599647164345,0,0
03,137,0.001303433789871633,0,0
03,138,0.004642683546990156,0,0
03,139,0.008077289909124374,0,0
03,140,0.026712337508797646,0,0
03,141,0.25650233030319214,0,0
03,142,0.06927650421857834,0,0
03,143,0.023665953427553177,0,0
03,144,0.0004281071887817234,0,0
03,145,0.0097035588696599,0,0
03,146,0.03780419006943703,0,0
03,147,0.03349493443965912,0,0
03,148,0.0358286127448082,0,0
03,149,0.006094436161220074,0,0
03,150,0.4525136649608612,0,0
03,151,0.011331979185342789,0,0
03,152,0.23287925124168396,0,0
03,153,0.41357937455177307,0,0
03,154,0.02682540751993656,0,0
03,155,0.0001718359417282045,0,0
03,156,0.03860720619559288,0,0
03,157,0.03531414642930031,0,0
03,158,0.007772706914693117,0,0
03,159,0.19529356062412262,0,0
03,160,0.23170854151248932,0,0
03,161,0.3043173849582672,0,0
03,162,0.2009507715702057,0,0
03,163,0.002732899971306324,0,0
03,164,0.23235927522182465,0,0
03,165,0.07591374218463898,0,0
03,166,0.11896318942308426,0,0
03,167,0.4542887508869171,0,0
03,168,0.38203978538513184,0,0
03,169,0.26781031489372253,0,0
03,170,0.03286060690879822,0,0
03,171,0.02914661355316639,0,0
03,172,0.10447556525468826,0,0
03,173,0.0008597049745731056,0,0
03,174,0.007244802080094814,0,0
03,175,0.0005213372642174363,0,0
03,176,0.0008833601023070514,0,0
03,177,0.0027395670767873526,0,0
03,178,0.025736579671502113,0,0
03,179,5.456543658510782e-05,0,0
04,0,0.9455114006996155,1,0
04,1,0.6459324359893799,1,0
04,2,0.8043497800827026,1,0
04,3,0.5601464509963989,1,0
04,4,0.9846721291542053,1,0
04,5,0.9420145750045776,1,0
04,6,0.9486532807350159,1,0
04,7,0.9279276132583618,1,0
04,8,0.9811785221099854,1,0
04,9,0.1818653643131256,0,0
04,10,0.4504932761192322,0,0
04,11,0.8853088617324829,1,0
04,12,0.9653819799423218,1,0
04,13,0.990308940410614,1,0
04,14,0.05306392163038254,0,0
04,15,0.009210512973368168,0,0
04,16,0.9546619653701782,1,0
04,17,0.14145758748054504,0,0
04,18,0.036157235503196716,0,0
04,19,0.4165725111961365,0,0
04,20,0.668907880783081,1,0
04,21,0.6028510332107544,1,0
04,22,0.8030204176902771,1,0
04,23,0.2196464091539383,0,0
04,24,0.3147720694541931,0,0
04,25,0.05620585381984711,0,0
04,26,0.161375492811203,0,0
04,27,0.20081035792827606,0,0
04,28,0.09451629221439362,0,0
04,29,0.14461231231689453,0,0
04,30,0.13875065743923187,0,0
04,31,0.09325110912322998,0,0
04,32,0.582013726234436,1,0
04,33,0.18014729022979736,0,0
04,34,0.16881142556667328,0,0
04,35,0.13325704634189606,0,0
04,36,0.3367269039154053,0,0
04,37,0.19773095846176147,0,0
04,38,0.33167514204978943,0,0
04,39,0.2227223813533783,0,0
04,40,0.4309256076812744,0,0
04,41,0.1977178454399109,0,0
04,42,0.23142708837985992,0,0
04,43,0.3660072386264801,0,0
04,44,0.21643255650997162,0,0
04,45,0.10548693686723709,0,0
04,46,0.2597014605998993,0,0
04,47,0.11986593157052994,0,0
04,48,0.04865798354148865,0,0
04,49,0.1174861267209053,0,0
04,50,0.03425314649939537,0,0
04,51,0.2150173783302307,0,0
04,52,0.1777144819498062,0,0
04,53,0.014810267835855484,0,0
04,54,0.061259835958480835,0,0
04,55,0.10002458840608597,0,0
04,56,0.35559651255607605,0,0
04,57,0.2217865139245987,0,0
04,58,0.809456467628479,1,0
04,59,0.16102717816829681,0,0
04,60,0.7219926714897156,1,0
04,61,0.01410022284835577,0,0
04,62,0.2670622766017914,0,0
04,63,0.2633056044578552,0,0
04,64,0.6703254580497742,1,0
04,65,0.43923094868659973,0,0
04,66,0.35733699798583984,0,0
04,67,0.43599364161491394,0,0
04,68,0.7077512741088867,1,0
04,69,0.3301459848880768,0,0
04,70,0.6133567094802856,1,0
04,71,0.9830925464630127,1,0
04,72,0.7623096704483032,1,0
04,73,0.27585139870643616,0,0
04,74,0.5883095860481262,1,0
04,75,0.17745450139045715,0,0
04,76,0.39291417598724365,0,0
04,77,0.8421421051025391,1,0
04,78,0.8754832148551941,1,0
04,79,0.6010286808013916,1,0
04,80,0.936273992061615,1,0
04,81,0.976414680480957,1,0
04,82,0.9566125869750977,1,0
04,83,0.8564341068267822,1,0
04,84,0.6474639177322388,1,0
04,85,0.04331514984369278,0,0
04,86,0.5897085666656494,1,0
04,87,0.6745836734771729,1,0
04,88,0.7472975254058838,1,0
04,89,0.7827984690666199,1,0
04,90,0.861365556716919,1,0
04,91,0.7928164005279541,1,0
04,92,0.920202910900116,1,0
04,93,0.5172264575958252,1,0
04,94,0.49154168367385864,0,0
04,95,0.42274850606918335,0,0
04,96,0.01804547943174839,0,0
04,97,0.16734878718852997,0,0
04,98,0.09041059017181396,0,0
04,99,0.006349123083055019,0,0
04,100,0.07480726391077042,0,0
04,101,0.08941872417926788,0,0
04,102,0.5382891893386841,1,0
04,103,0.693791389465332,1,0
04,104,0.7923815250396729,1,0
04,105,0.7850277423858643,1,0
04,106,0.3606488108634949,0,0
04,107,0.46725043654441833,0,0
04,108,0.880221962928772,1,0
04,109,0.15315406024456024,0,0
04,110,0.0019643136765807867,0,0
04,111,0.6034674644470215,1,0
04,112,0.2346663773059845,0,0
04,113,0.9649245142936707,1,0
04,114,0.8254504203796387,1,0
04,115,0.36478298902511597,0,0
04,116,0.40857014060020447,0,0
04,117,0.389641135931015,0,0
04,118,0.23059216141700745,0,0
04,119,0.0756201222538948,0,0
04,120,0.28445327281951904,0,1
04,121,0.46170562505722046,0,1
04,122,0.32527559995651245,0,1
04,123,0.8238368630409241,1,1
04,124,0.44052553176879883,0,1
04,125,0.25038909912109375,0,1
04,126,0.2821240723133087,0,1
04,127,0.3138798177242279,0,1
04,128,0.6160805821418762,1,1
04,129,0.11619830131530762,0,1
04,130,0.2666039764881134,0,1
04,131,0.2403680682182312,0,1
04,132,0.38261547684669495,0,1
04,133,0.2297847867012024,0,1
04,134,0.27895545959472656,0,1
04,135,0.15604650974273682,0,1
04,136,0.36827000975608826,0,1
04,137,0.43368983268737793,0,1
04,138,0.43151986598968506,0,1
04,139,0.40617841482162476,0,1
04,140,0.3790362775325775,0,1
04,141,0.21293224394321442,0,1
04,142,0.14662963151931763,0,1
04,143,0.5341566801071167,1,1
04,144,0.16239280998706818,0,1
04,145,0.8995405435562134,1,1
04,146,0.3067288398742676,0,1
04,147,0.19702208042144775,0,1
04,148,0.1705828607082367,0,1
04,149,0.6065370440483093,1,1
04,150,0.20515266060829163,0,1
04,151,0.7265666723251343,1,1
04,152,0.35826048254966736,0,1
04,153,0.38487741351127625,0,1
04,154,0.11484107375144958,0,1
04,155,0.2398197501897812,0,1
04,156,0.42671725153923035,0,1
04,157,0.12057647109031677,0,1
04,158,0.12406374514102936,0,1
04,159,0.5474625825881958,1,1
04,160,0.5019291639328003,1,1
04,161,0.25108757615089417,0,1
04,162,0.5188162326812744,1,1
04,163,0.6928948163986206,1,1
04,164,0.651796817779541,1,1
04,165,0.6885461807250977,1,1
04,166,0.672499418258667,1,1
04,167,0.6860264539718628,1,1
04,168,0.32533591985702515,0,1
04,169,0.28873544931411743,0,1
04,170,0.5364782810211182,1,1
04,171,0.566268801689148,1,1
04,172,0.779833972454071,1,1
04,173,0.32691216468811035,0,1
04,174,0.5266132354736328,1,1
04,175,0.6809854507446289,1,1
04,176,0.31819161772727966,0,1
04,177,0.6468321084976196,1,1
04,178,0.7881488800048828,1,1
04,179,0.5010738968849182,1,1
05,0,0.005293678492307663,0,0
05,1,0.0032231060322374105,0,0
05,2,0.0004118358774576336,0,0
05,3,0.000915234733838588,0,0
05,4,0.00035401846980676055,0,0
05,5,0.00033375638304278255,0,0
05,6,0.0015767936129122972,0,0
05,7,0.001284171361476183,0,0
05,8,0.13578267395496368,0,0
05,9,0.01290221605449915,0,0
05,10,0.002094535855576396,0,0
05,11,0.004155769944190979,0,0
05,12,0.003910735249519348,0,0
05,13,0.013314918614923954,0,0
05,14,0.0003902802418451756,0,0
05,15,0.03189397230744362,0,0
05,16,0.0049639735370874405,0,0
05,17,0.012486094608902931,0,0
05,18,0.008053664118051529,0,0
05,19,0.0037388058844953775,0,0
05,20,0.015115557238459587,0,0
05,21,0.022480394691228867,0,0
05,22,0.011307105422019958,0,0
05,23,0.014132182113826275,0,0
05,24,0.03856078162789345,0,0
05,25,0.001360312569886446,0,0
05,26,0.0030672228895127773,0,0
05,27,0.0003731371834874153,0,0
05,28,0.014222051948308945,0,0
05,29,0.0013751612277701497,0,0
05,30,0.04309665784239769,0,0
05,31,0.009848043322563171,0,0
05,32,0.004653369076550007,0,0
05,33,0.01637306995689869,0,0
05,34,0.006783191580325365,0,0
05,35,0.003613114356994629,0,0
05,36,0.03553832322359085,0,0
05,37,0.0093603590503335,0,0
05,38,0.02399962954223156,0,0
05,39,0.008170773275196552,0,0
05,40,0.008229315280914307,0,0
05,41,0.0027735678013414145,0,0
05,42,0.007080003619194031,0,0
05,43,9.48465894907713e-05,0,0
05,44,0.16458065807819366,0,0
05,45,0.004421577788889408,0,0
05,46,0.011818583123385906,0,0
05,47,0.00021322454267647117,0,0
05,48,0.000531005032826215,0,0
05,49,0.00036488272598944604,0,0
05,50,0.00039688264951109886,0,0
05,51,0.00046671568998135626,0,0
05,52,0.0006478924187831581,0,0
05,53,0.0006289919838309288,0,0
05,54,0.00039354799082502723,0,0
05,55,0.0011098729446530342,0,0
05,56,0.00033474198426119983,0,0
05,57,0.002961097052320838,0,0
05,58,0.029977181926369667,0,0
05,59,0.0030693348962813616,0,0
05,60,0.000780189351644367,0,1
05,61,0.004393818788230419,0,1
05,62,0.0022981564980000257,0,1
05,63,0.012520525604486465,0,1
05,64,0.0007840014877729118,0,1
05,65,0.0012250036234036088,0,1
05,66,0.0014503541169688106,0,1
05,67,0.003729354590177536,0,1
05,68,0.03142179921269417,0,1
05,69,0.0011299711186438799,0,1
05,70,0.006104933097958565,0,1
05,71,0.00028669467428699136,0,1
05,72,0.0006781477713957429,0,1
05,73,0.0010643033310770988,0,1
05,74,0.0004467015969567001,0,1
05,75,0.031610582023859024,0,1
05,76,0.0036746084224432707,0,1
05,77,0.010059865191578865,0,1
05,78,0.01684112288057804,0,1
05,79,0.06438185274600983,0,1
05,80,0.07481116056442261,0,1
05,81,0.04401850700378418,0,1
05,82,0.25363126397132874,0,1
05,83,0.06060665100812912,0,1
05,84,0.018347958102822304,0,1
05,85,0.028812402859330177,0,1
05,86,0.037638504058122635,0,1
05,87,0.20693187415599823,0,1
05,88,0.017052579671144485,0,1
05,89,0.09279190748929977,0,1
05,90,0.18724948167800903,0,1
05,91,0.3264046907424927,0,1
05,92,0.043355487287044525,0,1
05,93,0.12135737389326096,0,1
05,94,0.06254157423973083,0,1
05,95,0.10282201319932938,0,1
05,96,0.10770620405673981,0,1
05,97,0.253913015127182,0,1
05,98,0.06107514351606369,0,1
05,99,0.2913721799850464,0,1
05,100,0.19503901898860931,0,1
05,101,0.4627539813518524,0,1
05,102,0.3481231927871704,0,1
05,103,0.0880499854683876,0,1
05,104,0.1662147045135498,0,1
05,105,0.32510146498680115,0,1
05,106,0.23520681262016296,0,1
05,107,0.6211681962013245,1,1
05,108,0.873577356338501,1,1
05,109,0.01748686470091343,0,1
05,110,0.018215417861938477,0,1
05,111,0.11837869137525558,0,1
05,112,0.10079929977655411,0,1
05,113,0.31474626064300537,0,1
05,114,0.04534134641289711,0,1
05,115,0.017064524814486504,0,1
05,116,0.018490251153707504,0,1
05,117,0.04783922806382179,0,1
05,118,0.06512703746557236,0,1
05,119,0.03998696804046631,0,1
05,120,0.0247226282954216,0,0
05,121,0.016425859183073044,0,0
05,122,0.017820455133914948,0,0
05,123,0.0039934804663062096,0,0
05,124,0.0037203228566795588,0,0
05,125,0.00014314037980511785,0,0
05,126,0.014664067886769772,0,0
05,127,0.32491642236709595,0,0
05,128,0.07471423596143723,0,0
05,129,0.002991587156429887,0,0
05,130,9.216415492119268e-05,0,0
05,131,0.023814309388399124,0,0
05,132,0.0019455105066299438,0,0
05,133,0.0051942626014351845,0,0
05,134,0.010463867336511612,0,0
05,135,0.004867376293987036,0,0
05,136,0.0536772757768631,0,0
05,137,0.019601238891482353,0,0
05,138,0.003919687122106552,0,0
05,139,0.022818854078650475,0,0
05,140,0.1957387924194336,0,0
05,141,0.004627590999007225,0,0
05,142,0.03980812057852745,0,0
05,143,0.26574578881263733,0,0
05,144,0.001517502823844552,0,0
05,145,0.0027695507742464542,0,0
05,146,0.0379033200442791,0,0
05,147,0.002379482612013817,0,0
05,148,0.0007769280346110463,0,0
05,149,0.30765488743782043,0,0
05,150,0.0012775968061760068,0,0
05,151,0.0008251910330727696,0,0
05,152,0.0019035418517887592,0,0
05,153,0.008816227316856384,0,0
05,154,0.001718516112305224,0,0
05,155,0.05905772000551224,0,0
05,156,0.006986673921346664,0,0
05,157,0.002763818483799696,0,0
05,158,0.14674662053585052,0,0
05,159,0.018777254968881607,0,0
05,160,0.061039045453071594,0,0
05,161,0.024564271792769432,0,0
05,162,0.6876087188720703,1,0
05,163,0.10420301556587219,0,0
05,164,0.0054890005849301815,0,0
05,165,0.10081514716148376,0,0
05,166,0.18341049551963806,0,0
05,167,0.04849647358059883,0,0
05,168,0.4285603165626526,0,0
05,169,0.05378987267613411,0,0
05,170,0.34609222412109375,0,0
05,171,0.1316550076007843,0,0
05,172,0.090119868516922,0,0
05,173,0.0026061623357236385,0,0
05,174,0.0038157484959810972,0,0
05,175,0.000407198938773945,0,0
05,176,0.00018153837299905717,0,0
05,177,0.0012027348857373,0,0
05,178,0.0005433067562989891,0,0
05,179,0.00011932109191548079,0,0
06,0,0.3598880171775818,0,0
06,1,0.28675922751426697,0,0
06,2,0.5698753595352173,1,0
06,3,0.05536329373717308,0,0
06,4,0.019349275156855583,0,0
06,5,0.14719782769680023,0,0
06,6,0.2569385766983032,0,0
06,7,0.17997725307941437,0,0
06,8,0.23213110864162445,0,0
06,9,0.025833748281002045,0,0
06,10,0.10773235559463501,0,0
06,11,0.33113405108451843,0,0
06,12,0.09462529420852661,0,0
06,13,0.39325571060180664,0,0
06,14,0.016148006543517113,0,0
06,15,0.09381420910358429,0,0
06,16,0.3077699840068817,0,0
06,17,0.17531876266002655,0,0
06,18,0.15584374964237213,0,0
06,19,0.19670911133289337,0,0
06,20,0.25138553977012634,0,0
06,21,0.0901125818490982,0,0
06,22,0.09442031383514404,0,0
06,23,0.11666519939899445,0,0
06,24,0.206168994307518,0,0
06,25,0.27079111337661743,0,0
06,26,0.2511388659477234,0,0
06,27,0.1336316466331482,0,0
06,28,0.3330639600753784,0,0
06,29,0.3446072041988373,0,0
06,30,0.10524650663137436,0,0
06,31,0.14980848133563995,0,0
06,32,0.1958337277173996,0,0
06,33,0.18156051635742188,0,0
06,34,0.07886163145303726,0,0
06,35,0.3112322688102722,0,0
06,36,0.4372181296348572,0,0
06,37,0.14004771411418915,0,0
06,38,0.18140839040279388,0,0
06,39,0.2845878303050995,0,0
06,40,0.3216927945613861,0,0
06,41,0.5636067986488342,1,0
06,42,0.5275565385818481,1,0
06,43,0.30429789423942566,0,0
06,44,0.40768352150917053,0,0
06,45,0.42047441005706787,0,0
06,46,0.41175758838653564,0,0
06,47,0.16324493288993835,0,0
06,48,0.21748530864715576,0,0
06,49,0.10201356559991837,0,0
06,50,0.11565303802490234,0,0
06,51,0.21894580125808716,0,0
06,52,0.3972438871860504,0,0
06,53,0.6315735578536987,1,0
06,54,0.1116078719496727,0,0
06,55,0.6204900741577148,1,0
06,56,0.22892655432224274,0,0
06,57,0.1906435638666153,0,0
06,58,0.3847457766532898,0,0
06,59,0.0038894282188266516,0,0
06,60,0.5635164976119995,1,1
06,61,0.16243794560432434,0,1
06,62,0.05663421005010605,0,1
06,63,0.06165887787938118,0,1
06,64,0.003463737666606903,0,1
06,65,0.0037813379894942045,0,1
06,66,0.5151290893554688,1,1
06,67,0.18366454541683197,0,1
06,68,0.16087527573108673,0,1
06,69,0.02242075465619564,0,1
06,70,0.036230482161045074,0,1
06,71,0.017781537026166916,0,1
06,72,0.0011265469947829843,0,1
06,73,0.0031755988020449877,0,1
06,74,0.008433097042143345,0,1
06,75,0.01917911134660244,0,1
06,76,0.01885228604078293,0,1
06,77,0.0030490087810903788,0,1
06,78,0.02504030056297779,0,1
06,79,0.12666814029216766,0,1
06,80,0.235038623213768,0,1
06,81,0.2215816229581833,0,1
06,82,0.248514786362648,0,1
06,83,0.0075662946328520775,0,1
06,84,0.03584796562790871,0,1
06,85,0.02250993251800537,0,1
06,86,0.044602781534194946,0,1
06,87,0.005911447573453188,0,1
06,88,0.04639820009469986,0,1
06,89,0.02964281290769577,0,1
06,90,0.007930063642561436,0,1
06,91,0.05331547558307648,0,1
06,92,0.16908682882785797,0,1
06,93,0.07474906742572784,0,1
06,94,0.17287810146808624,0,1
06,95,0.03468210995197296,0,1
06,96,0.003006892278790474,0,1
06,97,0.05204954743385315,0,1
06,98,0.9039174914360046,1,1
06,99,0.6910665035247803,1,1
06,100,0.4812568128108978,0,1
06,101,0.13507290184497833,0,1
06,102,0.21657004952430725,0,1
06,103,0.006851741578429937,0,1
06,104,0.003011489985510707,0,1
06,105,0.04525076597929001,0,1
06,106,0.09903733432292938,0,1
06,107,0.40269824862480164,0,1
06,108,0.03332694247364998,0,1
06,109,0.7389611005783081,1,1
06,110,0.11188584566116333,0,1
06,111,0.14585129916667938,0,1
06,112,0.3370760381221771,0,1
06,113,0.09012395888566971,0,1
06,114,0.003324969206005335,0,1
06,115,0.006931511219590902,0,1
06,116,0.03729669377207756,0,1
06,117,0.003200771287083626,0,1
06,118,0.004304340109229088,0,1
06,119,0.08155342936515808,0,1
06,120,0.2174253612756729,0,0
06,121,0.1935979425907135,0,0
06,122,0.017364203929901123,0,0
06,123,0.05023355782032013,0,0
06,124,0.025553632527589798,0,0
06,125,0.05049484223127365,0,0
06,126,0.06316595524549484,0,0
06,127,0.022430825978517532,0,0
06,128,0.027824023738503456,0,0
06,129,0.04628051817417145,0,0
06,130,0.04964136704802513,0,0
06,131,0.05950097367167473,0,0
06,132,0.011520768515765667,0,0
06,133,0.02915297821164131,0,0
06,134,0.021968673914670944,0,0
06,135,0.0764566957950592,0,0
06,136,0.003154920879751444,0,0
06,137,0.019298933446407318,0,0
06,138,0.02874353714287281,0,0
06,139,0.06371910125017166,0,0
06,140,0.07018286734819412,0,0
06,141,0.011574418283998966,0,0
06,142,0.010789146646857262,0,0
06,143,0.008104076609015465,0,0
06,144,0.0779193639755249,0,0
06,145,0.009128207340836525,0,0
06,146,0.0034277872182428837,0,0
06,147,0.054667212069034576,0,0
06,148,0.007478704676032066,0,0
06,149,0.4689221978187561,0,0
06,150,0.12135277688503265,0,0
06,151,0.20236220955848694,0,0
06,152,0.014125852845609188,0,0
06,153,0.009141889400780201,0,0
06,154,0.006237175781279802,0,0
06,155,0.004408923909068108,0,0
06,156,0.00541264982894063,0,0
06,157,0.0022222287952899933,0,0
06,158,0.0017841950757429004,0,0
06,159,0.00790602806955576,0,0
06,160,0.009792111814022064,0,0
06,161,0.006580416113138199,0,0
06,162,0.0081374142318964,0,0
06,163,0.0030681826174259186,0,0
06,164,0.004295974038541317,0,0
06,165,0.018127545714378357,0,0
06,166,0.0029225496109575033,0,0
06,167,0.011308982037007809,0,0
06,168,0.016291461884975433,0,0
06,169,0.0076635791920125484,0,0
06,170,0.005999980494379997,0,0
06,171,1.8433589502819814e-05,0,0
06,172,0.0017419276991859078,0,0
06,173,0.00017151380598079413,0,0
06,174,0.006565554533153772,0,0
06,175,0.026562731713056564,0,0
06,176,0.006172231864184141,0,0
06,177,0.0017380474600940943,0,0
06,178,0.0016423627967014909,0,0
06,179,0.0002927963505499065,0,0
07,0,0.3697183430194855,0,0
07,1,0.9235596656799316,1,0
07,2,0.3199971616268158,0,0
07,3,0.6860100030899048,1,0
07,4,0.958617627620697,1,0
07,5,0.9811573028564453,1,0
07,6,0.9889280200004578,1,0
07,7,0.8173733353614807,1,0
07,8,0.9477113485336304,1,0
07,9,0.7900580763816833,1,0
07,10,0.8840842247009277,1,0
07,11,0.9508548974990845,1,0
07,12,0.9476563930511475,1,0
07,13,0.6848268508911133,1,0
07,14,0.6019526720046997,1,0
07,15,0.846514105796814,1,0
07,16,0.5747053027153015,1,0
07,17,0.7112866640090942,1,0
07,18,0.6409702301025391,1,0
07,19,0.8880127668380737,1,0
07,20,0.9459287524223328,1,0
07,21,0.9665084481239319,1,0
07,22,0.7704214453697205,1,0
07,23,0.9040855169296265,1,0
07,24,0.4118805229663849,0,0
07,25,0.8628264665603638,1,0
07,26,0.48640742897987366,0,0
07,27,0.7134981751441956,1,0
07,28,0.5719617605209351,1,0
07,29,0.5760098695755005,1,0
07,30,0.661060094833374,1,0
07,31,0.718817949295044,1,0
07,32,0.6586246490478516,1,0
07,33,0.7578075528144836,1,0
07,34,0.8067501783370972,1,0
07,35,0.8173501491546631,1,0
07,36,0.688164234161377,1,0
07,37,0.8693089485168457,1,0
07,38,0.5339999198913574,1,0
07,39,0.38333284854888916,0,0
07,40,0.36575379967689514,0,0
07,41,0.8166117668151855,1,0
07,42,0.3012930452823639,0,0
07,43,0.5299493074417114,1,0
07,44,0.2682317793369293,0,0
07,45,0.4650777280330658,0,0
07,46,0.3775918483734131,0,0
07,47,0.2259722501039505,0,0
07,48,0.11604846268892288,0,0
07,49,0.3256687521934509,0,0
07,50,0.4064466655254364,0,0
07,51,0.2722432017326355,0,0
07,52,0.960746169090271,1,0
07,53,0.6270897388458252,1,0
07,54,0.9282262325286865,1,0
07,55,0.7556683421134949,1,0
07,56,0.6272491812705994,1,0
07,57,0.6681725978851318,1,0
07,58,0.8707857131958008,1,0
07,59,0.8369628190994263,1,0
07,60,0.8858535289764404,1,1
07,61,0.8631162047386169,1,1
07,62,0.9129930734634399,1,1
07,63,0.8152108788490295,1,1
07,64,0.9953783750534058,1,1
07,65,0.9917666912078857,1,1
07,66,0.9967418313026428,1,1
07,67,0.9928561449050903,1,1
07,68,0.9896947145462036,1,1
07,69,0.962050199508667,1,1
07,70,0.9811575412750244,1,1
07,71,0.9657008647918701,1,1
07,72,0.984109103679657,1,1
07,73,0.9033209085464478,1,1
07,74,0.9504744410514832,1,1
07,75,0.9667164087295532,1,1
07,76,0.9518299698829651,1,1
07,77,0.9705440402030945,1,1
07,78,0.98444002866745,1,1
07,79,0.9280284643173218,1,1
07,80,0.9821483492851257,1,1
07,81,0.9391036033630371,1,1
07,82,0.9533843398094177,1,1
07,83,0.821326494216919,1,1
07,84,0.5301178693771362,1,1
07,85,0.4424964487552643,0,1
07,86,0.8378333449363708,1,1
07,87,0.9069839119911194,1,1
07,88,0.9993559122085571,1,1
07,89,0.9839047193527222,1,1
07,90,0.9463793039321899,1,1
07,91,0.9947385787963867,1,1
07,92,0.9947049617767334,1,1
07,93,0.9845525026321411,1,1
07,94,0.989711582660675,1,1
07,95,0.99212247133255,1,1
07,96,0.978655993938446,1,1
07,97,0.9984927177429199,1,1
07,98,0.997084379196167,1,1
07,99,0.9979796409606934,1,1
07,100,0.996518611907959,1,1
07,101,0.9845568537712097,1,1
07,102,0.9939479231834412,1,1
07,103,0.9515184164047241,1,1
07,104,0.9915808439254761,1,1
07,105,0.985063374042511,1,1
07,106,0.921228289604187,1,1
07,107,0.9494687914848328,1,1
07,108,0.9037702679634094,1,1
07,109,0.9795410633087158,1,1
07,110,0.9478049874305725,1,1
07,111,0.829016387462616,1,1
07,112,0.9630475044250488,1,1
07,113,0.2945016324520111,0,1
07,114,0.3831627368927002,0,1
07,115,0.46153050661087036,0,1
07,116,0.5388308763504028,1,1
07,117,0.2366381734609604,0,1
07,118,0.49508729577064514,0,1
07,119,0.6380773186683655,1,1
07,120,0.19284425675868988,0,0
07,121,0.8200440406799316,1,0
07,122,0.10306431353092194,0,0
07,123,0.5441814661026001,1,0
07,124,0.08869101852178574,0,0
07,125,0.11823997646570206,0,0
07,126,0.7537017464637756,1,0
07,127,0.22090840339660645,0,0
07,128,0.4185279309749603,0,0
07,129,0.31878766417503357,0,0
07,130,0.2443053126335144,0,0
07,131,0.7537134885787964,1,0
07,132,0.15480589866638184,0,0
07,133,0.8033616542816162,1,0
07,134,0.6906473636627197,1,0
07,135,0.7303975224494934,1,0
07,136,0.6699814796447754,1,0
07,137,0.30303171277046204,0,0
07,138,0.006247907876968384,0,0
07,139,0.019681790843605995,0,0
07,140,0.5828704833984375,1,0
07,141,0.6781636476516724,1,0
07,142,0.5151323080062866,1,0
07,143,0.9008659720420837,1,0
07,144,0.5121163129806519,1,0
07,145,0.725982666015625,1,0
07,146,0.9752414226531982,1,0
07,147,0.6729358434677124,1,0
07,148,0.7200195789337158,1,0
07,149,0.6328449249267578,1,0
07,150,0.7840142250061035,1,0
07,151,0.7627148032188416,1,0
07,152,0.4389985501766205,0,0
07,153,0.16929158568382263,0,0
07,154,0.45586732029914856,0,0
07,155,0.21975140273571014,0,0
07,156,0.743829607963562,1,0
07,157,0.478241503238678,0,0
07,158,0.9549421668052673,1,0
07,159,0.6355138421058655,1,0
07,160,0.8154287338256836,1,0
07,161,0.9271156191825867,1,0
07,162,0.3113790452480316,0,0
07,163,0.9144411087036133,1,0
07,164,0.8711535930633545,1,0
07,165,0.628287672996521,1,0
07,166,0.685287356376648,1,0
07,167,0.46394574642181396,0,0
07,168,0.6030876636505127,1,0
07,169,0.6377696990966797,1,0
07,170,0.4851958155632019,0,0
07,171,0.21455486118793488,0,0
07,172,0.19145101308822632,0,0
07,173,0.07584642618894577,0,0
07,174,0.032608650624752045,0,0
07,175,0.1896575540304184,0,0
07,176,0.02153909206390381,0,0
07,177,0.048040665686130524,0,0
07,178,0.027058476582169533,0,0
07,179,0.056629765778779984,0,0
08,0,0.9913644194602966,1,1
08,1,0.9862087965011597,1,1
08,2,0.9607120156288147,1,1
08,3,0.9444054961204529,1,1
08,4,0.9825782179832458,1,1
08,5,0.9732347130775452,1,1
08,6,0.6189049482345581,1,1
08,7,0.9681314826011658,1,1
08,8,0.8210927248001099,1,1
08,9,0.9854852557182312,1,1
08,10,0.9677255749702454,1,1
08,11,0.9567991495132446,1,1
08,12,0.9004449844360352,1,1
08,13,0.9934582710266113,1,1
08,14,0.9703224897384644,1,1
08,15,0.9871952533721924,1,1
08,16,0.9929834008216858,1,1
08,17,0.9890470504760742,1,1
08,18,0.9843631386756897,1,1
08,19,0.9701865911483765,1,1
08,20,0.9591835141181946,1,1
08,21,0.9471269249916077,1,1
08,22,0.8804245591163635,1,1
08,23,0.9787412285804749,1,1
08,24,0.8500547409057617,1,1
08,25,0.9926472902297974,1,1
08,26,0.9910901188850403,1,1
08,27,0.9029914736747742,1,1
08,28,0.867662787437439,1,1
08,29,0.9722135663032532,1,1
08,30,0.9971408247947693,1,1
08,31,0.9990847110748291,1,1
08,32,0.9980612993240356,1,1
08,33,0.9950891137123108,1,1
08,34,0.9918977618217468,1,1
08,35,0.9632841348648071,1,1
08,36,0.7956746220588684,1,1
08,37,0.9490422606468201,1,1
08,38,0.9935354590415955,1,1
08,39,0.3845743238925934,0,1
08,40,0.9993272423744202,1,1
08,41,0.9993739724159241,1,1
08,42,0.9988962411880493,1,1
08,43,0.996938169002533,1,1
08,44,0.9812689423561096,1,1
08,45,0.9260456562042236,1,1
08,46,0.9982065558433533,1,1
08,47,0.7360479831695557,1,1
08,48,0.955337405204773,1,1
08,49,0.524685263633728,1,1
08,50,0.7526527643203735,1,1
08,51,0.560528039932251,1,1
08,52,0.9452299475669861,1,1
08,53,0.6511543989181519,1,1
08,54,0.9808818697929382,1,1
08,55,0.09032151103019714,0,1
08,56,0.00024548720102757215,0,1
08,57,0.16347281634807587,0,1
08,58,0.3948761224746704,0,1
08,59,0.6734520196914673,1,1
08,60,0.14423908293247223,0,0
08,61,0.3764467239379883,0,0
08,62,0.4086214005947113,0,0
08,63,0.9688904285430908,1,0
08,64,0.9788079261779785,1,0
08,65,0.9933887124061584,1,0
08,66,0.9761497378349304,1,0
08,67,0.7772749066352844,1,0
08,68,0.8435853719711304,1,0
08,69,0.9218765497207642,1,0
08,70,0.4649603068828583,0,0
08,71,0.9379294514656067,1,0
08,72,0.034649912267923355,0,0
08,73,0.8743913173675537,1,0
08,74,0.19024775922298431,0,0
08,75,0.2475784569978714,0,0
08,76,0.5498158931732178,1,0
08,77,0.796327531337738,1,0
08,78,0.41363710165023804,0,0
08,79,0.3783532977104187,0,0
08,80,0.2299395352602005,0,0
08,81,0.691726565361023,1,0
08,82,0.9866898059844971,1,0
08,83,0.9788256883621216,1,0
08,84,0.9910443425178528,1,0
08,85,0.9471900463104248,1,0
08,86,0.9901571273803711,1,0
08,87,0.17197856307029724,0,0
08,88,0.8795410394668579,1,0
08,89,0.998684823513031,1,0
08,90,0.615509033203125,1,0
08,91,0.3660951554775238,0,0
08,92,0.8468161821365356,1,0
08,93,0.9697369337081909,1,0
08,94,0.8415297865867615,1,0
08,95,0.573408842086792,1,0
08,96,0.8270761966705322,1,0
08,97,0.9926640391349792,1,0
08,98,0.9919843077659607,1,0
08,99,0.9989650845527649,1,0
08,100,0.999101996421814,1,0
08,101,0.9996669292449951,1,0
08,102,0.9998940825462341,1,0
08,103,0.9996618032455444,1,0
08,104,0.9999249577522278,1,0
08,105,0.9997987151145935,1,0
08,106,0.999407172203064,1,0
08,107,0.9802744388580322,1,0
08,108,0.9992259740829468,1,0
08,109,0.6765046715736389,1,0
08,110,0.962407112121582,1,0
08,111,0.9868270754814148,1,0
08,112,0.988477349281311,1,0
08,113,0.9781637787818909,1,0
08,114,0.887178897857666,1,0
08,115,0.8473751544952393,1,0
08,116,0.8905155658721924,1,0
08,117,0.845925509929657,1,0
08,118,0.9576007127761841,1,0
08,119,0.9487083554267883,1,0
08,120,0.6456394195556641,1,0
08,121,0.9792425632476807,1,0
08,122,0.9850864410400391,1,0
08,123,0.9479510188102722,1,0
08,124,0.9770286083221436,1,0
08,125,0.8269771933555603,1,0
08,126,0.2788848876953125,0,0
08,127,0.9982836842536926,1,0
08,128,0.9989349246025085,1,0
08,129,0.9977353811264038,1,0
08,130,0.9978882670402527,1,0
08,131,0.9675927758216858,1,0
08,132,0.873137354850769,1,0
08,133,0.9677889347076416,1,0
08,134,0.8940492272377014,1,0
08,135,0.9709193706512451,1,0
08,136,0.9759778380393982,1,0
08,137,0.993904173374176,1,0
08,138,0.8803699016571045,1,0
08,139,0.9226316809654236,1,0
08,140,0.761237621307373,1,0
08,141,0.49360033869743347,0,0
08,142,0.6202790141105652,1,0
08,143,0.9167425632476807,1,0
08,144,0.8292818069458008,1,0
08,145,0.9739771485328674,1,0
08,146,0.9820022583007812,1,0
08,147,0.9681764841079712,1,0
08,148,0.8939717411994934,1,0
08,149,0.9505097270011902,1,0
08,150,0.8833025097846985,1,0
08,151,0.8535503149032593,1,0
08,152,0.9654467701911926,1,0
08,153,0.9793611168861389,1,0
08,154,0.8788763284683228,1,0
08,155,0.958986759185791,1,0
08,156,0.8791021704673767,1,0
08,157,0.8800094127655029,1,0
08,158,0.8316982388496399,1,0
08,159,0.9671781659126282,1,0
08,160,0.9979389905929565,1,0
08,161,0.9917392730712891,1,0
08,162,0.9858609437942505,1,0
08,163,0.987446665763855,1,0
08,164,0.3312315344810486,0,0
08,165,0.4139060080051422,0,0
08,166,0.191136434674263,0,0
08,167,0.43925297260284424,0,0
08,168,0.5502340793609619,1,0
08,169,0.4887875020503998,0,0
08,170,0.7413123846054077,1,0
08,171,0.29259639978408813,0,0
08,172,0.05924364551901817,0,0
08,173,0.12679257988929749,0,0
08,174,0.6042929887771606,1,0
08,175,0.3482306897640228,0,0
08,176,0.15081435441970825,0,0
08,177,0.21064355969429016,0,0
08,178,0.31112444400787354,0,0
08,179,0.9828718304634094,1,0
09,0,0.7670663595199585,1,0
09,1,0.15047524869441986,0,0
09,2,0.848493218421936,1,0
09,3,0.9096450805664062,1,0
09,4,0.9405688643455505,1,0
09,5,0.7779005169868469,1,0
09,6,0.6986858248710632,1,0
09,7,0.657835841178894,1,0
09,8,0.9809075593948364,1,0
09,9,0.9421014785766602,1,0
09,10,0.8828001618385315,1,0
09,11,0.4902786612510681,0,0
09,12,0.710500180721283,1,0
09,13,0.9687836766242981,1,0
09,14,0.3416237235069275,0,0
09,15,0.519494891166687,1,0
09,16,0.34123095870018005,0,0
09,17,0.16293027997016907,0,0
09,18,0.6071598529815674,1,0
09,19,0.7524082660675049,1,0
09,20,0.6655843257904053,1,0
09,21,0.5409879684448242,1,0
09,22,0.33524030447006226,0,0
09,23,0.1399446278810501,0,0
09,24,0.9918774962425232,1,0
09,25,0.9162789583206177,1,0
09,26,0.8483455777168274,1,0
09,27,0.8821719884872437,1,0
09,28,0.1592237800359726,0,0
09,29,0.7236864566802979,1,0
09,30,0.6986038684844971,1,0
09,31,0.9912410378456116,1,0
09,32,0.9969501495361328,1,0
09,33,0.9894533753395081,1,0
09,34,0.9779495000839233,1,0
09,35,0.9012942314147949,1,0
09,36,0.9389914274215698,1,0
09,37,0.9708198308944702,1,0
09,38,0.8921529650688171,1,0
09,39,0.8805304169654846,1,0
09,40,0.9056845307350159,1,0
09,41,0.9974128007888794,1,0
09,42,0.9806125164031982,1,0
09,43,0.8366670608520508,1,0
09,44,0.6632782220840454,1,0
09,45,0.8001697063446045,1,0
09,46,0.7347484827041626,1,0
09,47,0.7214804887771606,1,0
09,48,0.6711530685424805,1,0
09,49,0.9713046550750732,1,0
09,50,0.965545654296875,1,0
09,51,0.9285545349121094,1,0
09,52,0.9202609062194824,1,0
09,53,0.99564129114151,1,0
09,54,0.9235036969184875,1,0
09,55,0.9938563108444214,1,0
09,56,0.9772921204566956,1,0
09,57,0.9949451088905334,1,0
09,58,0.9937673211097717,1,0
09,59,0.9549189805984497,1,0
09,60,0.5933132171630859,1,1
09,61,0.4448779821395874,0,1
09,62,0.3776666224002838,0,1
09,63,0.7069200277328491,1,1
09,64,0.6764348745346069,1,1
09,65,0.7180129289627075,1,1
09,66,0.7181395292282104,1,1
09,67,0.6454018354415894,1,1
09,68,0.7924760580062866,1,1
09,69,0.4980188310146332,0,1
09,70,0.7661707997322083,1,1
09,71,0.3260281980037689,0,1
09,72,0.4587766230106354,0,1
09,73,0.737208366394043,1,1
09,74,0.7161095142364502,1,1
09,75,0.5780801773071289,1,1
09,76,0.46664708852767944,0,1
09,77,0.55976802110672,1,1
09,78,0.2493460476398468,0,1
09,79,0.3613446056842804,0,1
09,80,0.5366969108581543,1,1
09,81,0.5156013369560242,1,1
09,82,0.41340702772140503,0,1
09,83,0.32207491993904114,0,1
09,84,0.8084936738014221,1,1
09,85,0.6812399625778198,1,1
09,86,0.7557927370071411,1,1
09,87,0.7330461740493774,1,1
09,88,0.563080906867981,1,1
09,89,0.8262540102005005,1,1
09,90,0.8761975169181824,1,1
09,91,0.5175185203552246,1,1
09,92,0.597171425819397,1,1
09,93,0.9100393056869507,1,1
09,94,0.7115556001663208,1,1
09,95,0.7093162536621094,1,1
09,96,0.7446730732917786,1,1
09,97,0.7817915678024292,1,1
09,98,0.5832589864730835,1,1
09,99,0.6023222208023071,1,1
09,100,0.7538543343544006,1,1
09,101,0.6398787498474121,1,1
09,102,0.4956013560295105,0,1
09,103,0.4357278347015381,0,1
09,104,0.5292148590087891,1,1
09,105,0.6877228617668152,1,1
09,106,0.3606609106063843,0,1
09,107,0.23840810358524323,0,1
09,108,0.360841304063797,0,1
09,109,0.6622359752655029,1,1
09,110,0.6947509050369263,1,1
09,111,0.7878857851028442,1,1
09,112,0.3628866374492645,0,1
09,113,0.8066778182983398,1,1
09,114,0.6822898387908936,1,1
09,115,0.3727623522281647,0,1
09,116,0.6238298416137695,1,1
09,117,0.6423068046569824,1,1
09,118,0.6815999746322632,1,1
09,119,0.739745020866394,1,1
09,120,0.007420248351991177,0,0
09,121,0.006243888288736343,0,0
09,122,0.026753347367048264,0,0
09,123,2.6837580662686378e-05,0,0
09,124,0.010594294406473637,0,0
09,125,0.001747041242197156,0,0
09,126,3.150341217406094e-05,0,0
09,127,0.0001563790865475312,0,0
09,128,0.0002234702551504597,0,0
09,129,0.0007890614215284586,0,0
09,130,0.0008302570204250515,0,0
09,131,0.0013947741826996207,0,0
09,132,0.0006939951563253999,0,0
09,133,0.00020926202705595642,0,0
09,134,0.0004989031585864723,0,0
09,135,0.0002024814602918923,0,0
09,136,7.299174467334524e-05,0,0
09,137,0.00011692626139847562,0,0
09,138,5.984146264381707e-05,0,0
09,139,0.00011287107918178663,0,0
09,140,1.857575261965394e-05,0,0
09,141,3.4045977372443303e-05,0,0
09,142,0.00019176086061634123,0,0
09,143,0.00020527974993456155,0,0
09,144,0.0011609297944232821,0,0
09,145,0.00014529869076795876,0,0
09,146,6.597200990654528e-05,0,0
09,147,0.01606176793575287,0,0
09,148,0.02084994874894619,0,0
09,149,0.0016672750934958458,0,0
09,150,0.006662985309958458,0,0
09,151,0.01869973912835121,0,0
09,152,0.2910049259662628,0,0
09,153,0.1537259817123413,0,0
09,154,0.23066194355487823,0,0
09,155,0.006447384133934975,0,0
09,156,0.002352542243897915,0,0
09,157,0.00015803714632056653,0,0
09,158,0.0005734004080295563,0,0
09,159,0.013570967130362988,0,0
09,160,0.016261976212263107,0,0
09,161,0.00044104980770498514,0,0
09,162,0.0034794851671904325,0,0
09,163,0.0019614784978330135,0,0
09,164,0.00013065474922768772,0,0
09,165,0.00023787647660356015,0,0
09,166,0.0007348189828917384,0,0
09,167,0.0001074062820407562,0,0
09,168,0.0013022387865930796,0,0
09,169,0.00022626366990152746,0,0
09,170,0.003524289233610034,0,0
09,171,0.0004753642133437097,0,0
09,172,0.00010626832226989791,0,0
09,173,0.0029218257404863834,0,0
09,174,3.0331671950989403e-05,0,0
09,175,4.561894093058072e-05,0,0
09,176,0.00023647333728149533,0,0
09,177,0.01665928028523922,0,0
09,178,0.004107306711375713,0,0
09,179,0.0007980398950167,0,0
10,0,0.021532008424401283,0,1
10,1,0.019612187519669533,0,1
10,2,0.014198031276464462,0,1
10,3,0.012838438153266907,0,1
10,4,0.07653370499610901,0,1
10,5,0.019383961334824562,0,1
10,6,0.5183337926864624,1,1
10,7,0.8974308967590332,1,1
10,8,0.1081286147236824,0,1
10,9,0.1378147155046463,0,1
10,10,0.42277637124061584,0,1
10,11,0.13621535897254944,0,1
10,12,0.017112838104367256,0,1
10,13,0.009312145411968231,0,1
10,14,0.027341175824403763,0,1
10,15,0.05278659239411354,0,1
10,16,0.08958154916763306,0,1
10,17,0.0046277958899736404,0,1
10,18,0.10643792897462845,0,1
10,19,0.10407087951898575,0,1
10,20,0.0058112372644245625,0,1
10,21,0.13864608108997345,0,1
10,22,0.147541344165802,0,1
10,23,0.0003748058225028217,0,1
10,24,0.0036623894702643156,0,1
10,25,0.005593128502368927,0,1
10,26,0.005403915885835886,0,1
10,27,0.017371641471982002,0,1
10,28,0.02941799722611904,0,1
10,29,0.10365200787782669,0,1
10,30,0.0037512273993343115,0,1
10,31,0.0475039929151535,0,1
10,32,0.0241717379540205,0,1
10,33,0.0077472226694226265,0,1
10,34,0.036570899188518524,0,1
10,35,0.039980944246053696,0,1
10,36,0.1069866344332695,0,1
10,37,0.11314758658409119,0,1
10,38,0.5018666386604309,1,1
10,39,0.0224104356020689,0,1
10,40,0.39290788769721985,0,1
10,41,0.06961359083652496,0,1
10,42,0.0005829274887219071,0,1
10,43,0.12860846519470215,0,1
10,44,0.001989329932257533,0,1
10,45,0.00017306176596321166,0,1
10,46,0.0016637967200949788,0,1
10,47,0.02869167923927307,0,1
10,48,0.005728399846702814,0,1
10,49,0.24536186456680298,0,1
10,50,0.060778290033340454,0,1
10,51,0.14523540437221527,0,1
10,52,0.0915801152586937,0,1
10,53,0.06460948288440704,0,1
10,54,0.34082356095314026,0,1
10,55,0.07698006182909012,0,1
10,56,0.42396682500839233,0,1
10,57,0.15226416289806366,0,1
10,58,0.3026769161224365,0,1
10,59,0.26664999127388,0,1
10,60,0.00975132454186678,0,0
10,61,0.01741279475390911,0,0
10,62,0.004550332203507423,0,0
10,63,0.004651024006307125,0,0
10,64,0.013311179354786873,0,0
10,65,0.049551211297512054,0,0
10,66,0.02376292645931244,0,0
10,67,0.040917664766311646,0,0
10,68,0.03721623495221138,0,0
10,69,0.01040692999958992,0,0
10,70,0.007581688929349184,0,0
10,71,0.013349229469895363,0,0
10,72,0.002990077016875148,0,0
10,73,0.002954317955300212,0,0
10,74,0.005591521039605141,0,0
10,75,0.00271547120064497,0,0
10,76,0.002914441516622901,0,0
10,77,0.007697249762713909,0,0
10,78,0.0291400458663702,0,0
10,79,0.024379586800932884,0,0
10,80,0.013264546170830727,0,0
10,81,0.009067783132195473,0,0
10,82,0.015369446016848087,0,0
10,83,0.006137999240309,0,0
10,84,0.01277987752109766,0,0
10,85,0.005822394043207169,0,0
10,86,0.011866879649460316,0,0
10,87,0.011583641171455383,0,0
10,88,0.01319794449955225,0,0
10,89,0.010698193684220314,0,0
10,90,0.0043685850687325,0,0
10,91,0.08262637257575989,0,0
10,92,0.026517177000641823,0,0
10,93,0.01581442728638649,0,0
10,94,0.009926301427185535,0,0
10,95,0.0033264656085520983,0,0
10,96,0.019966404885053635,0,0
10,97,0.017066724598407745,0,0
10,98,0.012214068323373795,0,0
10,99,0.006193550303578377,0,0
10,100,0.0062112705782055855,0,0
10,101,0.012147489935159683,0,0
10,102,0.08498746156692505,0,0
10,103,0.06517865508794785,0,0
10,104,0.010311605408787727,0,0
10,105,0.007286387030035257,0,0
10,106,0.028187338262796402,0,0
10,107,0.02611633390188217,0,0
10,108,0.014790020883083344,0,0
10,109,0.011932634748518467,0,0
10,110,0.07191212475299835,0,0
10,111,0.005450939293950796,0,0
10,112,0.005508704110980034,0,0
10,113,0.01365012489259243,0,0
10,114,0.00285179540514946,0,0
10,115,0.00590126495808363,0,0
10,116,0.0068332417868077755,0,0
10,117,0.01170183066278696,0,0
10,118,0.024611100554466248,0,0
10,119,0.012561192736029625,0,0
10,120,0.6741743683815002,1,0
10,121,0.04865620285272598,0,0
10,122,0.823654055595398,1,0
10,123,0.43631511926651,0,0
10,124,0.05998328700661659,0,0
10,125,0.016871057450771332,0,0
10,126,0.07060910016298294,0,0
10,127,0.07657076418399811,0,0
10,128,0.10494031012058258,0,0
10,129,0.03369152545928955,0,0
10,130,0.06247713044285774,0,0
10,131,0.35686591267585754,0,0
10,132,0.1833411157131195,0,0
10,133,0.8157160878181458,1,0
10,134,0.7036198377609253,1,0
10,135,0.554314374923706,1,0
10,136,0.28699108958244324,0,0
10,137,0.433392196893692,0,0
10,138,0.032724570482969284,0,0
10,139,0.016322171315550804,0,0
10,140,0.04722978547215462,0,0
10,141,0.18257835507392883,0,0
10,142,0.39862293004989624,0,0
10,143,0.5387207269668579,1,0
10,144,0.5914822220802307,1,0
10,145,0.3768822252750397,0,0
10,146,0.016942337155342102,0,0
10,147,0.26671794056892395,0,0
10,148,0.059267785400152206,0,0
10,149,0.8414599299430847,1,0
10,150,0.5412123203277588,1,0
10,151,0.3504612147808075,0,0
10,152,0.3285232484340668,0,0
10,153,0.11107360571622849,0,0
10,154,0.06512440741062164,0,0
10,155,0.000795372121501714,0,0
10,156,0.28012722730636597,0,0
10,157,0.01901724375784397,0,0
10,158,0.034859851002693176,0,0
10,159,0.11875060200691223,0,0
10,160,0.7317303419113159,1,0
10,161,0.9152306318283081,1,0
10,162,0.7484918236732483,1,0
10,163,0.5973773002624512,1,0
10,164,0.09544114023447037,0,0
10,165,0.02932119369506836,0,0
10,166,0.8654080629348755,1,0
10,167,0.3405199646949768,0,0
10,168,0.15887980163097382,0,0
10,169,0.7067650556564331,1,0
10,170,0.13959087431430817,0,0
10,171,0.4716225266456604,0,0
10,172,0.7150867581367493,1,0
10,173,0.6364494562149048,1,0
10,174,0.13245175778865814,0,0
10,175,0.20953907072544098,0,0
10,176,0.06930538266897202,0,0
10,177,0.2264944612979889,0,0
10,178,0.2844849228858948,0,0
10,179,0.24472792446613312,0,0
11,0,0.9146669507026672,1,0
11,1,0.7979139685630798,1,0
11,2,0.8405937552452087,1,0
11,3,0.9510414004325867,1,0
11,4,0.7936905026435852,1,0
11,5,0.8906528353691101,1,0
11,6,0.37433698773384094,0,0
11,7,0.08090436458587646,0,0
11,8,0.34273141622543335,0,0
11,9,0.9429049491882324,1,0
11,10,0.5434520244598389,1,0
11,11,0.6143871545791626,1,0
11,12,0.525520920753479,1,0
11,13,0.39965954422950745,0,0
11,14,0.4532186686992645,0,0
11,15,0.11776933073997498,0,0
11,16,0.19354306161403656,0,0
11,17,0.41358184814453125,0,0
11,18,0.06679533421993256,0,0
11,19,0.39621660113334656,0,0
11,20,0.6225807666778564,1,0
11,21,0.31731048226356506,0,0
11,22,0.5155030488967896,1,0
11,23,0.18600964546203613,0,0
11,24,0.21324007213115692,0,0
11,25,0.2885800004005432,0,0
11,26,0.006876202300190926,0,0
11,27,0.49698925018310547,0,0
11,28,0.008497183211147785,0,0
11,29,0.23227643966674805,0,0
11,30,0.3546186685562134,0,0
11,31,0.5145342350006104,1,0
11,32,0.332257479429245,0,0
11,33,0.8084051609039307,1,0
11,34,0.28363651037216187,0,0
11,35,0.4726189970970154,0,0
11,36,0.7521393299102783,1,0
11,37,0.5101542472839355,1,0
11,38,0.8578559160232544,1,0
11,39,0.727021336555481,1,0
11,40,0.6711733341217041,1,0
11,41,0.5622620582580566,1,0
11,42,0.4505647122859955,0,0
11,43,0.5914669036865234,1,0
11,44,0.4040534794330597,0,0
11,45,0.9816228151321411,1,0
11,46,0.026028567925095558,0,0
11,47,0.0001496726181358099,0,0
11,48,0.0134388767182827,0,0
11,49,0.20396806299686432,0,0
11,50,0.1595788300037384,0,0
11,51,0.01345678698271513,0,0
11,52,0.3240492343902588,0,0
11,53,0.4568689167499542,0,0
11,54,0.008607828058302402,0,0
11,55,0.0998513251543045,0,0
11,56,0.008510916493833065,0,0
11,57,0.020834913477301598,0,0
11,58,0.03799930214881897,0,0
11,59,0.08715838193893433,0,0
11,60,0.09843672066926956,0,0
11,61,0.25743457674980164,0,0
11,62,0.3317151963710785,0,0
11,63,0.11449600011110306,0,0
11,64,0.17788097262382507,0,0
11,65,0.11717237532138824,0,0
11,66,0.12975291907787323,0,0
11,67,0.06900981068611145,0,0
11,68,0.0071947816759347916,0,0
11,69,0.059651512652635574,0,0
11,70,0.12166960537433624,0,0
11,71,0.08243387192487717,0,0
11,72,0.1378411501646042,0,0
11,73,0.029953617602586746,0,0
11,74,0.06928059458732605,0,0
11,75,0.03188774362206459,0,0
11,76,0.3296181261539459,0,0
11,77,0.07596377283334732,0,0
11,78,0.047092195600271225,0,0
11,79,0.00013609496818389744,0,0
11,80,0.0024514219257980585,0,0
11,81,9.240536746801808e-05,0,0
11,82,0.7577351331710815,1,0
11,83,0.2533240020275116,0,0
11,84,0.15556734800338745,0,0
11,85,0.009991586208343506,0,0
11,86,0.3880347013473511,0,0
11,87,0.49509844183921814,0,0
11,88,0.07944698631763458,0,0
11,89,0.23471134901046753,0,0
11,90,0.3524490296840668,0,0
11,91,0.18478649854660034,0,0
11,92,0.023659387603402138,0,0
11,93,0.11339553445577621,0,0
11,94,0.14694008231163025,0,0
11,95,0.14801833033561707,0,0
11,96,0.35642144083976746,0,0
11,97,0.10486879199743271,0,0
11,98,0.5565267205238342,1,0
11,99,0.11429689079523087,0,0
11,100,0.010798169299960136,0,0
11,101,0.016617314890027046,0,0
11,102,0.00762829277664423,0,0
11,103,0.007208071183413267,0,0
11,104,0.0012921190354973078,0,0
11,105,0.025293411687016487,0,0
11,106,0.00804238859564066,0,0
11,107,0.003578870091587305,0,0
11,108,0.00301080709323287,0,0
11,109,0.006107348948717117,0,0
11,110,0.005089517682790756,0,0
11,111,0.00047183665446937084,0,0
11,112,0.008359217084944248,0,0
11,113,0.0011185696348547935,0,0
11,114,0.0006794548826292157,0,0
11,115,0.0038322194013744593,0,0
11,116,0.0011722242925316095,0,0
11,117,0.0008616663399152458,0,0
11,118,0.0007967773708514869,0,0
11,119,0.0011039694072678685,0,0
11,120,0.0002566151670180261,0,1
11,121,0.17883390188217163,0,1
11,122,0.00359973032027483,0,1
11,123,0.004153965041041374,0,1
11,124,0.000990041415207088,0,1
11,125,0.01494473498314619,0,1
11,126,0.003428991185501218,0,1
11,127,0.012636449187994003,0,1
11,128,0.002689984394237399,0,1
11,129,0.022634541615843773,0,1
11,130,0.00512680783867836,0,1
11,131,0.019833939149975777,0,1
11,132,0.003121420741081238,0,1
11,133,0.4180704951286316,0,1
11,134,5.410861922428012e-05,0,1
11,135,1.3357795296542463e-06,0,1
11,136,0.0008446270367130637,0,1
11,137,0.004536075051873922,0,1
11,138,0.08238772302865982,0,1
11,139,0.13251163065433502,0,1
11,140,0.13060802221298218,0,1
11,141,0.0014735094737261534,0,1
11,142,0.00011414577602408826,0,1
11,143,0.027898525819182396,0,1
11,144,0.005397684406489134,0,1
11,145,0.004617603961378336,0,1
11,146,0.09104577451944351,0,1
11,147,0.019168421626091003,0,1
11,148,0.08228828758001328,0,1
11,149,0.21468788385391235,0,1
11,150,0.5037987232208252,1,1
11,151,0.03572332113981247,0,1
11,152,0.07809432595968246,0,1
11,153,0.017796101048588753,0,1
11,154,0.027208251878619194,0,1
11,155,0.1889188140630722,0,1
11,156,0.02647291123867035,0,1
11,157,0.12499313056468964,0,1
11,158,0.16758272051811218,0,1
11,159,0.17185714840888977,0,1
11,160,0.09995830804109573,0,1
11,161,0.07809275388717651,0,1
11,162,0.025136243551969528,0,1
11,163,0.009544610045850277,0,1
11,164,0.012379521504044533,0,1
11,165,0.1219172477722168,0,1
11,166,0.14958301186561584,0,1
11,167,0.1945040374994278,0,1
11,168,0.24049769341945648,0,1
11,169,0.29096710681915283,0,1
11,170,0.3972642421722412,0,1
11,171,0.053483378142118454,0,1
11,172,0.6619564294815063,1,1
11,173,0.16393044590950012,0,1
11,174,0.09471239894628525,0,1
11,175,0.2350406050682068,0,1
11,176,0.3551868200302124,0,1
11,177,0.17470256984233856,0,1
11,178,0.08508192747831345,0,1
11,179,0.08442685753107071,0,1
12,0,0.19882060587406158,0,0
12,1,0.8917559385299683,1,0
12,2,0.7341392040252686,1,0
12,3,0.03824344649910927,0,0
12,4,0.021599942818284035,0,0
12,5,0.2171754091978073,0,0
12,6,0.011596908792853355,0,0
12,7,0.06852421164512634,0,0
12,8,0.12488053739070892,0,0
12,9,0.00039801097591407597,0,0
12,10,0.04380902275443077,0,0
12,11,0.02542172186076641,0,0
12,12,0.008803053759038448,0,0
12,13,0.010172711685299873,0,0
12,14,0.0026066740974783897,0,0
12,15,0.003712610574439168,0,0
12,16,0.09245265275239944,0,0
12,17,0.008396996185183525,0,0
12,18,0.03331878408789635,0,0
12,19,0.010628999210894108,0,0
12,20,0.026634493842720985,0,0
12,21,0.023936916142702103,0,0
12,22,0.0002064198924927041,0,0
12,23,0.051061149686574936,0,0
12,24,0.00043428048957139254,0,0
12,25,0.08765894174575806,0,0
12,26,0.03494609147310257,0,0
12,27,0.035055018961429596,0,0
12,28,0.02798803523182869,0,0
12,29,0.0005861714598722756,0,0
12,30,0.029984407126903534,0,0
12,31,0.049504902213811874,0,0
12,32,0.0008455022471025586,0,0
12,33,0.1650083363056183,0,0
12,34,0.016172200441360474,0,0
12,35,0.0077085914090275764,0,0
12,36,0.17137876152992249,0,0
12,37,0.11033935099840164,0,0
12,38,0.0477222241461277,0,0
12,39,0.02966427244246006,0,0
12,40,0.007287086918950081,0,0
12,41,0.010102630592882633,0,0
12,42,0.001267987652681768,0,0
12,43,0.10760822892189026,0,0
12,44,0.04452799633145332,0,0
12,45,0.00560001702979207,0,0
12,46,0.047796931117773056,0,0
12,47,0.0024898210540413857,0,0
12,48,0.18745402991771698,0,0
12,49,0.11345969140529633,0,0
12,50,0.028829358518123627,0,0
12,51,0.00033750516013242304,0,0
12,52,0.0020125217270106077,0,0
12,53,0.15496748685836792,0,0
12,54,0.012962390668690205,0,0
12,55,0.00016707171744201332,0,0
12,56,0.00041604071157053113,0,0
12,57,0.003951535560190678,0,0
12,58,0.014061227440834045,0,0
12,59,0.03902510181069374,0,0
12,60,0.0642266571521759,0,1
12,61,0.13381974399089813,0,1
12,62,0.01549004390835762,0,1
12,63,0.01096875499933958,0,1
12,64,0.11661884933710098,0,1
12,65,0.02151092328131199,0,1
12,66,0.00933558214455843,0,1
12,67,0.08046608418226242,0,1
12,68,0.26360613107681274,0,1
12,69,0.23582224547863007,0,1
12,70,0.1510767936706543,0,1
12,71,0.8779436349868774,1,1
12,72,0.0371195524930954,0,1
12,73,0.3929797410964966,0,1
12,74,0.40354230999946594,0,1
12,75,0.02587764523923397,0,1
12,76,0.04681237414479256,0,1
12,77,0.03106803074479103,0,1
12,78,0.3859676718711853,0,1
12,79,0.5036824345588684,1,1
12,80,0.23528973758220673,0,1
12,81,0.09443260729312897,0,1
12,82,0.06439423561096191,0,1
12,83,0.06523188948631287,0,1
12,84,0.424132764339447,0,1
12,85,0.6834346055984497,1,1
12,86,0.43539053201675415,0,1
12,87,0.5884569883346558,1,1
12,88,0.7619503736495972,1,1
12,89,0.17831751704216003,0,1
12,90,0.8370776772499084,1,1
12,91,0.022107543423771858,0,1
12,92,0.19949182868003845,0,1
12,93,0.24908359348773956,0,1
12,94,0.008560932241380215,0,1
12,95,0.014770676381886005,0,1
12,96,0.013370606116950512,0,1
12,97,0.09903152287006378,0,1
12,98,0.016083577647805214,0,1
12,99,0.0637187734246254,0,1
12,100,0.05168161541223526,0,1
12,101,0.11970736086368561,0,1
12,102,0.052953604608774185,0,1
12,103,0.3105336129665375,0,1
12,104,0.0003380453272257,0,1
12,105,0.4988245368003845,0,1
12,106,0.5208158493041992,1,1
12,107,0.007981769740581512,0,1
12,108,0.20486590266227722,0,1
12,109,0.108150914311409,0,1
12,110,0.0012195982271805406,0,1
12,111,0.07126159220933914,0,1
12,112,0.05380067229270935,0,1
12,113,0.035146743059158325,0,1
12,114,0.004646765533834696,0,1
12,115,0.06586255133152008,0,1
12,116,0.0647214949131012,0,1
12,117,0.027479398995637894,0,1
12,118,0.014560073614120483,0,1
12,119,0.029066236689686775,0,1
12,120,0.10981006920337677,0,0
12,121,0.6026983261108398,1,0
12,122,0.6862063407897949,1,0
12,123,0.5398006439208984,1,0
12,124,0.7775799036026001,1,0
12,125,0.7960076332092285,1,0
12,126,0.44098448753356934,0,0
12,127,0.799111008644104,1,0
12,128,0.2638426125049591,0,0
12,129,0.45634669065475464,0,0
12,130,0.35440582036972046,0,0
12,131,0.8121585249900818,1,0
12,132,0.2865847051143646,0,0
12,133,0.9144457578659058,1,0
12,134,0.8198351860046387,1,0
12,135,0.9610992670059204,1,0
12,136,0.5618084669113159,1,0
12,137,0.8887039422988892,1,0
12,138,0.6133376359939575,1,0
12,139,0.9034110903739929,1,0
12,140,0.817461371421814,1,0
12,141,0.6676292419433594,1,0
12,142,0.8994263410568237,1,0
12,143,0.9343251585960388,1,0
12,144,0.3846387267112732,0,0
12,145,0.9291984438896179,1,0
12,146,0.8765773177146912,1,0
12,147,0.9005695581436157,1,0
12,148,0.3445713222026825,0,0
12,149,0.8741574287414551,1,0
12,150,0.9356071352958679,1,0
12,151,0.5601294040679932,1,0
12,152,0.14574702084064484,0,0
12,153,0.9165246486663818,1,0
12,154,0.8036819696426392,1,0
12,155,0.7799006700515747,1,0
12,156,0.4356725811958313,0,0
12,157,0.8683785200119019,1,0
12,158,0.6322709321975708,1,0
12,159,0.8168762922286987,1,0
12,160,0.44419533014297485,0,0
12,161,0.5488712191581726,1,0
12,162,0.779303789138794,1,0
12,163,0.42322832345962524,0,0
12,164,0.5276755690574646,1,0
12,165,0.8773938417434692,1,0
12,166,0.8234335780143738,1,0
12,167,0.45259615778923035,0,0
12,168,0.796461820602417,1,0
12,169,0.9172898530960083,1,0
12,170,0.6169072389602661,1,0
12,171,0.7076069116592407,1,0
12,172,0.7224699258804321,1,0
12,173,0.2997637689113617,0,0
12,174,0.2111160010099411,0,0
12,175,0.8521497249603271,1,0
12,176,0.7454050779342651,1,0
12,177,0.9033290147781372,1,0
12,178,0.6935561895370483,1,0
12,179,0.9663410782814026,1,0
13,0,0.8636162281036377,1,0
13,1,0.6815699338912964,1,0
13,2,0.8470471501350403,1,0
13,3,0.7226341962814331,1,0
13,4,0.7292505502700806,1,0
13,5,0.9981520771980286,1,0
13,6,0.9436942934989929,1,0
13,7,0.9568730592727661,1,0
13,8,0.44136789441108704,0,0
13,9,0.19216637313365936,0,0
13,10,0.5573759078979492,1,0
13,11,0.5566691160202026,1,0
13,12,0.15908752381801605,0,0
13,13,0.12379075586795807,0,0
13,14,0.8798551559448242,1,0
13,15,0.7022134065628052,1,0
13,16,0.39810410141944885,0,0
13,17,0.7048947215080261,1,0
13,18,0.06441310793161392,0,0
13,19,0.20951271057128906,0,0
13,20,0.5315592885017395,1,0
13,21,0.6087288856506348,1,0
13,22,0.4973776340484619,0,0
13,23,0.2688823342323303,0,0
13,24,0.12679855525493622,0,0
13,25,0.1537483036518097,0,0
13,26,0.8101362586021423,1,0
13,27,0.638270378112793,1,0
13,28,0.3835359811782837,0,0
13,29,0.7287544012069702,1,0
13,30,0.5069618225097656,1,0
13,31,0.9564944505691528,1,0
13,32,0.9659146070480347,1,0
13,33,0.8668889999389648,1,0
13,34,0.9734398722648621,1,0
13,35,0.6287282705307007,1,0
13,36,0.60444176197052,1,0
13,37,0.45743533968925476,0,0
13,38,0.6208137273788452,1,0
13,39,0.037676867097616196,0,0
13,40,0.4657457172870636,0,0
13,41,0.17989376187324524,0,0
13,42,0.047045573592185974,0,0
13,43,0.1417558342218399,0,0
13,44,0.29546505212783813,0,0
13,45,0.08085394650697708,0,0
13,46,0.5476925373077393,1,0
13,47,0.6740056276321411,1,0
13,48,0.6569805145263672,1,0
13,49,0.9015293717384338,1,0
13,50,0.9893032908439636,1,0
13,51,0.9709972143173218,1,0
13,52,0.9628165364265442,1,0
13,53,0.934410810470581,1,0
13,54,0.984512984752655,1,0
13,55,0.9926160573959351,1,0
13,56,0.9968445897102356,1,0
13,57,0.9464369416236877,1,0
13,58,0.9198911786079407,1,0
13,59,0.7329089641571045,1,0
13,60,0.9278399348258972,1,1
13,61,0.5024898052215576,1,1
13,62,0.4122074544429779,0,1
13,63,0.9310356378555298,1,1
13,64,0.2988187074661255,0,1
13,65,0.03858473151922226,0,1
13,66,0.32684215903282166,0,1
13,67,0.2819514274597168,0,1
13,68,0.12412639707326889,0,1
13,69,0.4613109529018402,0,1
13,70,0.8997926712036133,1,1
13,71,0.20317983627319336,0,1
13,72,0.0346124991774559,0,1
13,73,0.23576243221759796,0,1
13,74,0.4147622287273407,0,1
13,75,0.24764302372932434,0,1
13,76,0.04625812545418739,0,1
13,77,0.17850391566753387,0,1
13,78,0.03444618731737137,0,1
13,79,0.0035398751497268677,0,1
13,80,0.02782513201236725,0,1
13,81,0.21762631833553314,0,1
13,82,0.7161091566085815,1,1
13,83,0.6266103386878967,1,1
13,84,0.1214948445558548,0,1
13,85,0.7894520163536072,1,1
13,86,0.056831084191799164,0,1
13,87,0.1863851547241211,0,1
13,88,0.8470361232757568,1,1
13,89,0.32499179244041443,0,1
13,90,0.6687572598457336,1,1
13,91,0.3200967013835907,0,1
13,92,0.364473432302475,0,1
13,93,0.31075620651245117,0,1
13,94,0.1526423990726471,0,1
13,95,0.8979806900024414,1,1
13,96,0.8807677030563354,1,1
13,97,0.4150536060333252,0,1
13,98,0.10426581650972366,0,1
13,99,0.2083684355020523,0,1
13,100,0.41069281101226807,0,1
13,101,0.40115371346473694,0,1
13,102,0.1405579149723053,0,1
13,103,0.09481896460056305,0,1
13,104,0.027773646637797356,0,1
13,105,0.0234207883477211,0,1
13,106,0.1206391453742981,0,1
13,107,0.07000090926885605,0,1
13,108,0.41684961318969727,0,1
13,109,0.5515012741088867,1,1
13,110,0.568824052810669,1,1
13,111,0.23313307762145996,0,1
13,112,0.3715367019176483,0,1
13,113,0.35737693309783936,0,1
13,114,0.05361843854188919,0,1
13,115,0.2970186471939087,0,1
13,116,0.3604542016983032,0,1
13,117,0.21252059936523438,0,1
13,118,0.25863751769065857,0,1
13,119,0.22061710059642792,0,1
13,120,0.994803786277771,1,0
13,121,0.8859934210777283,1,0
13,122,0.6607797145843506,1,0
13,123,0.4314337968826294,0,0
13,124,0.4488772451877594,0,0
13,125,0.9956739544868469,1,0
13,126,0.4169415831565857,0,0
13,127,0.9699593186378479,1,0
13,128,0.9919407963752747,1,0
13,129,0.930341899394989,1,0
13,130,0.2793634831905365,0,0
13,131,0.31792309880256653,0,0
13,132,0.9240380525588989,1,0
13,133,0.8996983170509338,1,0
13,134,0.7257130146026611,1,0
13,135,0.6241909265518188,1,0
13,136,0.7883023023605347,1,0
13,137,0.0808158740401268,0,0
13,138,0.606999933719635,1,0
13,139,0.4537977874279022,0,0
13,140,0.14446595311164856,0,0
13,141,0.8954510688781738,1,0
13,142,0.611885666847229,1,0
13,143,0.7790108323097229,1,0
13,144,0.12116190046072006,0,0
13,145,0.5062598586082458,1,0
13,146,0.5523068904876709,1,0
13,147,0.5136633515357971,1,0
13,148,0.8754777908325195,1,0
13,149,0.8395894765853882,1,0
13,150,0.5922327041625977,1,0
13,151,0.039825741201639175,0,0
13,152,0.13029159605503082,0,0
13,153,0.33179453015327454,0,0
13,154,0.4841250777244568,0,0
13,155,0.023319032043218613,0,0
13,156,0.8242473006248474,1,0
13,157,0.19782111048698425,0,0
13,158,0.7588912844657898,1,0
13,159,0.518022894859314,1,0
13,160,0.939774751663208,1,0
13,161,0.9521631002426147,1,0
13,162,0.9741731882095337,1,0
13,163,0.9536425471305847,1,0
13,164,0.42969250679016113,0,0
13,165,0.49231627583503723,0,0
13,166,0.23401300609111786,0,0
13,167,0.8346706628799438,1,0
13,168,0.937216579914093,1,0
13,169,0.00048194985720328987,0,0
13,170,0.0005787800764665008,0,0
13,171,0.6842427253723145,1,0
13,172,0.42409029603004456,0,0
13,173,0.14409978687763214,0,0
13,174,0.7138975858688354,1,0
13,175,0.5744566321372986,1,0
13,176,0.9517435431480408,1,0
13,177,0.2218271642923355,0,0
13,178,0.9345871806144714,1,0
13,179,0.9132000803947449,1,0
14,0,0.00027964916080236435,0,1
14,1,0.0010655821533873677,0,1
14,2,0.16415444016456604,0,1
14,3,0.0671677216887474,0,1
14,4,0.4263352155685425,0,1
14,5,0.29462942481040955,0,1
14,6,0.1282591074705124,0,1
14,7,0.008232724852859974,0,1
14,8,0.26531365513801575,0,1
14,9,0.40635159611701965,0,1
14,10,0.6383985877037048,1,1
14,11,0.2163650393486023,0,1
14,12,0.08995842188596725,0,1
14,13,0.0949794352054596,0,1
14,14,0.4965985417366028,0,1
14,15,0.0532514713704586,0,1
14,16,0.16248749196529388,0,1
14,17,0.023883303627371788,0,1
14,18,0.10576752573251724,0,1
14,19,0.02767232060432434,0,1
14,20,0.007906229235231876,0,1
14,21,0.27504396438598633,0,1
14,22,0.08397462964057922,0,1
14,23,0.053933482617139816,0,1
14,24,0.03625430539250374,0,1
14,25,0.03396783396601677,0,1
14,26,0.2587370276451111,0,1
14,27,0.06169598177075386,0,1
14,28,0.016069600358605385,0,1
14,29,0.33290037512779236,0,1
14,30,0.10223912447690964,0,1
14,31,0.03745082765817642,0,1
14,32,0.1360231190919876,0,1
14,33,0.05679808929562569,0,1
14,34,0.014825749211013317,0,1
14,35,0.02155282162129879,0,1
14,36,0.36034947633743286,0,1
14,37,0.05366234853863716,0,1
14,38,0.17448018491268158,0,1
14,39,0.025395674630999565,0,1
14,40,0.043502580374479294,0,1
14,41,0.058711156249046326,0,1
14,42,0.05447535961866379,0,1
14,43,0.02871769852936268,0,1
14,44,0.16953636705875397,0,1
14,45,0.15443021059036255,0,1
14,46,0.19893477857112885,0,1
14,47,0.1111191138625145,0,1
14,48,0.2051825076341629,0,1
14,49,0.022937167435884476,0,1
14,50,0.02702038735151291,0,1
14,51,0.05604800209403038,0,1
14,52,0.289800226688385,0,1
14,53,0.017415732145309448,0,1
14,54,0.31500738859176636,0,1
14,55,0.009258114732801914,0,1
14,56,0.1309589147567749,0,1
14,57,0.09216004610061646,0,1
14,58,0.026115577667951584,0,1
14,59,0.03292819485068321,0,1
14,60,0.5681800246238708,1,0
14,61,0.7995774149894714,1,0
14,62,0.8755021691322327,1,0
14,63,0.7848407030105591,1,0
14,64,0.33677974343299866,0,0
14,65,0.686369001865387,1,0
14,66,0.734651505947113,1,0
14,67,0.6723937392234802,1,0
14,68,0.4011264741420746,0,0
14,69,0.8019695281982422,1,0
14,70,0.6752184629440308,1,0
14,71,0.8208892941474915,1,0
14,72,0.3526400923728943,0,0
14,73,0.7471722364425659,1,0
14,74,0.7085286378860474,1,0
14,75,0.7038971185684204,1,0
14,76,0.5594704151153564,1,0
14,77,0.7449930906295776,1,0
14,78,0.6986780166625977,1,0
14,79,0.5041263103485107,1,0
14,80,0.8484734296798706,1,0
14,81,0.8676032423973083,1,0
14,82,0.6705220937728882,1,0
14,83,0.6544474959373474,1,0
14,84,0.3941623866558075,0,0
14,85,0.868988573551178,1,0
14,86,0.6245346665382385,1,0
14,87,0.43059495091438293,0,0
14,88,0.5595265626907349,1,0
14,89,0.8219013214111328,1,0
14,90,0.8724656105041504,1,0
14,91,0.9316999912261963,1,0
14,92,0.7191059589385986,1,0
14,93,0.8594620823860168,1,0
14,94,0.8522862792015076,1,0
14,95,0.8056511878967285,1,0
14,96,0.7761314511299133,1,0
14,97,0.8046064376831055,1,0
14,98,0.8176778554916382,1,0
14,99,0.8395923376083374,1,0
14,100,0.8084158897399902,1,0
14,101,0.8694010972976685,1,0
14,102,0.8896338939666748,1,0
14,103,0.8109856843948364,1,0
14,104,0.7881971001625061,1,0
14,105,0.7871655225753784,1,0
14,106,0.9165557026863098,1,0
14,107,0.5522040128707886,1,0
14,108,0.8283920884132385,1,0
14,109,0.7918165326118469,1,0
14,110,0.6803896427154541,1,0
14,111,0.732783854007721,1,0
14,112,0.8640023469924927,1,0
14,113,0.878999650478363,1,0
14,114,0.8236098885536194,1,0
14,115,0.7846240997314453,1,0
14,116,0.8259419798851013,1,0
14,117,0.7672445178031921,1,0
14,118,0.8501254320144653,1,0
14,119,0.8857327699661255,1,0
14,120,0.9904547929763794,1,0
14,121,0.9887632131576538,1,0
14,122,0.9791284799575806,1,0
14,123,0.986462414264679,1,0
14,124,0.9808440208435059,1,0
14,125,0.9685786366462708,1,0
14,126,0.9905430674552917,1,0
14,127,0.9917777180671692,1,0
14,128,0.9832640290260315,1,0
14,129,0.9865166544914246,1,0
14,130,0.9867185950279236,1,0
14,131,0.9283261299133301,1,0
14,132,0.9787131547927856,1,0
14,133,0.9853906631469727,1,0
14,134,0.9884063005447388,1,0
14,135,0.9865118861198425,1,0
14,136,0.9879882335662842,1,0
14,137,0.9887803792953491,1,0
14,138,0.9387329816818237,1,0
14,139,0.9657525420188904,1,0
14,140,0.9840766787528992,1,0
14,141,0.9673237800598145,1,0
14,142,0.991597592830658,1,0
14,143,0.9859119057655334,1,0
14,144,0.9776926040649414,1,0
14,145,0.9771396517753601,1,0
14,146,0.9747195839881897,1,0
14,147,0.9835924506187439,1,0
14,148,0.9839893579483032,1,0
14,149,0.9671823382377625,1,0
14,150,0.9930025935173035,1,0
14,151,0.9699802994728088,1,0
14,152,0.9853531122207642,1,0
14,153,0.9823856949806213,1,0
14,154,0.9836390614509583,1,0
14,155,0.9879470467567444,1,0
14,156,0.9830116629600525,1,0
14,157,0.9631649255752563,1,0
14,158,0.9443252086639404,1,0
14,159,0.9562827944755554,1,0
14,160,0.9640390276908875,1,0
14,161,0.9806540608406067,1,0
14,162,0.984775185585022,1,0
14,163,0.9862955808639526,1,0
14,164,0.9828577041625977,1,0
14,165,0.9901919364929199,1,0
14,166,0.9530025720596313,1,0
14,167,0.9224561452865601,1,0
14,168,0.9908922910690308,1,0
14,169,0.9837509989738464,1,0
14,170,0.9758278131484985,1,0
14,171,0.9566365480422974,1,0
14,172,0.9433949589729309,1,0
14,173,0.9667788147926331,1,0
14,174,0.9560706615447998,1,0
14,175,0.9515379071235657,1,0
14,176,0.938821017742157,1,0
14,177,0.9468333721160889,1,0
14,178,0.920603334903717,1,0
14,179,0.9888619780540466,1,0
15,0,0.030383091419935226,0,0
15,1,0.016519837081432343,0,0
15,2,0.013686373829841614,0,0
15,3,0.010235889814794064,0,0
15,4,0.007112317718565464,0,0
15,5,0.027142751961946487,0,0
15,6,0.0021207022946327925,0,0
15,7,0.062195636332035065,0,0
15,8,0.03068799525499344,0,0
15,9,0.03177379444241524,0,0
15,10,0.0075107235461473465,0,0
15,11,0.029793983325362206,0,0
15,12,0.010135358199477196,0,0
15,13,0.00235922634601593,0,0
15,14,0.020359650254249573,0,0
15,15,0.0008136681281030178,0,0
15,16,0.011188800446689129,0,0
15,17,0.12987034022808075,0,0
15,18,0.009063075296580791,0,0
15,19,0.08137568086385727,0,0
15,20,0.002607873175293207,0,0
15,21,0.014781039208173752,0,0
15,22,0.0005813946481794119,0,0
15,23,0.015477221459150314,0,0
15,24,0.055880799889564514,0,0
15,25,0.00042620761087164283,0,0
15,26,0.09666313976049423,0,0
15,27,0.06872162222862244,0,0
15,28,0.011365245096385479,0,0
15,29,0.07048380374908447,0,0
15,30,0.3610914945602417,0,0
15,31,0.15031002461910248,0,0
15,32,0.0006877384148538113,0,0
15,33,0.33530378341674805,0,0
15,34,0.1638803780078888,0,0
15,35,0.011578891426324844,0,0
15,36,0.04676457494497299,0,0
15,37,0.1095665767788887,0,0
15,38,0.002974711824208498,0,0
15,39,0.02796253189444542,0,0
15,40,0.1160295158624649,0,0
15,41,0.008869677782058716,0,0
15,42,0.0052110664546489716,0,0
15,43,0.10353607684373856,0,0
15,44,0.015952203422784805,0,0
15,45,0.3364824056625366,0,0
15,46,0.007042859215289354,0,0
15,47,0.09165117144584656,0,0
15,48,0.03763771802186966,0,0
15,49,0.08878147602081299,0,0
15,50,0.0019763929303735495,0,0
15,51,0.2518034875392914,0,0
15,52,0.021116802468895912,0,0
15,53,0.010531163774430752,0,0
15,54,0.0040908618830144405,0,0
15,55,0.009535253047943115,0,0
15,56,0.010798076167702675,0,0
15,57,0.017884986475110054,0,0
15,58,0.19779226183891296,0,0
15,59,0.052882831543684006,0,0
15,60,0.0005726333474740386,0,0
15,61,3.0616556614404544e-05,0,0
15,62,0.0001858835603343323,0,0
15,63,2.8394602850312367e-05,0,0
15,64,7.498252671211958e-05,0,0
15,65,0.002947172848507762,0,0
15,66,4.029059346066788e-05,0,0
15,67,0.00011669390369206667,0,0
15,68,1.1476920008135494e-05,0,0
15,69,0.002901525469496846,0,0
15,70,2.7508211132953875e-05,0,0
15,71,0.00033170278766192496,0,0
15,72,0.0010331016965210438,0,0
15,73,2.5479446776444092e-05,0,0
15,74,0.00021092647511977702,0,0
15,75,0.00010285024472977966,0,0
15,76,3.0394996429095045e-05,0,0
15,77,3.602782089728862e-05,0,0
15,78,0.026523394510149956,0,0
15,79,0.008968204259872437,0,0
15,80,0.0010683555155992508,0,0
15,81,0.0017768574180081487,0,0
15,82,0.04727339372038841,0,0
15,83,0.01275548804551363,0,0
15,84,5.867183062946424e-06,0,0
15,85,0.05091950669884682,0,0
15,86,0.7990341186523438,1,0
15,87,0.006041068583726883,0,0
15,88,1.2955367310496513e-05,0,0
15,89,1.2368426723696757e-05,0,0
15,90,0.00010432876297272742,0,0
15,91,0.0002793581807054579,0,0
15,92,0.0015993689885362983,0,0
15,93,6.808798207202926e-05,0,0
15,94,0.0004068917769473046,0,0
15,95,0.02718541771173477,0,0
15,96,0.0020092499908059835,0,0
15,97,2.454972855048254e-05,0,0
15,98,0.00023690119269303977,0,0
15,99,6.036486229277216e-05,0,0
15,100,0.0002625886118039489,0,0
15,101,0.00045282384962774813,0,0
15,102,0.0005343509837985039,0,0
15,103,0.0004310141084715724,0,0
15,104,2.5909081159625202e-05,0,0
15,105,3.579194162739441e-05,0,0
15,106,2.1115685740369372e-05,0,0
15,107,1.1615050425461959e-05,0,0
15,108,4.363980042398907e-05,0,0
15,109,3.589746484067291e-05,0,0
15,110,0.0023312000557780266,0,0
15,111,0.0014570209896191955,0,0
15,112,6.412386483134469e-06,0,0
15,113,7.718577398918569e-05,0,0
15,114,8.458311640424654e-05,0,0
15,115,3.0284038075478747e-05,0,0
15,116,5.9956386394333094e-05,0,0
15,117,3.735602831511642e-06,0,0
15,118,0.01638893596827984,0,0
15,119,0.0004370589158497751,0,0
15,120,2.4262954312348484e-08,0,1
15,121,3.0397526273873154e-08,0,1
15,122,3.433772377547939e-08,0,1
15,123,6.631680982138732e-09,0,1
15,124,2.9715124583162833e-08,0,1
15,125,3.2172756903037225e-08,0,1
15,126,3.793264369278404e-08,0,1
15,127,3.0839256481840494e-08,0,1
15,128,7.98352761677279e-09,0,1
15,129,3.792917269151985e-08,0,1
15,130,6.145459963136091e-08,0,1
15,131,2.041821467457794e-08,0,1
15,132,5.7540279208012635e-09,0,1
15,133,4.826185318052012e-08,0,1
15,134,2.1572679642645198e-08,0,1
15,135,6.106481009737763e-08,0,1
15,136,1.1836260860320635e-08,0,1
15,137,2.1296230556799856e-08,0,1
15,138,3.9696370635056155e-09,0,1
15,139,5.63633495431759e-09,0,1
15,140,5.9181193279300714e-08,0,1
15,141,1.710534291987642e-08,0,1
15,142,5.391364688023259e-09,0,1
15,143,2.0143186674204117e-08,0,1
15,144,1.3514589625174267e-07,0,1
15,145,8.728893163834073e-09,0,1
15,146,2.6932665875278872e-08,0,1
15,147,2.3272299642940197e-08,0,1
15,148,1.8994008144090913e-08,0,1
15,149,7.77042341582046e-09,0,1
15,150,2.8321345268977893e-08,0,1
15,151,5.595494556587255e-08,0,1
15,152,4.129630326588085e-08,0,1
15,153,2.4168915757627474e-08,0,1
15,154,5.0893458336531694e-08,0,1
15,155,1.5324301827490672e-08,0,1
15,156,2.384309638614468e-08,0,1
15,157,2.5155060257020523e-07,0,1
15,158,1.719739906036466e-08,0,1
15,159,2.135207388676008e-08,0,1
15,160,2.514641650464e-08,0,1
15,161,1.2995194254017406e-07,0,1
15,162,6.294591514688364e-08,0,1
15,163,1.715290522952273e-07,0,1
15,164,4.127661767938662e-08,0,1
15,165,4.022657762448034e-08,0,1
15,166,1.1017426970738597e-08,0,1
15,167,1.328628655983266e-07,0,1
15,168,3.0129118755439777e-08,0,1
15,169,1.098978597013911e-08,0,1
15,170,1.9725193922681683e-08,0,1
15,171,3.2333257848904395e-08,0,1
15,172,1.2651673486629988e-08,0,1
15,173,1.4055506092347514e-08,0,1
15,174,1.9794882177848194e-08,0,1
15,175,3.430093542533541e-08,0,1
15,176,4.4489240735856583e-08,0,1
15,177,4.34352509515179e-09,0,1
15,178,1.5140454223683264e-08,0,1
15,179,2.1897776036894356e-08,0,1
16,0,0.25757116079330444,0,0
16,1,0.5722876191139221,1,0
16,2,0.12297669798135757,0,0
16,3,0.1696426272392273,0,0
16,4,0.4746958315372467,0,0
16,5,0.03225286677479744,0,0
16,6,0.3172130286693573,0,0
16,7,0.26408135890960693,0,0
16,8,0.9103178977966309,1,0
16,9,0.6994909644126892,1,0
16,10,0.8928996324539185,1,0
16,11,0.8939316272735596,1,0
16,12,0.9755703210830688,1,0
16,13,0.8286610841751099,1,0
16,14,0.7858296632766724,1,0
16,15,0.9353280663490295,1,0
16,16,0.9372047781944275,1,0
16,17,0.957495391368866,1,0
16,18,0.8017978668212891,1,0
16,19,0.735243558883667,1,0
16,20,0.9065835475921631,1,0
16,21,0.7721945643424988,1,0
16,22,0.3884791135787964,0,0
16,23,0.6718956232070923,1,0
16,24,0.794033408164978,1,0
16,25,0.9584496021270752,1,0
16,26,0.9900332689285278,1,0
16,27,0.8751055002212524,1,0
16,28,0.8950621485710144,1,0
16,29,0.945343017578125,1,0
16,30,0.8905527591705322,1,0
16,31,0.5977932214736938,1,0
16,32,0.9632339477539062,1,0
16,33,0.9901118874549866,1,0
16,34,0.9860517382621765,1,0
16,35,0.9713131785392761,1,0
16,36,0.9148221015930176,1,0
16,37,0.8945250511169434,1,0
16,38,0.9764746427536011,1,0
16,39,0.9066797494888306,1,0
16,40,0.8789952993392944,1,0
16,41,0.8785138130187988,1,0
16,42,0.9209601283073425,1,0
16,43,0.9135422110557556,1,0
16,44,0.5514780282974243,1,0
16,45,0.8884575366973877,1,0
16,46,0.8468002676963806,1,0
16,47,0.2923627197742462,0,0
16,48,0.17693652212619781,0,0
16,49,0.04878799617290497,0,0
16,50,0.12470079213380814,0,0
16,51,0.05369538441300392,0,0
16,52,0.15831497311592102,0,0
16,53,0.4480593204498291,0,0
16,54,0.5501031875610352,1,0
16,55,0.15822826325893402,0,0
16,56,0.3816712498664856,0,0
16,57,0.6800016164779663,1,0
16,58,0.904641330242157,1,0
16,59,0.7012781500816345,1,0
16,60,0.3889213800430298,0,0
16,61,0.21589915454387665,0,0
16,62,0.015133194625377655,0,0
16,63,0.004735501483082771,0,0
16,64,0.003428223542869091,0,0
16,65,0.0033785111736506224,0,0
16,66,0.017832795158028603,0,0
16,67,0.02786364033818245,0,0
16,68,0.010922449640929699,0,0
16,69,0.032074905931949615,0,0
16,70,0.06984635442495346,0,0
16,71,0.21416626870632172,0,0
16,72,0.7073419094085693,1,0
16,73,0.473305881023407,0,0
16,74,0.3000101149082184,0,0
16,75,0.23698292672634125,0,0
16,76,0.23643778264522552,0,0
16,77,0.4824654161930084,0,0
16,78,0.6888511180877686,1,0
16,79,0.8387539386749268,1,0
16,80,0.7238202095031738,1,0
16,81,0.9461126923561096,1,0
16,82,0.2944450378417969,0,0
16,83,0.744552493095398,1,0
16,84,0.851333498954773,1,0
16,85,0.3179250955581665,0,0
16,86,0.5214425325393677,1,0
16,87,0.5126331448554993,1,0
16,88,0.9035444855690002,1,0
16,89,0.775338351726532,1,0
16,90,0.9277609586715698,1,0
16,91,0.1381535828113556,0,0
16,92,0.28425920009613037,0,0
16,93,0.6965962648391724,1,0
16,94,0.1703624427318573,0,0
16,95,0.8637120127677917,1,0
16,96,0.7671842575073242,1,0
16,97,0.4002411961555481,0,0
16,98,0.3251478970050812,0,0
16,99,0.5058131217956543,1,0
16,100,0.6704730987548828,1,0
16,101,0.45118027925491333,0,0
16,102,0.8834357857704163,1,0
16,103,0.40541383624076843,0,0
16,104,0.8770958185195923,1,0
16,105,0.5825861096382141,1,0
16,106,0.6395132541656494,1,0
16,107,0.551383912563324,1,0
16,108,0.6691561937332153,1,0
16,109,0.1525566279888153,0,0
16,110,0.22477450966835022,0,0
16,111,0.302043080329895,0,0
16,112,0.864742636680603,1,0
16,113,0.9106814861297607,1,0
16,114,0.7774289846420288,1,0
16,115,0.47862839698791504,0,0
16,116,0.6772304773330688,1,0
16,117,0.6949393153190613,1,0
16,118,0.7537298202514648,1,0
16,119,0.6793438792228699,1,0
16,120,0.027833737432956696,0,1
16,121,0.03478759899735451,0,1
16,122,0.014874468557536602,0,1
16,123,0.07869796454906464,0,1
16,124,0.20769062638282776,0,1
16,125,0.02252420410513878,0,1
16,126,0.0019266072195023298,0,1
16,127,0.03294643387198448,0,1
16,128,0.33178943395614624,0,1
16,129,0.11496733874082565,0,1
16,130,0.861134946346283,1,1
16,131,0.026751240715384483,0,1
16,132,0.33282390236854553,0,1
16,133,0.7883999347686768,1,1
16,134,0.634274959564209,1,1
16,135,0.5060949325561523,1,1
16,136,0.9521526098251343,1,1
16,137,0.7416895031929016,1,1
16,138,0.704261064529419,1,1
16,139,0.7582880258560181,1,1
16,140,0.8979204893112183,1,1
16,141,0.7745926380157471,1,1
16,142,0.35167086124420166,0,1
16,143,0.6763179898262024,1,1
16,144,0.39094462990760803,0,1
16,145,0.7698554992675781,1,1
16,146,0.8703774809837341,1,1
16,147,0.8309025764465332,1,1
16,148,0.7409391403198242,1,1
16,149,0.7742726802825928,1,1
16,150,0.9216459393501282,1,1
16,151,0.9010748863220215,1,1
16,152,0.8006128072738647,1,1
16,153,0.827704668045044,1,1
16,154,0.8558839559555054,1,1
16,155,0.8741167783737183,1,1
16,156,0.7310469150543213,1,1
16,157,0.5713709592819214,1,1
16,158,0.8889742493629456,1,1
16,159,0.8360155820846558,1,1
16,160,0.5764460563659668,1,1
16,161,0.666770339012146,1,1
16,162,0.8494225740432739,1,1
16,163,0.12860535085201263,0,1
16,164,0.9185268878936768,1,1
16,165,0.7754244208335876,1,1
16,166,0.7170008420944214,1,1
16,167,0.6427102088928223,1,1
16,168,0.8608402609825134,1,1
16,169,0.8589168190956116,1,1
16,170,0.8883935809135437,1,1
16,171,0.7007296085357666,1,1
16,172,0.7589089274406433,1,1
16,173,0.6647406816482544,1,1
16,174,0.6398349404335022,1,1
16,175,0.7624602317810059,1,1
16,176,0.8122051358222961,1,1
16,177,0.5756003856658936,1,1
16,178,0.7635490894317627,1,1
16,179,0.6900724172592163,1,1
17,0,0.9411762952804565,1,1
17,1,0.9548260569572449,1,1
17,2,0.9379038214683533,1,1
17,3,0.9897909760475159,1,1
17,4,0.9813638925552368,1,1
17,5,0.9880565404891968,1,1
17,6,0.9839485883712769,1,1
17,7,0.9663245677947998,1,1
17,8,0.9583396911621094,1,1
17,9,0.9858320951461792,1,1
17,10,0.9946951866149902,1,1
17,11,0.9989542961120605,1,1
17,12,0.9957048296928406,1,1
17,13,0.9913414716720581,1,1
17,14,0.9968023896217346,1,1
17,15,0.9903182983398438,1,1
17,16,0.9851260781288147,1,1
17,17,0.9870374798774719,1,1
17,18,0.9926676750183105,1,1
17,19,0.9899191856384277,1,1
17,20,0.9777275919914246,1,1
17,21,0.9952084422111511,1,1
17,22,0.9973506927490234,1,1
17,23,0.9947383999824524,1,1
17,24,0.9920801520347595,1,1
17,25,0.9931983947753906,1,1
17,26,0.9952825307846069,1,1
17,27,0.9842686057090759,1,1
17,28,0.9924941062927246,1,1
17,29,0.9961060881614685,1,1
17,30,0.993569552898407,1,1
17,31,0.9946060180664062,1,1
17,32,0.9902832508087158,1,1
17,33,0.990510106086731,1,1
17,34,0.9922811985015869,1,1
17,35,0.9861931800842285,1,1
17,36,0.987431526184082,1,1
17,37,0.9679578542709351,1,1
17,38,0.9792534112930298,1,1
17,39,0.9948133230209351,1,1
17,40,0.9937138557434082,1,1
17,41,0.9895792603492737,1,1
17,42,0.9953188300132751,1,1
17,43,0.9941903352737427,1,1
17,44,0.9894464015960693,1,1
17,45,0.9877479076385498,1,1
17,46,0.9943506717681885,1,1
17,47,0.9920850396156311,1,1
17,48,0.9967771172523499,1,1
17,49,0.993141770362854,1,1
17,50,0.9893943667411804,1,1
17,51,0.9882843494415283,1,1
17,52,0.979367733001709,1,1
17,53,0.992864191532135,1,1
17,54,0.9827110767364502,1,1
17,55,0.9793531894683838,1,1
17,56,0.9890488386154175,1,1
17,57,0.9862408638000488,1,1
17,58,0.9955436587333679,1,1
17,59,0.9816031455993652,1,1
17,60,0.9685338735580444,1,0
17,61,0.9960141777992249,1,0
17,62,0.9914183616638184,1,0
17,63,0.9634223580360413,1,0
17,64,0.9765567779541016,1,0
17,65,0.9839768409729004,1,0
17,66,0.949083149433136,1,0
17,67,0.9664114713668823,1,0
17,68,0.9330414533615112,1,0
17,69,0.59244704246521,1,0
17,70,0.9971849918365479,1,0
17,71,0.9972439408302307,1,0
17,72,0.9976259469985962,1,0
17,73,0.9987012147903442,1,0
17,74,0.9965440034866333,1,0
17,75,0.9973067045211792,1,0
17,76,0.995337188243866,1,0
17,77,0.9941779375076294,1,0
17,78,0.9914295077323914,1,0
17,79,0.9956977963447571,1,0
17,80,0.9949983954429626,1,0
17,81,0.994490385055542,1,0
17,82,0.99711012840271,1,0
17,83,0.9933595061302185,1,0
17,84,0.9878585338592529,1,0
17,85,0.9879119992256165,1,0
17,86,0.9912026524543762,1,0
17,87,0.9927754402160645,1,0
17,88,0.9841550588607788,1,0
17,89,0.9907666444778442,1,0
17,90,0.9938902258872986,1,0
17,91,0.9944928884506226,1,0
17,92,0.9942018985748291,1,0
17,93,0.9957671165466309,1,0
17,94,0.9932149052619934,1,0
17,95,0.985694169998169,1,0
17,96,0.997834324836731,1,0
17,97,0.9956287741661072,1,0
17,98,0.9950819611549377,1,0
17,99,0.9867610335350037,1,0
17,100,0.9911302924156189,1,0
17,101,0.9959043860435486,1,0
17,102,0.9930402040481567,1,0
17,103,0.9977637529373169,1,0
17,104,0.9980525374412537,1,0
17,105,0.9986857771873474,1,0
17,106,0.997382402420044,1,0
17,107,0.9986953139305115,1,0
17,108,0.9992239475250244,1,0
17,109,0.9980272054672241,1,0
17,110,0.9976047277450562,1,0
17,111,0.9976915717124939,1,0
17,112,0.9968407154083252,1,0
17,113,0.9951415657997131,1,0
17,114,0.999302864074707,1,0
17,115,0.9988430738449097,1,0
17,116,0.9976531863212585,1,0
17,117,0.9964191913604736,1,0
17,118,0.998437762260437,1,0
17,119,0.9980608820915222,1,0
17,120,0.9296132326126099,1,0
17,121,0.9662320017814636,1,0
17,122,0.849915623664856,1,0
17,123,0.9167751669883728,1,0
17,124,0.9657554626464844,1,0
17,125,0.9795778393745422,1,0
17,126,0.9811445474624634,1,0
17,127,0.9761873483657837,1,0
17,128,0.8953795433044434,1,0
17,129,0.9526380300521851,1,0
17,130,0.8501065969467163,1,0
17,131,0.9304909706115723,1,0
17,132,0.9727005362510681,1,0
17,133,0.906316876411438,1,0
17,134,0.9662565588951111,1,0
17,135,0.9524106979370117,1,0
17,136,0.9709551930427551,1,0
17,137,0.9599202275276184,1,0
17,138,0.9643726944923401,1,0
17,139,0.9132790565490723,1,0
17,140,0.9785298109054565,1,0
17,141,0.87074875831604,1,0
17,142,0.9685978889465332,1,0
17,143,0.8974672555923462,1,0
17,144,0.9677668213844299,1,0
17,145,0.936481237411499,1,0
17,146,0.9500786066055298,1,0
17,147,0.9489091038703918,1,0
17,148,0.8752642869949341,1,0
17,149,0.970120370388031,1,0
17,150,0.9632881879806519,1,0
17,151,0.97098308801651,1,0
17,152,0.9700093865394592,1,0
17,153,0.9673876762390137,1,0
17,154,0.9626763463020325,1,0
17,155,0.9394789934158325,1,0
17,156,0.9660247564315796,1,0
17,157,0.960368812084198,1,0
17,158,0.9634659886360168,1,0
17,159,0.9816278219223022,1,0
17,160,0.9714437127113342,1,0
17,161,0.9749633073806763,1,0
17,162,0.9857781529426575,1,0
17,163,0.9240785241127014,1,0
17,164,0.9593833088874817,1,0
17,165,0.9767602682113647,1,0
17,166,0.9255678057670593,1,0
17,167,0.9680535793304443,1,0
17,168,0.941399335861206,1,0
17,169,0.948898434638977,1,0
17,170,0.9415411949157715,1,0
17,171,0.9747336506843567,1,0
17,172,0.9604259729385376,1,0
17,173,0.9495152235031128,1,0
17,174,0.978063702583313,1,0
17,175,0.9557459950447083,1,0
17,176,0.9592272043228149,1,0
17,177,0.9395665526390076,1,0
17,178,0.9893139600753784,1,0
17,179,0.9904205203056335,1,0
18,0,0.7385931015014648,1,0
18,1,0.9940720200538635,1,0
18,2,0.9984840154647827,1,0
18,3,0.9947807788848877,1,0
18,4,0.9953749775886536,1,0
18,5,0.9929264187812805,1,0
18,6,0.9922361969947815,1,0
18,7,0.9990297555923462,1,0
18,8,0.998956561088562,1,0
18,9,0.9541235566139221,1,0
18,10,0.8206713795661926,1,0
18,11,0.9810582399368286,1,0
18,12,0.9527666568756104,1,0
18,13,0.9550989270210266,1,0
18,14,0.9597178101539612,1,0
18,15,0.989541232585907,1,0
18,16,0.5988913178443909,1,0
18,17,0.9906284809112549,1,0
18,18,0.9882735013961792,1,0
18,19,0.9876463413238525,1,0
18,20,0.9474911093711853,1,0
18,21,0.9949937462806702,1,0
18,22,0.9747453331947327,1,0
18,23,0.9174633026123047,1,0
18,24,0.6384886503219604,1,0
18,25,0.9825801849365234,1,0
18,26,0.9593200087547302,1,0
18,27,0.9861080050468445,1,0
18,28,0.9769405126571655,1,0
18,29,0.94569331407547,1,0
18,30,0.9192039966583252,1,0
18,31,0.9944590330123901,1,0
18,32,0.906953752040863,1,0
18,33,0.9954937100410461,1,0
18,34,0.8999668955802917,1,0
18,35,0.6313198804855347,1,0
18,36,0.9888127446174622,1,0
18,37,0.9933590888977051,1,0
18,38,0.9747797846794128,1,0
18,39,0.9204462170600891,1,0
18,40,0.36396265029907227,0,0
18,41,0.8513512015342712,1,0
18,42,0.9845635294914246,1,0
18,43,0.937203049659729,1,0
18,44,0.961545467376709,1,0
18,45,0.99567049741745,1,0
18,46,0.8605486750602722,1,0
18,47,0.9756936430931091,1,0
18,48,0.9653900861740112,1,0
18,49,0.9883272647857666,1,0
18,50,0.8811009526252747,1,0
18,51,0.9878325462341309,1,0
18,52,0.6826539039611816,1,0
18,53,0.9495865106582642,1,0
18,54,0.9988827109336853,1,0
18,55,0.9878590703010559,1,0
18,56,0.9745365977287292,1,0
18,57,0.9037940502166748,1,0
18,58,0.9048998951911926,1,0
18,59,0.9824908375740051,1,0
18,60,0.6834776401519775,1,0
18,61,0.9755773544311523,1,0
18,62,0.9502869248390198,1,0
18,63,0.8909757137298584,1,0
18,64,0.9689421057701111,1,0
18,65,0.9851980805397034,1,0
18,66,0.9945584535598755,1,0
18,67,0.9617711901664734,1,0
18,68,0.9059082269668579,1,0
18,69,0.9188900589942932,1,0
18,70,0.9377358555793762,1,0
18,71,0.9543533325195312,1,0
18,72,0.8675824403762817,1,0
18,73,0.7802619934082031,1,0
18,74,0.8916264176368713,1,0
18,75,0.9848781228065491,1,0
18,76,0.9710926413536072,1,0
18,77,0.7999570369720459,1,0
18,78,0.8376107215881348,1,0
18,79,0.9456610083580017,1,0
18,80,0.9336493015289307,1,0
18,81,0.9720837473869324,1,0
18,82,0.860149085521698,1,0
18,83,0.7358996868133545,1,0
18,84,0.9880621433258057,1,0
18,85,0.9813404083251953,1,0
18,86,0.9949358701705933,1,0
18,87,0.8093143105506897,1,0
18,88,0.9762588143348694,1,0
18,89,0.9608412384986877,1,0
18,90,0.9885625243186951,1,0
18,91,0.9882457852363586,1,0
18,92,0.9948925375938416,1,0
18,93,0.8792642951011658,1,0
18,94,0.9298004508018494,1,0
18,95,0.9100112915039062,1,0
18,96,0.922182023525238,1,0
18,97,0.7164520025253296,1,0
18,98,0.5426021814346313,1,0
18,99,0.8989086747169495,1,0
18,100,0.8551955223083496,1,0
18,101,0.9315400123596191,1,0
18,102,0.9931290149688721,1,0
18,103,0.9604133367538452,1,0
18,104,0.9939377307891846,1,0
18,105,0.9870722889900208,1,0
18,106,0.9920405149459839,1,0
18,107,0.9968616366386414,1,0
18,108,0.9777027368545532,1,0
18,109,0.9640043377876282,1,0
18,110,0.9627254009246826,1,0
18,111,0.9494515657424927,1,0
18,112,0.8800439834594727,1,0
18,113,0.9966858625411987,1,0
18,114,0.9989154934883118,1,0
18,115,0.9810448884963989,1,0
18,116,0.9385499358177185,1,0
18,117,0.9768821597099304,1,0
18,118,0.9828628301620483,1,0
18,119,0.9823874831199646,1,0
18,120,0.8065096139907837,1,1
18,121,0.8204102516174316,1,1
18,122,0.9746593236923218,1,1
18,123,0.937690258026123,1,1
18,124,0.9507279396057129,1,1
18,125,0.9690166115760803,1,1
18,126,0.998042643070221,1,1
18,127,0.9671034216880798,1,1
18,128,0.7680079936981201,1,1
18,129,0.9029994606971741,1,1
18,130,0.9120540022850037,1,1
18,131,0.9598525762557983,1,1
18,132,0.8977490663528442,1,1
18,133,0.9151471257209778,1,1
18,134,0.9718354344367981,1,1
18,135,0.9896774888038635,1,1
18,136,0.9689263701438904,1,1
18,137,0.9144779443740845,1,1
18,138,0.9732775092124939,1,1
18,139,0.9621599912643433,1,1
18,140,0.8945867419242859,1,1
18,141,0.9949817657470703,1,1
18,142,0.9557082056999207,1,1
18,143,0.39391008019447327,0,1
18,144,0.7719571590423584,1,1
18,145,0.886763870716095,1,1
18,146,0.5662107467651367,1,1
18,147,0.7299156785011292,1,1
18,148,0.8494764566421509,1,1
18,149,0.8625420928001404,1,1
18,150,0.7985799312591553,1,1
18,151,0.9839668273925781,1,1
18,152,0.9794095754623413,1,1
18,153,0.9788239002227783,1,1
18,154,0.9555413126945496,1,1
18,155,0.8097602128982544,1,1
18,156,0.6720544099807739,1,1
18,157,0.9694738984107971,1,1
18,158,0.8341844081878662,1,1
18,159,0.9871076941490173,1,1
18,160,0.9514235854148865,1,1
18,161,0.9852626919746399,1,1
18,162,0.8911839127540588,1,1
18,163,0.7511487007141113,1,1
18,164,0.9733255505561829,1,1
18,165,0.7305453419685364,1,1
18,166,0.9586971402168274,1,1
18,167,0.9441103935241699,1,1
18,168,0.9326143264770508,1,1
18,169,0.9969563484191895,1,1
18,170,0.8354788422584534,1,1
18,171,0.9101337790489197,1,1
18,172,0.8586016893386841,1,1
18,173,0.8803055882453918,1,1
18,174,0.8802143335342407,1,1
18,175,0.7778929471969604,1,1
18,176,0.9192294478416443,1,1
18,177,0.7974705696105957,1,1
18,178,0.6336773633956909,1,1
18,179,0.9320642948150635,1,1
19,0,3.8602564700340736e-07,0,0
19,1,7.451375267919502e-07,0,0
19,2,0.0002859412634279579,0,0
19,3,3.5443852084426908e-06,0,0
19,4,0.0009183030342683196,0,0
19,5,1.129013344325358e-05,0,0
19,6,1.156605048890924e-05,0,0
19,7,1.5585119399474934e-06,0,0
19,8,9.43831582844723e-06,0,0
19,9,5.6002581914071925e-06,0,0
19,10,1.8430722775519826e-05,0,0
19,11,1.9221466573071666e-05,0,0
19,12,9.155507541436236e-06,0,0
19,13,0.00021644681692123413,0,0
19,14,5.3568921430269256e-05,0,0
19,15,3.96656287193764e-05,0,0
19,16,1.0193009984504897e-05,0,0
19,17,5.4833258218423e-06,0,0
19,18,1.4944537724659313e-05,0,0
19,19,1.3442902854876593e-05,0,0
19,20,7.075990652083419e-06,0,0
19,21,3.3501962661830476e-06,0,0
19,22,2.3147424144553952e-05,0,0
19,23,5.8787205489352345e-05,0,0
19,24,7.79217662056908e-05,0,0
19,25,1.785512904461939e-05,0,0
19,26,0.001081062713637948,0,0
19,27,7.568221917608753e-06,0,0
19,28,9.393596701556817e-05,0,0
19,29,0.00014403088425751776,0,0
19,30,0.0001048022968461737,0,0
19,31,4.157763032708317e-05,0,0
19,32,2.011146534641739e-05,0,0
19,33,9.877816046355292e-05,0,0
19,34,6.792935164412484e-05,0,0
19,35,0.0002552377409301698,0,0
19,36,3.218407437088899e-05,0,0
19,37,0.00012114513083361089,0,0
19,38,3.02462576655671e-05,0,0
19,39,2.314914672751911e-05,0,0
19,40,1.3737476365349721e-06,0,0
19,41,8.639478437544312e-06,0,0
19,42,1.1640276170510333e-05,0,0
19,43,0.00014953409845475107,0,0
19,44,8.280462498078123e-05,0,0
19,45,6.921357271494344e-05,0,0
19,46,5.5920872910064645e-06,0,0
19,47,7.949399150675163e-05,0,0
19,48,8.762867219047621e-05,0,0
19,49,4.144311242271215e-05,0,0
19,50,2.5094802822422935e-06,0,0
19,51,0.00046701388782821596,0,0
19,52,2.296451202710159e-05,0,0
19,53,6.878827207401628e-06,0,0
19,54,4.7751771489856765e-05,0,0
19,55,0.0003456108388490975,0,0
19,56,0.00021263922099024057,0,0
19,57,1.2224518286529928e-05,0,0
19,58,4.5675664296140894e-05,0,0
19,59,1.000367228698451e-05,0,0
19,60,0.20472441613674164,0,0
19,61,0.010913969948887825,0,0
19,62,0.0003230180300306529,0,0
19,63,0.03671398386359215,0,0
19,64,0.10452335327863693,0,0
19,65,0.0068423026241362095,0,0
19,66,0.1891755610704422,0,0
19,67,0.3975636661052704,0,0
19,68,0.2023295760154724,0,0
19,69,0.28823256492614746,0,0
19,70,0.004078058525919914,0,0
19,71,0.2052941918373108,0,0
19,72,0.004738576710224152,0,0
19,73,0.2061162143945694,0,0
19,74,0.008890527300536633,0,0
19,75,0.0016770028742030263,0,0
19,76,0.08231592923402786,0,0
19,77,0.013796738348901272,0,0
19,78,0.05714400112628937,0,0
19,79,0.0015341319376602769,0,0
19,80,0.004847850184887648,0,0
19,81,0.0022731078788638115,0,0
19,82,0.001701701432466507,0,0
19,83,0.01156068965792656,0,0
19,84,0.030898798257112503,0,0
19,85,0.10475044697523117,0,0
19,86,0.006536424625664949,0,0
19,87,0.0014358584303408861,0,0
19,88,0.13599355518817902,0,0
19,89,0.043619655072689056,0,0
19,90,0.028724681586027145,0,0
19,91,0.00665179081261158,0,0
19,92,0.052567001432180405,0,0
19,93,0.0024219113402068615,0,0
19,94,0.003276494797319174,0,0
19,95,0.0005223811604082584,0,0
19,96,0.0779009684920311,0,0
19,97,0.0038508393336087465,0,0
19,98,0.0026300926692783833,0,0
19,99,0.000570783275179565,0,0
19,100,0.0024525111075490713,0,0
19,101,0.713542640209198,1,0
19,102,0.1831662356853485,0,0
19,103,0.20947718620300293,0,0
19,104,0.19978751242160797,0,0
19,105,0.025302447378635406,0,0
19,106,0.07296444475650787,0,0
19,107,0.0028043894562870264,0,0
19,108,0.07578868418931961,0,0
19,109,0.002204511547461152,0,0
19,110,0.033493246883153915,0,0
19,111,0.013827349990606308,0,0
19,112,0.09191366285085678,0,0
19,113,0.02451164275407791,0,0
19,114,0.0091904541477561,0,0
19,115,0.019373415037989616,0,0
19,116,0.013757897540926933,0,0
19,117,0.02123437263071537,0,0
19,118,0.08901581168174744,0,0
19,119,0.010257449001073837,0,0
19,120,0.9622042179107666,1,1
19,121,0.9374116659164429,1,1
19,122,0.9837351441383362,1,1
19,123,0.9086207747459412,1,1
19,124,0.9673076868057251,1,1
19,125,0.7939558625221252,1,1
19,126,0.9581289291381836,1,1
19,127,0.9664540886878967,1,1
19,128,0.9950801730155945,1,1
19,129,0.699000895023346,1,1
19,130,0.9468604326248169,1,1
19,131,0.8470978140830994,1,1
19,132,0.984802782535553,1,1
19,133,0.9372692108154297,1,1
19,134,0.8858623504638672,1,1
19,135,0.9315942525863647,1,1
19,136,0.996401309967041,1,1
19,137,0.9402776956558228,1,1
19,138,0.9740434288978577,1,1
19,139,0.9675474166870117,1,1
19,140,0.45824500918388367,0,1
19,141,0.8191713094711304,1,1
19,142,0.9092969298362732,1,1
19,143,0.9712195992469788,1,1
19,144,0.9710227847099304,1,1
19,145,0.9591693878173828,1,1
19,146,0.9683246612548828,1,1
19,147,0.9149484634399414,1,1
19,148,0.8639793395996094,1,1
19,149,0.9171739816665649,1,1
19,150,0.945525586605072,1,1
19,151,0.6878410577774048,1,1
19,152,0.9230847358703613,1,1
19,153,0.8718040585517883,1,1
19,154,0.9224466681480408,1,1
19,155,0.9227811694145203,1,1
19,156,0.9203997850418091,1,1
19,157,0.9142417907714844,1,1
19,158,0.817383348941803,1,1
19,159,0.7839646339416504,1,1
19,160,0.9296305775642395,1,1
19,161,0.9443962574005127,1,1
19,162,0.9621509313583374,1,1
19,163,0.9335275292396545,1,1
19,164,0.9533225893974304,1,1
19,165,0.9313977956771851,1,1
19,166,0.9326701760292053,1,1
19,167,0.8916869163513184,1,1
19,168,0.883287250995636,1,1
19,169,0.9157301783561707,1,1
19,170,0.9677773714065552,1,1
19,171,0.9088685512542725,1,1
19,172,0.9431202411651611,1,1
19,173,0.9692215323448181,1,1
19,174,0.9308577179908752,1,1
19,175,0.7836430072784424,1,1
19,176,0.667017936706543,1,1
19,177,0.8781547546386719,1,1
19,178,0.935061514377594,1,1
19,179,0.9485392570495605,1,1
20,0,0.3876258432865143,0,0
20,1,0.15395261347293854,0,0
20,2,0.06582572311162949,0,0
20,3,0.0586673766374588,0,0
20,4,0.02495918609201908,0,0
20,5,0.18183082342147827,0,0
20,6,0.4054703712463379,0,0
20,7,0.31404486298561096,0,0
20,8,0.09055257588624954,0,0
20,9,0.014959975145757198,0,0
20,10,0.06071503460407257,0,0
20,11,0.10061746835708618,0,0
20,12,0.048411786556243896,0,0
20,13,0.19528791308403015,0,0
20,14,0.06629669666290283,0,0
20,15,0.09167440980672836,0,0
20,16,0.03485722467303276,0,0
20,17,0.10167219489812851,0,0
20,18,0.020296910777688026,0,0
20,19,0.023563003167510033,0,0
20,20,0.0541643351316452,0,0
20,21,0.04447304457426071,0,0
20,22,0.3279538154602051,0,0
20,23,0.16825616359710693,0,0
20,24,0.07263460755348206,0,0
20,25,0.08922303467988968,0,0
20,26,0.34228408336639404,0,0
20,27,0.07208987325429916,0,0
20,28,0.015023721382021904,0,0
20,29,0.030624112114310265,0,0
20,30,0.07383082807064056,0,0
20,31,0.0164750125259161,0,0
20,32,0.026275737211108208,0,0
20,33,0.03056221641600132,0,0
20,34,0.032763104885816574,0,0
20,35,0.03810708224773407,0,0
20,36,0.009699147194623947,0,0
20,37,0.1438722461462021,0,0
20,38,0.08500144630670547,0,0
20,39,0.059779781848192215,0,0
20,40,0.09812697023153305,0,0
20,41,0.03757422789931297,0,0
20,42,0.020783763378858566,0,0
20,43,0.13884632289409637,0,0
20,44,0.036500874906778336,0,0
20,45,0.06785386800765991,0,0
20,46,0.4349403977394104,0,0
20,47,0.4047996401786804,0,0
20,48,0.25283628702163696,0,0
20,49,0.03919775038957596,0,0
20,50,0.09230026602745056,0,0
20,51,0.04702324792742729,0,0
20,52,0.19345353543758392,0,0
20,53,0.04940773919224739,0,0
20,54,0.03825894370675087,0,0
20,55,0.014394986443221569,0,0
20,56,0.14681404829025269,0,0
20,57,0.05248505622148514,0,0
20,58,0.23213431239128113,0,0
20,59,0.2029847800731659,0,0
20,60,0.04699800908565521,0,0
20,61,0.2976156175136566,0,0
20,62,0.3126809895038605,0,0
20,63,0.8715193271636963,1,0
20,64,0.12443357706069946,0,0
20,65,0.07773914188146591,0,0
20,66,0.04130161553621292,0,0
20,67,0.0016069278353825212,0,0
20,68,0.03681175410747528,0,0
20,69,0.029428185895085335,0,0
20,70,0.7684569954872131,1,0
20,71,0.137984037399292,0,0
20,72,0.1542409360408783,0,0
20,73,0.11054202169179916,0,0
20,74,0.10656518489122391,0,0
20,75,0.17681053280830383,0,0
20,76,0.6390106678009033,1,0
20,77,0.8190193176269531,1,0
20,78,0.33450886607170105,0,0
20,79,0.3525301218032837,0,0
20,80,0.32749226689338684,0,0
20,81,0.7069120407104492,1,0
20,82,0.8428579568862915,1,0
20,83,0.8792083263397217,1,0
20,84,0.5108901262283325,1,0
20,85,0.6256333589553833,1,0
20,86,0.6775879859924316,1,0
20,87,0.8196219801902771,1,0
20,88,0.7122606039047241,1,0
20,89,0.6762208342552185,1,0
20,90,0.950771689414978,1,0
20,91,0.2906269431114197,0,0
20,92,0.2516555190086365,0,0
20,93,0.26391205191612244,0,0
20,94,0.14329594373703003,0,0
20,95,0.015067963860929012,0,0
20,96,0.9388775825500488,1,0
20,97,0.16801729798316956,0,0
20,98,0.10712751001119614,0,0
20,99,0.10097923874855042,0,0
20,100,0.08387689292430878,0,0
20,101,0.2870551347732544,0,0
20,102,0.07780764997005463,0,0
20,103,0.021065279841423035,0,0
20,104,0.23343342542648315,0,0
20,105,0.03839157894253731,0,0
20,106,0.10346858948469162,0,0
20,107,0.05630850791931152,0,0
20,108,0.005853758659213781,0,0
20,109,0.001171017880551517,0,0
20,110,0.026346344500780106,0,0
20,111,0.030277490615844727,0,0
20,112,0.08503945171833038,0,0
20,113,0.0769733265042305,0,0
20,114,0.03148457035422325,0,0
20,115,0.46923625469207764,0,0
20,116,0.013050371780991554,0,0
20,117,0.08573159575462341,0,0
20,118,0.018241075798869133,0,0
20,119,0.0013895187294110656,0,0
20,120,0.01782960444688797,0,1
20,121,0.012635182589292526,0,1
20,122,0.0017247750656679273,0,1
20,123,0.003772064810618758,0,1
20,124,0.028911691159009933,0,1
20,125,0.019268548116087914,0,1
20,126,0.0032758708111941814,0,1
20,127,0.04608910158276558,0,1
20,128,0.0008356883772648871,0,1
20,129,0.016836678609251976,0,1
20,130,0.006668952293694019,0,1
20,131,0.0028869539964944124,0,1
20,132,0.0018891941290348768,0,1
20,133,0.004148699343204498,0,1
20,134,0.17617683112621307,0,1
20,135,0.005678880959749222,0,1
20,136,0.022245053201913834,0,1
20,137,0.03311993554234505,0,1
20,138,0.0038900196086615324,0,1
20,139,0.0007436862215399742,0,1
20,140,0.0015051951631903648,0,1
20,141,0.0006874274113215506,0,1
20,142,0.020239155739545822,0,1
20,143,0.017761344090104103,0,1
20,144,0.05126667395234108,0,1
20,145,0.016734609380364418,0,1
20,146,0.04111923277378082,0,1
20,147,0.01820220984518528,0,1
20,148,0.12732160091400146,0,1
20,149,0.012916592881083488,0,1
20,150,0.003545763436704874,0,1
20,151,0.19387970864772797,0,1
20,152,0.07346060127019882,0,1
20,153,0.0731004998087883,0,1
20,154,0.014993726275861263,0,1
20,155,0.02669386938214302,0,1
20,156,0.01521193329244852,0,1
20,157,0.006337885279208422,0,1
20,158,0.009355058893561363,0,1
20,159,0.030419697985053062,0,1
20,160,0.006339285057038069,0,1
20,161,0.004546791315078735,0,1
20,162,0.003725779242813587,0,1
20,163,0.006352475844323635,0,1
20,164,0.002179540693759918,0,1
20,165,0.018042778596282005,0,1
20,166,0.002273180289193988,0,1
20,167,0.02802102267742157,0,1
20,168,0.005356341600418091,0,1
20,169,0.0026828621048480272,0,1
20,170,0.004728218540549278,0,1
20,171,0.001900822389870882,0,1
20,172,0.0036342355888336897,0,1
20,173,0.00439003249630332,0,1
20,174,0.002450252417474985,0,1
20,175,0.021716071292757988,0,1
20,176,0.01014989148825407,0,1
20,177,0.0006593299331143498,0,1
20,178,0.08289828896522522,0,1
20,179,0.02114926092326641,0,1
21,0,0.0007572630420327187,0,1
21,1,0.0024911160580813885,0,1
21,2,0.022933190688490868,0,1
21,3,0.012572825886309147,0,1
21,4,0.0010749859502539039,0,1
21,5,0.012694784440100193,0,1
21,6,0.0012523666955530643,0,1
21,7,0.0045812902972102165,0,1
21,8,0.006347261369228363,0,1
21,9,0.0029104857239872217,0,1
21,10,0.0021974178962409496,0,1
21,11,0.01627524569630623,0,1
21,12,0.0041212765499949455,0,1
21,13,0.02899082750082016,0,1
21,14,0.027795711532235146,0,1
21,15,0.052404649555683136,0,1
21,16,0.09109818190336227,0,1
21,17,0.016452796757221222,0,1
21,18,0.04919354245066643,0,1
21,19,0.0015164411161094904,0,1
21,20,0.022288458421826363,0,1
21,21,0.011419147253036499,0,1
21,22,0.03883436322212219,0,1
21,23,0.08296382427215576,0,1
21,24,0.016745299100875854,0,1
21,25,0.009449870325624943,0,1
21,26,0.11360446363687515,0,1
21,27,0.07251187413930893,0,1
21,28,0.018119068816304207,0,1
21,29,0.14403000473976135,0,1
21,30,0.03195658326148987,0,1
21,31,0.0016664901049807668,0,1
21,32,0.025210410356521606,0,1
21,33,0.060977086424827576,0,1
21,34,0.030447332188487053,0,1
21,35,0.00031305040465667844,0,1
21,36,0.006995324045419693,0,1
21,37,0.23203614354133606,0,1
21,38,0.017073534429073334,0,1
21,39,0.09605126827955246,0,1
21,40,0.006765222176909447,0,1
21,41,0.014935989864170551,0,1
21,42,0.02189251035451889,0,1
21,43,0.014241685159504414,0,1
21,44,0.07332276552915573,0,1
21,45,0.005907713435590267,0,1
21,46,0.26531192660331726,0,1
21,47,0.14506252110004425,0,1
21,48,0.024332715198397636,0,1
21,49,0.003527653170749545,0,1
21,50,0.15747256577014923,0,1
21,51,0.076392762362957,0,1
21,52,0.011317488737404346,0,1
21,53,0.021618478000164032,0,1
21,54,0.0037211270537227392,0,1
21,55,0.06549596041440964,0,1
21,56,0.03299298137426376,0,1
21,57,0.10416229814291,0,1
21,58,0.025788675993680954,0,1
21,59,0.023141998797655106,0,1
21,60,0.9915363788604736,1,0
21,61,0.9873838424682617,1,0
21,62,0.9960382580757141,1,0
21,63,0.9633668065071106,1,0
21,64,0.8930104970932007,1,0
21,65,0.8570813536643982,1,0
21,66,0.9945849180221558,1,0
21,67,0.9943140149116516,1,0
21,68,0.7225425243377686,1,0
21,69,0.727277398109436,1,0
21,70,0.5969740152359009,1,0
21,71,0.3699612617492676,0,0
21,72,0.9312759637832642,1,0
21,73,0.6158676147460938,1,0
21,74,0.5952743887901306,1,0
21,75,0.4085652828216553,0,0
21,76,0.2739834785461426,0,0
21,77,0.34515729546546936,0,0
21,78,0.1025891825556755,0,0
21,79,0.1988360583782196,0,0
21,80,0.7636409401893616,1,0
21,81,0.8931617736816406,1,0
21,82,0.9812594652175903,1,0
21,83,0.9571491479873657,1,0
21,84,0.9941157698631287,1,0
21,85,0.9953246116638184,1,0
21,86,0.9861772656440735,1,0
21,87,0.9651579856872559,1,0
21,88,0.9006631970405579,1,0
21,89,0.9765112996101379,1,0
21,90,0.9661749005317688,1,0
21,91,0.96369469165802,1,0
21,92,0.990470826625824,1,0
21,93,0.924809455871582,1,0
21,94,0.9937498569488525,1,0
21,95,0.9927478432655334,1,0
21,96,0.9595304131507874,1,0
21,97,0.9974493980407715,1,0
21,98,0.9920143485069275,1,0
21,99,0.9634349346160889,1,0
21,100,0.9942557215690613,1,0
21,101,0.9942510724067688,1,0
21,102,0.996118426322937,1,0
21,103,0.9544087648391724,1,0
21,104,0.9922449588775635,1,0
21,105,0.9703254103660583,1,0
21,106,0.9948143362998962,1,0
21,107,0.9965952038764954,1,0
21,108,0.9719152450561523,1,0
21,109,0.9564846754074097,1,0
21,110,0.9970889687538147,1,0
21,111,0.9858309626579285,1,0
21,112,0.9953688383102417,1,0
21,113,0.9971958994865417,1,0
21,114,0.9954934120178223,1,0
21,115,0.9838057160377502,1,0
21,116,0.9856945276260376,1,0
21,117,0.9751190543174744,1,0
21,118,0.9984821081161499,1,0
21,119,0.9942336678504944,1,0
21,120,0.00029740415629930794,0,0
21,121,0.00046170532004907727,0,0
21,122,0.012884276919066906,0,0
21,123,0.0015536604914814234,0,0
21,124,0.00015286858251783997,0,0
21,125,7.302509038709104e-05,0,0
21,126,3.96476243622601e-05,0,0
21,127,1.505356249253964e-05,0,0
21,128,3.05241178466531e-06,0,0
21,129,0.00013144451077096164,0,0
21,130,1.0462847967573907e-05,0,0
21,131,5.442688416223973e-05,0,0
21,132,5.9571120800683275e-05,0,0
21,133,4.9037822464015335e-05,0,0
21,134,1.3616858268505894e-05,0,0
21,135,4.068205089424737e-05,0,0
21,136,0.00048007775330916047,0,0
21,137,0.00014872058818582445,0,0
21,138,2.7692774892784655e-05,0,0
21,139,0.00015295710181817412,0,0
21,140,4.746049671666697e-05,0,0
21,141,6.624447269132361e-05,0,0
21,142,0.00011650389933492988,0,0
21,143,3.481944077066146e-05,0,0
21,144,1.2532278560684063e-05,0,0
21,145,1.4787118743697647e-05,0,0
21,146,1.3893607501813676e-05,0,0
21,147,3.51289490936324e-05,0,0
21,148,1.881973548734095e-05,0,0
21,149,8.553022053092718e-05,0,0
21,150,2.7948265142185846e-06,0,0
21,151,6.050317097106017e-05,0,0
21,152,1.698022424534429e-05,0,0
21,153,6.909533112775534e-05,0,0
21,154,8.123012958094478e-05,0,0
21,155,1.2083495676051825e-05,0,0
21,156,1.602392876520753e-05,0,0
21,157,9.423364826943725e-05,0,0
21,158,3.604847734095529e-05,0,0
21,159,0.0003733643679879606,0,0
21,160,3.64887309842743e-05,0,0
21,161,0.0008916482329368591,0,0
21,162,1.3059816410532221e-05,0,0
21,163,0.00016010907711461186,0,0
21,164,0.00019528386474121362,0,0
21,165,0.00021262098744045943,0,0
21,166,6.78647993481718e-05,0,0
21,167,2.318865153938532e-05,0,0
21,168,4.096710472367704e-05,0,0
21,169,3.891177766490728e-05,0,0
21,170,0.00047284658649004996,0,0
21,171,0.00027544371550902724,0,0
21,172,2.4401604605372995e-05,0,0
21,173,1.9488179532345384e-05,0,0
21,174,1.2483443242672365e-05,0,0
21,175,8.447712752968073e-05,0,0
21,176,9.746339492266998e-05,0,0
21,177,0.00016026133380364627,0,0
21,178,0.00044560115202330053,0,0
21,179,0.0007666927413083613,0,0
22,0,0.005246369633823633,0,1
22,1,0.0005013045156374574,0,1
22,2,0.00012529031664598733,0,1
22,3,0.010253140702843666,0,1
22,4,0.0022205631248652935,0,1
22,5,0.0091902706772089,0,1
22,6,0.00013567710993811488,0,1
22,7,0.002878058236092329,0,1
22,8,0.0007929730927571654,0,1
22,9,0.0005950686172582209,0,1
22,10,0.00306466082111001,0,1
22,11,0.0011342818615958095,0,1
22,12,0.0010470687411725521,0,1
22,13,0.0013855398865416646,0,1
22,14,0.00040054923738352954,0,1
22,15,0.00014949489559512585,0,1
22,16,0.0017676791176199913,0,1
22,17,0.000494908366817981,0,1
22,18,0.0022444978822022676,0,1
22,19,0.0008238690788857639,0,1
22,20,0.0008820006041787565,0,1
22,21,0.00033597866422496736,0,1
22,22,0.0005926074227318168,0,1
22,23,0.0005646918434649706,0,1
22,24,0.0002990048087667674,0,1
22,25,0.000757722882553935,0,1
22,26,0.0025010020472109318,0,1
22,27,0.0025124219246208668,0,1
22,28,0.00021922685846220702,0,1
22,29,0.0004321976157370955,0,1
22,30,0.0005259917234070599,0,1
22,31,0.0001253040536539629,0,1
22,32,0.0003111644764430821,0,1
22,33,7.093539898050949e-05,0,1
22,34,0.00030141102615743876,0,1
22,35,0.0006982862832956016,0,1
22,36,0.00029509016894735396,0,1
22,37,0.00010285495227435604,0,1
22,38,0.00010482437937753275,0,1
22,39,0.0005160142318345606,0,1
22,40,5.184273686609231e-05,0,1
22,41,0.00027979930746369064,0,1
22,42,0.0010020784102380276,0,1
22,43,0.00022162355890031904,0,1
22,44,0.0006876433617435396,0,1
22,45,0.00550554133951664,0,1
22,46,0.00254965852946043,0,1
22,47,0.0004051150754094124,0,1
22,48,0.003240891732275486,0,1
22,49,0.00023186916951090097,0,1
22,50,0.0006824167794547975,0,1
22,51,0.0001734685356495902,0,1
22,52,0.000737544207368046,0,1
22,53,0.0007335064583458006,0,1
22,54,0.00039412901969626546,0,1
22,55,0.0005651867249980569,0,1
22,56,0.00023142877034842968,0,1
22,57,0.00013467056851368397,0,1
22,58,0.0005220473394729197,0,1
22,59,0.0013922738144174218,0,1
22,60,0.14963246881961823,0,0
22,61,0.04387035593390465,0,0
22,62,0.010266213677823544,0,0
22,63,0.030681923031806946,0,0
22,64,0.04187268391251564,0,0
22,65,0.03084920533001423,0,0
22,66,0.021763505414128304,0,0
22,67,0.036197230219841,0,0
22,68,0.0548226423561573,0,0
22,69,0.015285677276551723,0,0
22,70,0.025948911905288696,0,0
22,71,0.050867270678281784,0,0
22,72,0.2739361822605133,0,0
22,73,0.18958640098571777,0,0
22,74,0.021706514060497284,0,0
22,75,0.45800310373306274,0,0
22,76,0.17723657190799713,0,0
22,77,0.056237924844026566,0,0
22,78,0.5956073999404907,1,0
22,79,0.15800482034683228,0,0
22,80,0.02171216905117035,0,0
22,81,0.04755358397960663,0,0
22,82,0.0674416720867157,0,0
22,83,0.11902647465467453,0,0
22,84,0.1262752264738083,0,0
22,85,0.25691837072372437,0,0
22,86,0.26594436168670654,0,0
22,87,0.0524982288479805,0,0
22,88,0.03149011358618736,0,0
22,89,0.11594322323799133,0,0
22,90,0.002305421279743314,0,0
22,91,0.16699367761611938,0,0
22,92,0.17015543580055237,0,0
22,93,0.040003012865781784,0,0
22,94,0.1512082815170288,0,0
22,95,0.18720513582229614,0,0
22,96,0.06033536046743393,0,0
22,97,0.16582399606704712,0,0
22,98,0.5152528882026672,1,0
22,99,0.11859006434679031,0,0
22,100,0.09870903939008713,0,0
22,101,0.30962416529655457,0,0
22,102,0.02147436887025833,0,0
22,103,0.06770641356706619,0,0
22,104,0.18494920432567596,0,0
22,105,0.3715548813343048,0,0
22,106,0.13441102206707,0,0
22,107,0.34608855843544006,0,0
22,108,0.039922263473272324,0,0
22,109,0.21109488606452942,0,0
22,110,0.41197291016578674,0,0
22,111,0.14338050782680511,0,0
22,112,0.8003714084625244,1,0
22,113,0.13736167550086975,0,0
22,114,0.05842234939336777,0,0
22,115,0.13030508160591125,0,0
22,116,0.052466683089733124,0,0
22,117,0.04188955947756767,0,0
22,118,0.05441717803478241,0,0
22,119,0.07344642281532288,0,0
22,120,0.017107833176851273,0,0
22,121,0.005634225904941559,0,0
22,122,0.010190573520958424,0,0
22,123,0.0063450271263718605,0,0
22,124,0.005376889370381832,0,0
22,125,0.006485586054623127,0,0
22,126,0.0014897373039275408,0,0
22,127,0.0032078258227556944,0,0
22,128,0.01382883358746767,0,0
22,129,0.004011678043752909,0,0
22,130,0.0031203804537653923,0,0
22,131,0.005274184513837099,0,0
22,132,0.013180479407310486,0,0
22,133,0.028814218938350677,0,0
22,134,0.03174460679292679,0,0
22,135,0.02854914218187332,0,0
22,136,0.0063306973315775394,0,0
22,137,0.022420784458518028,0,0
22,138,0.06462465226650238,0,0
22,139,0.006334456615149975,0,0
22,140,0.004297816194593906,0,0
22,141,0.01466361340135336,0,0
22,142,0.005855676718056202,0,0
22,143,0.0038399456534534693,0,0
22,144,0.08136874437332153,0,0
22,145,0.010759142227470875,0,0
22,146,0.04605482146143913,0,0
22,147,0.0019884761422872543,0,0
22,148,0.041140392422676086,0,0
22,149,0.03725948557257652,0,0
22,150,0.07646011561155319,0,0
22,151,0.005619754549115896,0,0
22,152,0.013533031567931175,0,0
22,153,0.012493151240050793,0,0
22,154,0.010834913700819016,0,0
22,155,0.01783992163836956,0,0
22,156,0.004640973173081875,0,0
22,157,0.018063675612211227,0,0
22,158,0.0416204109787941,0,0
22,159,0.03337668627500534,0,0
22,160,0.03201697766780853,0,0
22,161,0.015952860936522484,0,0
22,162,0.030623404309153557,0,0
22,163,0.017248159274458885,0,0
22,164,0.0287352055311203,0,0
22,165,0.029821880161762238,0,0
22,166,0.016796667128801346,0,0
22,167,0.009771600365638733,0,0
22,168,0.04085673391819,0,0
22,169,0.003729648422449827,0,0
22,170,0.011319410987198353,0,0
22,171,0.019050924107432365,0,0
22,172,0.0017236496787518263,0,0
22,173,0.0128630381077528,0,0
22,174,0.018496675416827202,0,0
22,175,0.056739311665296555,0,0
22,176,0.019475752487778664,0,0
22,177,0.019347302615642548,0,0
22,178,0.01285234373062849,0,0
22,179,0.0044614956714212894,0,0
23,0,0.8233907222747803,1,0
23,1,0.9928805828094482,1,0
23,2,0.5691613554954529,1,0
23,3,0.951054036617279,1,0
23,4,0.07526762783527374,0,0
23,5,0.9923091530799866,1,0
23,6,0.9799702167510986,1,0
23,7,0.9843581914901733,1,0
23,8,0.9247448444366455,1,0
23,9,0.8574246168136597,1,0
23,10,0.9775523543357849,1,0
23,11,0.9800503253936768,1,0
23,12,0.989090621471405,1,0
23,13,0.9895817637443542,1,0
23,14,0.9931514859199524,1,0
23,15,0.9951035976409912,1,0
23,16,0.9869584441184998,1,0
23,17,0.9889763593673706,1,0
23,18,0.9860140085220337,1,0
23,19,0.9961603283882141,1,0
23,20,0.9912738800048828,1,0
23,21,0.9938690066337585,1,0
23,22,0.998188316822052,1,0
23,23,0.9956678748130798,1,0
23,24,0.9904584288597107,1,0
23,25,0.9642319679260254,1,0
23,26,0.9665164947509766,1,0
23,27,0.9909592866897583,1,0
23,28,0.9928388595581055,1,0
23,29,0.9772477149963379,1,0
23,30,0.9973757266998291,1,0
23,31,0.9897938966751099,1,0
23,32,0.9277768135070801,1,0
23,33,0.9450633525848389,1,0
23,34,0.940856397151947,1,0
23,35,0.9914377331733704,1,0
23,36,0.9890421628952026,1,0
23,37,0.9604073166847229,1,0
23,38,0.983157217502594,1,0
23,39,0.47354936599731445,0,0
23,40,0.899674117565155,1,0
23,41,0.9756506681442261,1,0
23,42,0.9000609517097473,1,0
23,43,0.990909218788147,1,0
23,44,0.9957470297813416,1,0
23,45,0.9945859909057617,1,0
23,46,0.992046594619751,1,0
23,47,0.9767362475395203,1,0
23,48,0.974402129650116,1,0
23,49,0.9855665564537048,1,0
23,50,0.9962633848190308,1,0
23,51,0.9950684905052185,1,0
23,52,0.9976049065589905,1,0
23,53,0.9976630210876465,1,0
23,54,0.993268609046936,1,0
23,55,0.9956318140029907,1,0
23,56,0.9916403889656067,1,0
23,57,0.9760971069335938,1,0
23,58,0.9960436224937439,1,0
23,59,0.9823071956634521,1,0
23,60,0.2852575182914734,0,0
23,61,0.0018067979253828526,0,0
23,62,0.01867266371846199,0,0
23,63,0.3744294047355652,0,0
23,64,0.27853140234947205,0,0
23,65,0.3881476819515228,0,0
23,66,0.08958873152732849,0,0
23,67,0.6281001567840576,1,0
23,68,0.054126445204019547,0,0
23,69,0.29328981041908264,0,0
23,70,0.7192165851593018,1,0
23,71,0.05841006338596344,0,0
23,72,0.03800657019019127,0,0
23,73,0.5219717025756836,1,0
23,74,0.47337818145751953,0,0
23,75,0.6120039224624634,1,0
23,76,0.5999350547790527,1,0
23,77,0.2904697358608246,0,0
23,78,0.4344930946826935,0,0
23,79,0.7684614658355713,1,0
23,80,0.5019582509994507,1,0
23,81,0.502531886100769,1,0
23,82,0.80278480052948,1,0
23,83,0.352472186088562,0,0
23,84,0.48767006397247314,0,0
23,85,0.11199294775724411,0,0
23,86,0.7052955031394958,1,0
23,87,0.6933590173721313,1,0
23,88,0.030155284330248833,0,0
23,89,0.15015465021133423,0,0
23,90,0.13541179895401,0,0
23,91,0.3529294729232788,0,0
23,92,0.616529107093811,1,0
23,93,0.1765524446964264,0,0
23,94,0.09159866720438004,0,0
23,95,0.03974278271198273,0,0
23,96,0.04298090562224388,0,0
23,97,0.18487225472927094,0,0
23,98,0.16108697652816772,0,0
23,99,0.5172654390335083,1,0
23,100,0.6015948057174683,1,0
23,101,0.20786474645137787,0,0
23,102,0.2709139287471771,0,0
23,103,0.6100690960884094,1,0
23,104,0.12423089891672134,0,0
23,105,0.6021564602851868,1,0
23,106,0.6829080581665039,1,0
23,107,0.246218740940094,0,0
23,108,0.0007475017919205129,0,0
23,109,0.5789695382118225,1,0
23,110,0.14904701709747314,0,0
23,111,0.022730259224772453,0,0
23,112,0.014292160049080849,0,0
23,113,0.08410898596048355,0,0
23,114,0.4565471112728119,0,0
23,115,0.2793169915676117,0,0
23,116,0.5499982833862305,1,0
23,117,0.03910299763083458,0,0
23,118,0.3339833617210388,0,0
23,119,0.24702230095863342,0,0
23,120,0.9881526231765747,1,1
23,121,0.9728465676307678,1,1
23,122,0.8512061238288879,1,1
23,123,0.8944569230079651,1,1
23,124,0.629122257232666,1,1
23,125,0.018956977874040604,0,1
23,126,0.5665647983551025,1,1
23,127,0.9550604820251465,1,1
23,128,0.5372992753982544,1,1
23,129,0.9855661392211914,1,1
23,130,0.9309335947036743,1,1
23,131,0.9988092184066772,1,1
23,132,0.9730943441390991,1,1
23,133,0.9761724472045898,1,1
23,134,0.9729927182197571,1,1
23,135,0.9899020195007324,1,1
23,136,0.9527256488800049,1,1
23,137,0.9978471398353577,1,1
23,138,0.9748049378395081,1,1
23,139,0.9518173336982727,1,1
23,140,0.8222916126251221,1,1
23,141,0.792367160320282,1,1
23,142,0.9447085857391357,1,1
23,143,0.9424256682395935,1,1
23,144,0.9677661657333374,1,1
23,145,0.993312418460846,1,1
23,146,0.9988850355148315,1,1
23,147,0.9801596999168396,1,1
23,148,0.9834397435188293,1,1
23,149,0.8712564706802368,1,1
23,150,0.9806157350540161,1,1
23,151,0.9786494374275208,1,1
23,152,0.9800903797149658,1,1
23,153,0.9920296669006348,1,1
23,154,0.9766350388526917,1,1
23,155,0.9597612023353577,1,1
23,156,0.97782963514328,1,1
23,157,0.9539440274238586,1,1
23,158,0.9569537043571472,1,1
23,159,0.9966342449188232,1,1
23,160,0.9927299618721008,1,1
23,161,0.9721308946609497,1,1
23,162,0.6608114242553711,1,1
23,163,0.9912053942680359,1,1
23,164,0.7487386465072632,1,1
23,165,0.3969527781009674,0,1
23,166,0.7752926349639893,1,1
23,167,0.294450044631958,0,1
23,168,0.9359168410301208,1,1
23,169,0.9335174560546875,1,1
23,170,0.6708313226699829,1,1
23,171,0.9108394980430603,1,1
23,172,0.9433516263961792,1,1
23,173,0.6072462797164917,1,1
23,174,0.9557084441184998,1,1
23,175,0.9462124705314636,1,1
23,176,0.965201735496521,1,1
23,177,0.9286235570907593,1,1
23,178,0.9687915444374084,1,1
23,179,0.9398958683013916,1,1
24,0,0.7738724946975708,1,1
24,1,0.7525562644004822,1,1
24,2,0.7731467485427856,1,1
24,3,0.769952654838562,1,1
24,4,0.736669659614563,1,1
24,5,0.769869327545166,1,1
24,6,0.7774947881698608,1,1
24,7,0.7727518677711487,1,1
24,8,0.7604101300239563,1,1
24,9,0.7835740447044373,1,1
24,10,0.7632706165313721,1,1
24,11,0.4197261929512024,0,1
24,12,0.38032278418540955,0,1
24,13,0.6519252061843872,1,1
24,14,0.3947626054286957,0,1
24,15,0.8056802749633789,1,1
24,16,0.5866327881813049,1,1
24,17,0.5486892461776733,1,1
24,18,0.8363063931465149,1,1
24,19,0.732201874256134,1,1
24,20,0.13979491591453552,0,1
24,21,0.5355290174484253,1,1
24,22,0.9078778028488159,1,1
24,23,0.33746811747550964,0,1
24,24,0.8909299969673157,1,1
24,25,0.3361370265483856,0,1
24,26,0.10073422640562057,0,1
24,27,0.4599595367908478,0,1
24,28,0.43884608149528503,0,1
24,29,0.4388609826564789,0,1
24,30,0.5828659534454346,1,1
24,31,0.26729094982147217,0,1
24,32,0.6205374002456665,1,1
24,33,0.5174164772033691,1,1
24,34,0.8127832412719727,1,1
24,35,0.5246058106422424,1,1
24,36,0.6907119750976562,1,1
24,37,0.763388991355896,1,1
24,38,0.7840306758880615,1,1
24,39,0.18631024658679962,0,1
24,40,0.14386455714702606,0,1
24,41,0.4991227686405182,0,1
24,42,0.4344726502895355,0,1
24,43,0.6324317455291748,1,1
24,44,0.4590401351451874,0,1
24,45,0.38977310061454773,0,1
24,46,0.5666697025299072,1,1
24,47,0.028878549113869667,0,1
24,48,0.40944039821624756,0,1
24,49,0.39059916138648987,0,1
24,50,0.45155829191207886,0,1
24,51,0.6019638776779175,1,1
24,52,0.6693768501281738,1,1
24,53,0.4907837510108948,0,1
24,54,0.5103123188018799,1,1
24,55,0.14743588864803314,0,1
24,56,0.3254663348197937,0,1
24,57,0.21236976981163025,0,1
24,58,0.2681809663772583,0,1
24,59,0.5643459558486938,1,1
24,60,0.9726125001907349,1,0
24,61,0.9751386642456055,1,0
24,62,0.9740592241287231,1,0
24,63,0.9745962619781494,1,0
24,64,0.9723018407821655,1,0
24,65,0.9758721590042114,1,0
24,66,0.9757455587387085,1,0
24,67,0.9770784378051758,1,0
24,68,0.9730360507965088,1,0
24,69,0.9751113653182983,1,0
24,70,0.9829308986663818,1,0
24,71,0.9771080017089844,1,0
24,72,0.9643523097038269,1,0
24,73,0.9782993793487549,1,0
24,74,0.9763896465301514,1,0
24,75,0.9357829093933105,1,0
24,76,0.5091853141784668,1,0
24,77,0.9286454916000366,1,0
24,78,0.979906439781189,1,0
24,79,0.9903799891471863,1,0
24,80,0.9487727284431458,1,0
24,81,0.34494075179100037,0,0
24,82,0.9469930529594421,1,0
24,83,0.2771630585193634,0,0
24,84,0.9911163449287415,1,0
24,85,0.9651414752006531,1,0
24,86,0.9669381380081177,1,0
24,87,0.991196870803833,1,0
24,88,0.6602752208709717,1,0
24,89,0.7961768507957458,1,0
24,90,0.9683859348297119,1,0
24,91,0.932350218296051,1,0
24,92,0.8329139351844788,1,0
24,93,0.9636361598968506,1,0
24,94,0.5246543884277344,1,0
24,95,0.6140793561935425,1,0
24,96,0.34584885835647583,0,0
24,97,0.7982720136642456,1,0
24,98,0.7969145774841309,1,0
24,99,0.19648350775241852,0,0
24,100,0.9546029567718506,1,0
24,101,0.6946346759796143,1,0
24,102,0.9225408434867859,1,0
24,103,0.899680495262146,1,0
24,104,0.1499636024236679,0,0
24,105,0.03573750704526901,0,0
24,106,0.015100700780749321,0,0
24,107,0.03796575963497162,0,0
24,108,0.356244832277298,0,0
24,109,0.906001627445221,1,0
24,110,0.6242824792861938,1,0
24,111,0.9522449374198914,1,0
24,112,0.7786213159561157,1,0
24,113,0.6243710517883301,1,0
24,114,0.5577781796455383,1,0
24,115,0.5289226770401001,1,0
24,116,0.5305730700492859,1,0
24,117,0.6289687156677246,1,0
24,118,0.6366349458694458,1,0
24,119,0.8983833193778992,1,0
24,120,0.13812033832073212,0,0
24,121,0.5502651929855347,1,0
24,122,0.898342490196228,1,0
24,123,0.7654691338539124,1,0
24,124,0.709347128868103,1,0
24,125,0.36473536491394043,0,0
24,126,0.7536384463310242,1,0
24,127,0.5389525890350342,1,0
24,128,0.9118555784225464,1,0
24,129,0.2474854737520218,0,0
24,130,0.6703985929489136,1,0
24,131,0.8281161785125732,1,0
24,132,0.03404936194419861,0,0
24,133,0.18016736209392548,0,0
24,134,0.977844774723053,1,0
24,135,0.8721200823783875,1,0
24,136,0.27311116456985474,0,0
24,137,0.4159417748451233,0,0
24,138,0.8745383620262146,1,0
24,139,0.8100464940071106,1,0
24,140,0.9614517688751221,1,0
24,141,0.9319594502449036,1,0
24,142,0.9994760155677795,1,0
24,143,0.9990376830101013,1,0
24,144,0.9963264465332031,1,0
24,145,0.9995892643928528,1,0
24,146,0.9876691699028015,1,0
24,147,0.9465611577033997,1,0
24,148,0.998207151889801,1,0
24,149,0.9828585386276245,1,0
24,150,0.8811362385749817,1,0
24,151,0.9873529076576233,1,0
24,152,0.9768455028533936,1,0
24,153,0.9586795568466187,1,0
24,154,0.9946656227111816,1,0
24,155,0.9123657941818237,1,0
24,156,0.9937630295753479,1,0
24,157,0.7958950400352478,1,0
24,158,0.9962515234947205,1,0
24,159,0.9740989804267883,1,0
24,160,0.9863541722297668,1,0
24,161,0.9335693717002869,1,0
24,162,0.33848026394844055,0,0
24,163,0.8196600079536438,1,0
24,164,0.9925197958946228,1,0
24,165,0.9710726737976074,1,0
24,166,0.9903241991996765,1,0
24,167,0.8177155256271362,1,0
24,168,0.9517589807510376,1,0
24,169,0.9591577649116516,1,0
24,170,0.9067188501358032,1,0
24,171,0.7790370583534241,1,0
24,172,0.789692759513855,1,0
24,173,0.07267031818628311,0,0
24,174,0.9826151728630066,1,0
24,175,0.7471924424171448,1,0
24,176,0.9537911415100098,1,0
24,177,0.9786565899848938,1,0
24,178,0.9715511202812195,1,0
24,179,0.9828458428382874,1,0
