subject,frame_idx,pred_prob,pred_label,true_label
01,0,0.5497792959213257,1,1
01,1,0.231207937002182,1,1
01,2,0.2373308688402176,1,1
01,3,0.29632681608200073,1,1
01,4,0.12356088310480118,1,1
01,5,0.20033183693885803,1,1
01,6,0.03143508732318878,0,1
01,7,0.1201791912317276,1,1
01,8,0.09430903941392899,0,1
01,9,0.5239390134811401,1,1
01,10,0.16304083168506622,1,1
01,11,0.11177289485931396,1,1
01,12,0.007841897197067738,0,1
01,13,0.0356467068195343,0,1
01,14,0.021655721589922905,0,1
01,15,0.019082041457295418,0,1
01,16,0.0130608594045043,0,1
01,17,0.03251507133245468,0,1
01,18,0.10401877760887146,1,1
01,19,0.1789657175540924,1,1
01,20,0.15758571028709412,1,1
01,21,0.061192404478788376,0,1
01,22,0.005785565823316574,0,1
01,23,0.018157465383410454,0,1
01,24,0.0022272870410233736,0,1
01,25,0.21484366059303284,1,1
01,26,0.10363989323377609,1,1
01,27,0.011053682304918766,0,1
01,28,0.0954078733921051,0,1
01,29,0.02805275470018387,0,1
01,30,0.09778489917516708,0,1
01,31,0.039012402296066284,0,1
01,32,0.1467636525630951,1,1
01,33,0.10249567776918411,1,1
01,34,0.16415239870548248,1,1
01,35,0.17707349359989166,1,1
01,36,0.1276075690984726,1,1
01,37,0.11770433932542801,1,1
01,38,0.08242234587669373,0,1
01,39,0.011868054047226906,0,1
01,40,0.054087378084659576,0,1
01,41,0.035725679248571396,0,1
01,42,0.036011483520269394,0,1
01,43,0.01484370045363903,0,1
01,44,0.28615063428878784,1,1
01,45,0.015068000182509422,0,1
01,46,0.006547680124640465,0,1
01,47,0.11662373691797256,1,1
01,48,0.03364170342683792,0,1
01,49,0.02785569243133068,0,1
01,50,0.12470473349094391,1,1
01,51,0.001226374413818121,0,1
01,52,0.186208114027977,1,1
01,53,0.06886942684650421,0,1
01,54,0.013626486994326115,0,1
01,55,0.037232406437397,0,1
01,56,0.024004606530070305,0,1
01,57,0.024088934063911438,0,1
01,58,0.03503439947962761,0,0
01,59,0.043918903917074203,0,0
01,60,0.4089866280555725,1,0
01,61,0.06033401936292648,0,0
01,62,0.29231971502304077,1,0
01,63,0.10202706605195999,1,0
01,64,0.05581295117735863,0,0
01,65,0.09349486231803894,0,0
01,66,0.09977210313081741,0,0
01,67,0.19436602294445038,1,0
01,68,0.19820331037044525,1,0
01,69,0.041221436113119125,0,0
01,70,0.051733966916799545,0,0
01,71,0.10199318826198578,1,0
01,72,0.236782968044281,1,0
01,73,0.03764233738183975,0,0
01,74,0.07324657589197159,0,0
01,75,0.03517378866672516,0,0
01,76,0.035357847809791565,0,0
01,77,0.048005107790231705,0,0
01,78,0.03453364223241806,0,0
01,79,0.024088222533464432,0,0
01,80,0.0228597279638052,0,0
01,81,0.03599055856466293,0,0
01,82,0.13127192854881287,1,0
01,83,0.03596778213977814,0,0
01,84,0.04928990453481674,0,0
01,85,0.019176412373781204,0,0
01,86,0.0514695830643177,0,0
01,87,0.01425609178841114,0,0
01,88,0.18899300694465637,1,0
01,89,0.06254500895738602,0,0
01,90,0.03904425725340843,0,0
01,91,0.005927525460720062,0,0
01,92,0.04260055720806122,0,0
01,93,0.01132838986814022,0,0
01,94,0.01537733618170023,0,0
01,95,0.03824261575937271,0,0
01,96,0.061694465577602386,0,0
01,97,0.018227744847536087,0,0
01,98,0.05619681626558304,0,0
01,99,0.07819675654172897,0,0
01,100,0.09730188548564911,0,0
01,101,0.048327524214982986,0,0
01,102,0.12198108434677124,1,0
01,103,0.1260146200656891,1,0
01,104,0.004080123268067837,0,0
01,105,0.010835631750524044,0,0
01,106,0.002173192799091339,0,0
01,107,0.006744139362126589,0,0
01,108,0.007306335959583521,0,0
01,109,0.035340938717126846,0,0
01,110,0.006172568071633577,0,0
01,111,0.031192045658826828,0,0
01,112,0.011390476487576962,0,0
01,113,0.011700925417244434,0,0
01,114,0.007856111973524094,0,0
01,115,0.001257515512406826,0,0
01,116,9.857538680080324e-05,0,0
01,117,0.00043531981646083295,0,0
01,118,0.004356332588940859,0,0
01,119,0.0007663548458367586,0,0
01,120,0.002671481342986226,0,0
01,121,0.0038668864872306585,0,0
01,122,0.0008550169295631349,0,0
01,123,0.001389023964293301,0,0
01,124,0.0025582758244127035,0,0
01,125,0.0025193996261805296,0,0
01,126,0.0056185233406722546,0,0
01,127,0.0015920473961159587,0,0
01,128,0.007353803608566523,0,0
01,129,0.004273966420441866,0,0
01,130,0.0015491239028051496,0,0
01,131,0.0032411827705800533,0,0
01,132,0.009252840653061867,0,0
01,133,0.007898841984570026,0,0
01,134,0.007564805448055267,0,0
01,135,0.013909543864428997,0,0
01,136,0.009394430555403233,0,0
01,137,0.03592478483915329,0,0
01,138,0.024120451882481575,0,0
01,139,0.019374806433916092,0,0
01,140,0.02666706219315529,0,0
01,141,0.034738000482320786,0,0
01,142,0.002046189270913601,0,0
01,143,0.0027408453170210123,0,0
01,144,0.008397409692406654,0,0
01,145,0.0025356952100992203,0,0
01,146,0.009287174791097641,0,0
01,147,0.019246893003582954,0,0
01,148,0.02768826112151146,0,0
01,149,0.032652124762535095,0,0
01,150,0.009041479788720608,0,0
01,151,0.007918326184153557,0,0
01,152,0.018736964091658592,0,0
01,153,0.012952261604368687,0,0
01,154,0.03224663436412811,0,0
01,155,0.002035686979070306,0,0
01,156,0.002992278663441539,0,0
01,157,0.0034218321088701487,0,0
01,158,0.00593142956495285,0,0
01,159,0.0056723663583397865,0,0
01,160,0.03458652272820473,0,0
01,161,0.00158365024253726,0,0
01,162,0.0014889182057231665,0,0
01,163,0.0001366447686450556,0,0
01,164,0.00029184544109739363,0,0
01,165,0.0006145803490653634,0,0
01,166,0.005442660767585039,0,0
01,167,0.010678271763026714,0,0
01,168,0.006791464984416962,0,0
01,169,0.01291874423623085,0,0
02,0,0.0006220144568942487,0,0
02,1,0.006740476470440626,0,0
02,2,0.040013913065195084,0,0
02,3,0.0021398032549768686,0,0
02,4,0.006107138004153967,0,0
02,5,0.00011101292329840362,0,0
02,6,3.812956856563687e-05,0,0
02,7,0.006245620083063841,0,0
02,8,0.04808856174349785,0,0
02,9,0.02000965178012848,0,0
02,10,0.002074953867122531,0,0
02,11,0.0012752662878483534,0,0
02,12,0.016294030472636223,0,0
02,13,0.0001441381755284965,0,0
02,14,0.000515825639013201,0,0
02,15,0.0014384402893483639,0,0
02,16,0.0036270099226385355,0,0
02,17,0.005951343569904566,0,0
02,18,0.0006335941725410521,0,0
02,19,0.0002582091838121414,0,0
02,20,0.006172237452119589,0,0
02,21,0.0002193475083913654,0,0
02,22,0.0038327202200889587,0,0
02,23,0.0009489259100519121,0,0
02,24,0.00031060728360898793,0,0
02,25,0.00017824921815190464,0,0
02,26,0.00026845134561881423,0,0
02,27,0.0012950156815350056,0,0
02,28,0.0004398802120704204,0,0
02,29,0.001257865922525525,0,0
02,30,0.0010619485983625054,0,0
02,31,0.0011009292211383581,0,0
02,32,0.000234807186643593,0,0
02,33,0.00010266250319546089,0,0
02,34,0.0006089882226660848,0,0
02,35,0.0016497327014803886,0,0
02,36,0.00020803378720302135,0,0
02,37,9.714578482089564e-05,0,0
02,38,0.00014855463814456016,0,0
02,39,0.00043136763270013034,0,0
02,40,0.00027088922797702253,0,0
02,41,0.0016454141587018967,0,0
02,42,0.004081514663994312,0,0
02,43,0.00038570622564293444,0,0
02,44,0.0005221822648309171,0,0
02,45,0.000326603592839092,0,0
02,46,0.0004129445005673915,0,0
02,47,0.00604198407381773,0,0
02,48,0.004181640688329935,0,0
02,49,8.881206304067746e-05,0,0
02,50,0.0002082895953208208,0,0
02,51,0.00043186318362131715,0,0
02,52,0.0005714896833524108,0,0
02,53,0.0016236277297139168,0,0
02,54,0.0011009699665009975,0,0
02,55,0.0007406715303659439,0,0
02,56,0.00014094247308094054,0,0
02,57,0.720070481300354,0,0
02,58,0.3019963800907135,0,0
02,59,0.730509877204895,0,0
02,60,0.5142872333526611,0,0
02,61,0.4227241575717926,0,0
02,62,0.6998679041862488,0,0
02,63,0.8173791170120239,0,0
02,64,0.894085168838501,1,0
02,65,0.8669402003288269,0,0
02,66,0.8535641431808472,0,0
02,67,0.8259642720222473,0,0
02,68,0.8754291534423828,0,0
02,69,0.653361439704895,0,0
02,70,0.8489686250686646,0,0
02,71,0.7649530172348022,0,0
02,72,0.8978977203369141,1,0
02,73,0.7895805239677429,0,0
02,74,0.7938708066940308,0,0
02,75,0.7252308130264282,0,0
02,76,0.8521150350570679,0,0
02,77,0.5277869701385498,0,0
02,78,0.45182403922080994,0,0
02,79,0.46379315853118896,0,0
02,80,0.5452992916107178,0,0
02,81,0.47744685411453247,0,0
02,82,0.681243896484375,0,0
02,83,0.6563571691513062,0,0
02,84,0.7732325792312622,0,0
02,85,0.8605897426605225,0,0
02,86,0.834898829460144,0,0
02,87,0.8207123279571533,0,0
02,88,0.9296908974647522,1,0
02,89,0.8896445631980896,0,0
02,90,0.9649718403816223,1,0
02,91,0.8030655980110168,0,0
02,92,0.7218210697174072,0,0
02,93,0.5784745216369629,0,0
02,94,0.8302212357521057,0,0
02,95,0.5472660064697266,0,0
02,96,0.2637099325656891,0,0
02,97,0.24721544981002808,0,0
02,98,0.7986311316490173,0,0
02,99,0.924160897731781,1,0
02,100,0.9219455122947693,1,0
02,101,0.7627408504486084,0,0
02,102,0.5921958684921265,0,0
02,103,0.9454894661903381,1,0
02,104,0.8176678419113159,0,0
02,105,0.8490477204322815,0,0
02,106,0.9048671722412109,1,0
02,107,0.7112139463424683,0,0
02,108,0.5869118571281433,0,0
02,109,0.5894656181335449,0,0
02,110,0.5018699169158936,0,0
02,111,0.907252311706543,1,0
02,112,0.21707920730113983,0,1
02,113,0.18642869591712952,0,1
02,114,0.6271976232528687,0,1
02,115,0.9338860511779785,1,1
02,116,0.8980042934417725,1,1
02,117,0.9275647401809692,1,1
02,118,0.8765734434127808,0,1
02,119,0.13225997984409332,0,1
02,120,0.5489732027053833,0,1
02,121,0.25506114959716797,0,1
02,122,0.4941469728946686,0,1
02,123,0.5564851760864258,0,1
02,124,0.5262889862060547,0,1
02,125,0.5237056612968445,0,1
02,126,0.46666207909584045,0,1
02,127,0.06977961212396622,0,1
02,128,0.2575284540653229,0,1
02,129,0.17214573919773102,0,1
02,130,0.8737538456916809,0,1
02,131,0.5311051607131958,0,1
02,132,0.7577213644981384,0,1
02,133,0.7932425737380981,0,1
02,134,0.6404639482498169,0,1
02,135,0.3605167269706726,0,1
02,136,0.27508485317230225,0,1
02,137,0.20860034227371216,0,1
02,138,0.5470767021179199,0,1
02,139,0.4784804582595825,0,1
02,140,0.1479363888502121,0,1
02,141,0.34943100810050964,0,1
02,142,0.3341578245162964,0,1
02,143,0.47480252385139465,0,1
02,144,0.21418516337871552,0,1
02,145,0.45837244391441345,0,1
02,146,0.14807341992855072,0,1
02,147,0.09629727154970169,0,1
02,148,0.14189960062503815,0,1
02,149,0.2692849636077881,0,1
02,150,0.2716165781021118,0,1
02,151,0.47627753019332886,0,1
02,152,0.38655897974967957,0,1
02,153,0.6313130259513855,0,1
02,154,0.3667593002319336,0,1
02,155,0.3747694194316864,0,1
02,156,0.10375682264566422,0,1
02,157,0.03625459223985672,0,1
02,158,0.1805633157491684,0,1
02,159,0.11971821635961533,0,1
02,160,0.2550612688064575,0,1
02,161,0.0395047627389431,0,1
02,162,0.22678984701633453,0,1
02,163,0.20075301826000214,0,1
02,164,0.584767758846283,0,1
02,165,0.42725205421447754,0,1
02,166,0.2704503536224365,0,1
02,167,0.2518590986728668,0,1
02,168,0.30171138048171997,0,1
02,169,0.604337751865387,0,1
03,0,0.9071300625801086,1,1
03,1,0.5524826049804688,1,1
03,2,0.4471590518951416,1,1
03,3,0.2993582785129547,1,1
03,4,0.04304024204611778,0,1
03,5,0.12148229777812958,0,1
03,6,0.16599535942077637,0,1
03,7,0.13378164172172546,0,1
03,8,0.44485190510749817,1,1
03,9,0.51094651222229,1,1
03,10,0.26784005761146545,1,1
03,11,0.7351773381233215,1,1
03,12,0.10379721224308014,0,1
03,13,0.4102703332901001,1,1
03,14,0.6704184412956238,1,1
03,15,0.5012082457542419,1,1
03,16,0.863469123840332,1,1
03,17,0.668004035949707,1,1
03,18,0.6640138626098633,1,1
03,19,0.6225109100341797,1,1
03,20,0.9078742861747742,1,1
03,21,0.773666501045227,1,1
03,22,0.7171730995178223,1,1
03,23,0.6026798486709595,1,1
03,24,0.5844399929046631,1,1
03,25,0.7735035419464111,1,1
03,26,0.5344799757003784,1,1
03,27,0.4391116797924042,1,1
03,28,0.8077523708343506,1,1
03,29,0.8946347236633301,1,1
03,30,0.751936674118042,1,1
03,31,0.3933136463165283,1,1
03,32,0.8764016628265381,1,1
03,33,0.7722585201263428,1,1
03,34,0.7216854691505432,1,1
03,35,0.8003469705581665,1,1
03,36,0.8124058246612549,1,1
03,37,0.9084492921829224,1,1
03,38,0.7383848428726196,1,1
03,39,0.5965490341186523,1,1
03,40,0.8033190965652466,1,1
03,41,0.8979045748710632,1,1
03,42,0.7677026391029358,1,1
03,43,0.8111588358879089,1,1
03,44,0.7740793824195862,1,1
03,45,0.7807692885398865,1,1
03,46,0.659698486328125,1,1
03,47,0.835490345954895,1,1
03,48,0.6334778666496277,1,1
03,49,0.6671039462089539,1,1
03,50,0.43743595480918884,1,1
03,51,0.6932286620140076,1,1
03,52,0.43374741077423096,1,1
03,53,0.8780523538589478,1,1
03,54,0.14349067211151123,0,0
03,55,0.2014031559228897,0,0
03,56,0.13457709550857544,0,0
03,57,0.0338752306997776,0,0
03,58,0.016442036256194115,0,0
03,59,0.022339867427945137,0,0
03,60,0.05974898859858513,0,0
03,61,0.06733188778162003,0,0
03,62,0.014883903786540031,0,0
03,63,0.09399062395095825,0,0
03,64,0.010956837795674801,0,0
03,65,0.14344169199466705,0,0
03,66,0.07930388301610947,0,0
03,67,0.11724191159009933,0,0
03,68,0.003934459760785103,0,0
03,69,0.0032364060170948505,0,0
03,70,0.0034836127888411283,0,0
03,71,0.0006949952803552151,0,0
03,72,0.009896709583699703,0,0
03,73,0.011694233864545822,0,0
03,74,0.12353546917438507,0,0
03,75,0.005992684978991747,0,0
03,76,0.0006806519231759012,0,0
03,77,0.000741645519156009,0,0
03,78,0.0017378919292241335,0,0
03,79,0.012225177139043808,0,0
03,80,0.014532109722495079,0,0
03,81,0.028796590864658356,0,0
03,82,0.05601295828819275,0,0
03,83,0.004926627967506647,0,0
03,84,0.009612483903765678,0,0
03,85,0.013307040557265282,0,0
03,86,0.6770683526992798,1,0
03,87,0.030965374782681465,0,0
03,88,0.0008469230378977954,0,0
03,89,0.20660614967346191,0,0
03,90,0.26235273480415344,1,0
03,91,0.045093800872564316,0,0
03,92,0.05030034855008125,0,0
03,93,0.022968707606196404,0,0
03,94,0.03894539922475815,0,0
03,95,0.014891932718455791,0,0
03,96,0.01882362924516201,0,0
03,97,0.03189559653401375,0,0
03,98,0.04489820450544357,0,0
03,99,0.002397369360551238,0,0
03,100,0.0007314365357160568,0,0
03,101,0.016105979681015015,0,0
03,102,0.0461200550198555,0,0
03,103,0.015963487327098846,0,0
03,104,0.004118343815207481,0,0
03,105,0.04643251746892929,0,0
03,106,0.0007529276190325618,0,0
03,107,0.009864847175776958,0,0
03,108,0.014068558812141418,0,0
03,109,0.015309588983654976,0,0
03,110,0.02623615972697735,0,0
03,111,0.00046461590682156384,0,0
03,112,0.16058683395385742,0,0
03,113,0.11458045244216919,0,0
03,114,0.05576338991522789,0,0
03,115,0.007838076911866665,0,0
03,116,0.21471932530403137,0,0
03,117,0.006319099105894566,0,0
03,118,0.0028993773739784956,0,0
03,119,0.035108860582113266,0,0
03,120,0.054394107311964035,0,0
03,121,0.0495903305709362,0,0
03,122,0.0320608951151371,0,0
03,123,0.0044212378561496735,0,0
03,124,0.030879313126206398,0,0
03,125,0.019822875037789345,0,0
03,126,0.0002048898459179327,0,0
03,127,8.776892354944721e-05,0,0
03,128,0.013145014643669128,0,0
03,129,0.002056783065199852,0,0
03,130,0.04002819210290909,0,0
03,131,0.04630085825920105,0,0
03,132,0.18553875386714935,0,0
03,133,0.28716421127319336,1,0
03,134,0.34349724650382996,1,0
03,135,0.1215195432305336,0,0
03,136,0.03044666349887848,0,0
03,137,0.10868801921606064,0,0
03,138,0.6344952583312988,1,0
03,139,0.20168325304985046,0,0
03,140,0.7614384293556213,1,0
03,141,0.20723354816436768,0,0
03,142,0.5315220952033997,1,0
03,143,0.17387081682682037,0,0
03,144,0.5373238325119019,1,0
03,145,0.2897394895553589,1,0
03,146,0.2159283459186554,0,0
03,147,0.017703158780932426,0,0
03,148,0.2843398451805115,1,0
03,149,0.7281286716461182,1,0
03,150,0.014787213876843452,0,0
03,151,0.6170364618301392,1,0
03,152,0.03847784548997879,0,0
03,153,0.2615021765232086,1,0
03,154,0.15819238126277924,0,0
03,155,0.023939223960042,0,0
03,156,0.3165874183177948,1,0
03,157,0.16030274331569672,0,0
03,158,0.15555474162101746,0,0
03,159,0.2029106169939041,0,0
03,160,0.040324632078409195,0,0
03,161,0.02926703728735447,0,0
03,162,0.016975678503513336,0,0
03,163,0.10875741392374039,0,0
03,164,0.16779248416423798,0,0
03,165,0.19670644402503967,0,0
03,166,0.09820819646120071,0,0
03,167,0.08687398582696915,0,0
03,168,0.03960532322525978,0,0
03,169,0.2601712644100189,1,0
04,0,0.8743265867233276,1,0
04,1,0.5617365837097168,0,0
04,2,0.850790798664093,1,0
04,3,0.9541661739349365,1,0
04,4,0.9721600413322449,1,0
04,5,0.8145637512207031,1,0
04,6,0.8780896663665771,1,0
04,7,0.4970141351222992,0,0
04,8,0.5744184255599976,0,0
04,9,0.8980714678764343,1,0
04,10,0.7478705644607544,0,0
04,11,0.6722631454467773,0,0
04,12,0.47722867131233215,0,0
04,13,0.6381517052650452,0,0
04,14,0.9589905142784119,1,0
04,15,0.4159916639328003,0,0
04,16,0.3396355211734772,0,0
04,17,0.5681782960891724,0,0
04,18,0.20986805856227875,0,0
04,19,0.5799967050552368,0,0
04,20,0.5863583087921143,0,0
04,21,0.13582687079906464,0,0
04,22,0.5373768210411072,0,0
04,23,0.5777699947357178,0,0
04,24,0.7451218366622925,0,0
04,25,0.5420815944671631,0,0
04,26,0.3670879900455475,0,0
04,27,0.4067435562610626,0,0
04,28,0.23541171848773956,0,0
04,29,0.3086402416229248,0,0
04,30,0.2341722846031189,0,0
04,31,0.2828948199748993,0,0
04,32,0.21204350888729095,0,0
04,33,0.3727669417858124,0,0
04,34,0.16379575431346893,0,0
04,35,0.21189425885677338,0,0
04,36,0.4249468445777893,0,0
04,37,0.27251437306404114,0,0
04,38,0.1649441421031952,0,0
04,39,0.3597400188446045,0,0
04,40,0.24663013219833374,0,0
04,41,0.43740084767341614,0,0
04,42,0.2205856293439865,0,0
04,43,0.08031050115823746,0,0
04,44,0.09411561489105225,0,0
04,45,0.07691722363233566,0,0
04,46,0.05943891406059265,0,0
04,47,0.17832063138484955,0,0
04,48,0.046961307525634766,0,0
04,49,0.048972055315971375,0,0
04,50,0.026489906013011932,0,0
04,51,0.06068951264023781,0,0
04,52,0.07249295711517334,0,0
04,53,0.10620943456888199,0,0
04,54,0.11401399970054626,0,0
04,55,0.07512631267309189,0,0
04,56,0.822980523109436,1,0
04,57,0.3863498568534851,0,0
04,58,0.12923680245876312,0,0
04,59,0.2757050395011902,0,0
04,60,0.4741930663585663,0,0
04,61,0.7074657082557678,0,0
04,62,0.1894601732492447,0,0
04,63,0.42749181389808655,0,0
04,64,0.45379528403282166,0,0
04,65,0.2677179276943207,0,0
04,66,0.8201340436935425,1,0
04,67,0.6742839217185974,0,0
04,68,0.35692092776298523,0,0
04,69,0.7781748175621033,0,0
04,70,0.468705952167511,0,0
04,71,0.21113070845603943,0,0
04,72,0.29526859521865845,0,0
04,73,0.5278323292732239,0,0
04,74,0.11505092680454254,0,0
04,75,0.38575413823127747,0,0
04,76,0.9273765087127686,1,0
04,77,0.5991387367248535,0,0
04,78,0.6425701975822449,0,0
04,79,0.031202320009469986,0,0
04,80,0.2031884640455246,0,0
04,81,0.25419238209724426,0,0
04,82,0.457953542470932,0,0
04,83,0.601831316947937,0,0
04,84,0.4536885917186737,0,0
04,85,0.4560617208480835,0,0
04,86,0.6332963705062866,0,0
04,87,0.33536121249198914,0,0
04,88,0.1178806871175766,0,0
04,89,0.02904694341123104,0,0
04,90,0.10090680420398712,0,0
04,91,0.06253591924905777,0,0
04,92,0.2351984977722168,0,0
04,93,0.189231738448143,0,0
04,94,0.2468940168619156,0,0
04,95,0.46169334650039673,0,0
04,96,0.46818336844444275,0,0
04,97,0.5142235159873962,0,0
04,98,0.7551962733268738,0,0
04,99,0.44416487216949463,0,0
04,100,0.12944428622722626,0,0
04,101,0.5180771350860596,0,0
04,102,0.19124485552310944,0,0
04,103,0.027408329769968987,0,0
04,104,0.18123961985111237,0,0
04,105,0.09514304250478745,0,0
04,106,0.6568413376808167,0,0
04,107,0.3019453287124634,0,0
04,108,0.13526049256324768,0,0
04,109,0.5803123712539673,0,0
04,110,0.17866815626621246,0,0
04,111,0.27683523297309875,0,0
04,112,0.15761467814445496,0,0
04,113,0.02777034230530262,0,1
04,114,0.0711345449090004,0,1
04,115,0.03893996775150299,0,1
04,116,0.04558689147233963,0,1
04,117,0.01979827508330345,0,1
04,118,0.016575289890170097,0,1
04,119,0.0166584774851799,0,1
04,120,0.030477264896035194,0,1
04,121,0.03846326842904091,0,1
04,122,0.025501210242509842,0,1
04,123,0.006817822810262442,0,1
04,124,0.018763713538646698,0,1
04,125,0.018163597211241722,0,1
04,126,0.015934837982058525,0,1
04,127,0.019480695948004723,0,1
04,128,0.015263242647051811,0,1
04,129,0.0197362769395113,0,1
04,130,0.006056910380721092,0,1
04,131,0.025863956660032272,0,1
04,132,0.015725068747997284,0,1
04,133,0.010636337101459503,0,1
04,134,0.01401424314826727,0,1
04,135,0.015797767788171768,0,1
04,136,0.025072047486901283,0,1
04,137,0.25784897804260254,0,1
04,138,0.04567413404583931,0,1
04,139,0.07126197218894958,0,1
04,140,0.009141478687524796,0,1
04,141,0.05218915268778801,0,1
04,142,0.02893145941197872,0,1
04,143,0.051070936024188995,0,1
04,144,0.021601302549242973,0,1
04,145,0.020379357039928436,0,1
04,146,0.028647366911172867,0,1
04,147,0.008201017044484615,0,1
04,148,0.007454110775142908,0,1
04,149,0.00784540455788374,0,1
04,150,0.03862147405743599,0,1
04,151,0.026678983122110367,0,1
04,152,0.013353966176509857,0,1
04,153,0.015078859403729439,0,1
04,154,0.13753093779087067,0,1
04,155,0.053338341414928436,0,1
04,156,0.03950696811079979,0,1
04,157,0.11646723747253418,0,1
04,158,0.02400122582912445,0,1
04,159,0.01367501076310873,0,1
04,160,0.0159095861017704,0,1
04,161,0.014587142504751682,0,1
04,162,0.014523003250360489,0,1
04,163,0.08144032955169678,0,1
04,164,0.02587934024631977,0,1
04,165,0.022540871053934097,0,1
04,166,0.0251480545848608,0,1
04,167,0.01716325245797634,0,1
04,168,0.013355863280594349,0,1
04,169,0.02956470660865307,0,1
05,0,9.156094893114641e-05,0,0
05,1,0.0001098633510991931,0,0
05,2,8.004678238648921e-05,0,0
05,3,8.407690620515496e-05,0,0
05,4,0.0001679932902334258,0,0
05,5,0.0002541329013183713,0,0
05,6,0.00010056754399556667,0,0
05,7,0.008490439504384995,0,0
05,8,2.8635507987928577e-05,0,0
05,9,2.1628686226904392e-05,0,0
05,10,1.0050757737189997e-05,0,0
05,11,0.00010621159890433773,0,0
05,12,8.361501386389136e-05,0,0
05,13,0.0003702741814777255,0,0
05,14,2.9446334792737616e-06,0,0
05,15,5.613232133327983e-05,0,0
05,16,3.090320751653053e-05,0,0
05,17,4.5062938625051174e-06,0,0
05,18,1.3472857972374186e-05,0,0
05,19,1.0995195225405041e-05,0,0
05,20,7.927953447506297e-06,0,0
05,21,0.00018206759705208242,0,0
05,22,0.0004381303151603788,0,0
05,23,9.946286445483565e-05,0,0
05,24,0.00011229373194510117,0,0
05,25,3.478765620457125e-06,0,0
05,26,0.0001370413083350286,0,0
05,27,0.00030630998662672937,0,0
05,28,0.0015011766226962209,0,0
05,29,0.0006153889116831124,0,0
05,30,0.0007688642363063991,0,0
05,31,0.0003319403622299433,0,0
05,32,0.00020235523697920144,0,0
05,33,0.0005071036284789443,0,0
05,34,0.0003793639480136335,0,0
05,35,0.0014450827147811651,0,0
05,36,0.000486084638396278,0,0
05,37,0.002282727975398302,0,0
05,38,0.001673868391662836,0,0
05,39,0.0003251443849876523,0,0
05,40,0.001983524998649955,0,0
05,41,0.00034177611814811826,0,0
05,42,3.785306398640387e-05,0,0
05,43,0.017206817865371704,0,0
05,44,0.0007196901133283973,0,0
05,45,0.00016695195517968386,0,0
05,46,0.0011956304078921676,0,0
05,47,0.00674870191141963,0,0
05,48,0.0011604721657931805,0,0
05,49,0.0024251092690974474,0,0
05,50,0.0019055941374972463,0,0
05,51,0.00039464011206291616,0,0
05,52,0.0006439746357500553,0,0
05,53,3.894395922543481e-05,0,0
05,54,0.00039601343451067805,0,0
05,55,0.000204573996597901,0,0
05,56,0.0002841912501025945,0,0
05,57,0.006725606974214315,0,1
05,58,0.0038061824161559343,0,1
05,59,0.004704275634139776,0,1
05,60,0.002617538208141923,0,1
05,61,0.0024097440764307976,0,1
05,62,0.004784701392054558,0,1
05,63,0.0006585785886272788,0,1
05,64,0.004750524181872606,0,1
05,65,0.020723380148410797,0,1
05,66,0.025442270562052727,0,1
05,67,0.00022772107331547886,0,1
05,68,0.006615821737796068,0,1
05,69,0.002810706617310643,0,1
05,70,0.0020666420459747314,0,1
05,71,0.034307874739170074,0,1
05,72,0.017149953171610832,0,1
05,73,0.06688307970762253,0,1
05,74,0.017194272950291634,0,1
05,75,0.041341621428728104,0,1
05,76,0.09455861896276474,0,1
05,77,0.16457077860832214,1,1
05,78,0.17001762986183167,1,1
05,79,0.1892508715391159,1,1
05,80,0.13474109768867493,1,1
05,81,0.14183500409126282,1,1
05,82,0.16535767912864685,1,1
05,83,0.08776440471410751,0,1
05,84,0.009753336198627949,0,1
05,85,0.12649200856685638,1,1
05,86,0.10356160253286362,1,1
05,87,0.018208006396889687,0,1
05,88,0.027099739760160446,0,1
05,89,0.022740434855222702,0,1
05,90,0.013936392962932587,0,1
05,91,0.01571977697312832,0,1
05,92,0.04221554473042488,0,1
05,93,0.04640505090355873,0,1
05,94,0.05082732066512108,0,1
05,95,0.1459549069404602,1,1
05,96,0.08499892055988312,0,1
05,97,0.08185429126024246,0,1
05,98,0.15443354845046997,1,1
05,99,0.10064571350812912,1,1
05,100,0.1602460741996765,1,1
05,101,0.2649441957473755,1,1
05,102,0.05074603855609894,0,1
05,103,0.09797552227973938,0,1
05,104,0.12519823014736176,1,1
05,105,0.1516573429107666,1,1
05,106,0.139203742146492,1,1
05,107,0.19811120629310608,1,1
05,108,0.11792683601379395,1,1
05,109,0.07468064874410629,0,1
05,110,0.08685730397701263,0,1
05,111,0.09633234143257141,0,1
05,112,0.00024056053371168673,0,0
05,113,0.0005230791866779327,0,0
05,114,0.008071167394518852,0,0
05,115,0.0006615086458623409,0,0
05,116,0.00035487793502397835,0,0
05,117,0.00012742313265334815,0,0
05,118,0.004897003527730703,0,0
05,119,0.582444965839386,1,0
05,120,0.015800094231963158,0,0
05,121,0.0010316170519217849,0,0
05,122,0.001961112953722477,0,0
05,123,0.14398907124996185,1,0
05,124,0.1939874142408371,1,0
05,125,0.0570925697684288,0,0
05,126,0.02451428771018982,0,0
05,127,0.03658111393451691,0,0
05,128,0.01609807088971138,0,0
05,129,0.006367883644998074,0,0
05,130,0.002818330656737089,0,0
05,131,0.002842458663508296,0,0
05,132,0.009948547929525375,0,0
05,133,0.005887230858206749,0,0
05,134,0.11901484429836273,1,0
05,135,0.0017887495923787355,0,0
05,136,0.04011336341500282,0,0
05,137,0.0187827255576849,0,0
05,138,0.00538325309753418,0,0
05,139,0.00303914537653327,0,0
05,140,0.16052617132663727,1,0
05,141,0.007660402916371822,0,0
05,142,0.007278289645910263,0,0
05,143,0.008845209144055843,0,0
05,144,0.01403153594583273,0,0
05,145,0.0011338016483932734,0,0
05,146,0.0050295996479690075,0,0
05,147,0.014085640199482441,0,0
05,148,0.001423055655322969,0,0
05,149,0.007390155456960201,0,0
05,150,0.001795198768377304,0,0
05,151,0.01727905310690403,0,0
05,152,0.02234516479074955,0,0
05,153,0.03748827427625656,0,0
05,154,0.011766365729272366,0,0
05,155,0.0029479842633008957,0,0
05,156,0.0007125641568563879,0,0
05,157,0.003200404578819871,0,0
05,158,0.0015396849485114217,0,0
05,159,0.0059701912105083466,0,0
05,160,0.04193819314241409,0,0
05,161,0.008317284286022186,0,0
05,162,0.016458120197057724,0,0
05,163,0.046885374933481216,0,0
05,164,0.023390216752886772,0,0
05,165,0.019086893647909164,0,0
05,166,0.012936408631503582,0,0
05,167,0.07291104644536972,0,0
05,168,0.0064225587993860245,0,0
05,169,0.001153427641838789,0,0
06,0,0.11114632338285446,0,0
06,1,0.1447518765926361,0,0
06,2,0.7988545298576355,1,0
06,3,0.00197385111823678,0,0
06,4,0.11134430766105652,0,0
06,5,0.6306662559509277,1,0
06,6,0.27452367544174194,1,0
06,7,0.20142559707164764,1,0
06,8,0.01422576792538166,0,0
06,9,0.0032323154155164957,0,0
06,10,0.027137959375977516,0,0
06,11,0.12675374746322632,0,0
06,12,0.09662290662527084,0,0
06,13,0.004370922688394785,0,0
06,14,0.003918125759810209,0,0
06,15,0.011911194771528244,0,0
06,16,0.012600132264196873,0,0
06,17,0.029393142089247704,0,0
06,18,0.02378477342426777,0,0
06,19,0.01674300618469715,0,0
06,20,0.004955972079187632,0,0
06,21,0.0025247810408473015,0,0
06,22,0.581129789352417,1,0
06,23,0.018256789073348045,0,0
06,24,0.007318415679037571,0,0
06,25,0.04594384878873825,0,0
06,26,0.00998448021709919,0,0
06,27,0.006725100334733725,0,0
06,28,0.004316867794841528,0,0
06,29,0.025813696905970573,0,0
06,30,0.14784081280231476,0,0
06,31,0.15349966287612915,0,0
06,32,0.027724364772439003,0,0
06,33,0.02859734743833542,0,0
06,34,0.013382216915488243,0,0
06,35,0.02885500155389309,0,0
06,36,0.010963148437440395,0,0
06,37,0.1197141781449318,0,0
06,38,0.09508310258388519,0,0
06,39,0.034607015550136566,0,0
06,40,0.27209991216659546,1,0
06,41,0.1552896797657013,0,0
06,42,0.08884541690349579,0,0
06,43,0.01698160544037819,0,0
06,44,0.08509667962789536,0,0
06,45,0.018451940268278122,0,0
06,46,0.002663783263415098,0,0
06,47,0.0252197477966547,0,0
06,48,0.6358327865600586,1,0
06,49,0.1419379562139511,0,0
06,50,0.5990363955497742,1,0
06,51,0.17541471123695374,0,0
06,52,0.19728423655033112,1,0
06,53,0.006558836903423071,0,0
06,54,0.3601674735546112,1,1
06,55,0.020351534709334373,0,1
06,56,0.004683468956500292,0,1
06,57,0.0307569932192564,0,1
06,58,0.0019497685134410858,0,1
06,59,0.051446329802274704,0,1
06,60,0.07958584278821945,0,1
06,61,0.06201351433992386,0,1
06,62,0.9218370914459229,1,1
06,63,0.007107291836291552,0,1
06,64,0.013470396399497986,0,1
06,65,0.09522745758295059,0,1
06,66,0.14830496907234192,0,1
06,67,0.04341358318924904,0,1
06,68,0.10938035696744919,0,1
06,69,0.02769823744893074,0,1
06,70,0.5016123056411743,1,1
06,71,0.4447953999042511,1,1
06,72,0.5670627951622009,1,1
06,73,0.615176796913147,1,1
06,74,0.38736340403556824,1,1
06,75,0.05514420196413994,0,1
06,76,0.04253312572836876,0,1
06,77,0.03563401475548744,0,1
06,78,0.03218824416399002,0,1
06,79,0.02725943922996521,0,1
06,80,0.05197007581591606,0,1
06,81,0.015178524889051914,0,1
06,82,0.01737329550087452,0,1
06,83,0.065699502825737,0,1
06,84,0.012117743492126465,0,1
06,85,0.034931112080812454,0,1
06,86,0.07343020290136337,0,1
06,87,0.008965917862951756,0,1
06,88,0.01588721200823784,0,1
06,89,0.017438136041164398,0,1
06,90,0.9899641275405884,1,1
06,91,0.9969764947891235,1,1
06,92,0.8091395497322083,1,1
06,93,0.038986846804618835,0,1
06,94,0.48905396461486816,1,1
06,95,0.0388760045170784,0,1
06,96,0.0020990746561437845,0,1
06,97,0.04208832234144211,0,1
06,98,0.040192101150751114,0,1
06,99,0.5313417911529541,1,1
06,100,0.13573196530342102,0,1
06,101,0.71026611328125,1,1
06,102,0.0698535218834877,0,1
06,103,0.07071270048618317,0,1
06,104,0.16877400875091553,0,1
06,105,0.02153739705681801,0,1
06,106,0.004718008451163769,0,1
06,107,0.15931186079978943,0,1
06,108,0.08489541709423065,0,1
06,109,0.09728221595287323,0,1
06,110,0.0722583755850792,0,1
06,111,0.19434626400470734,1,1
06,112,0.4627993404865265,1,0
06,113,0.4619293510913849,1,0
06,114,0.017405983060598373,0,0
06,115,0.14989671111106873,0,0
06,116,0.036096710711717606,0,0
06,117,0.1107604131102562,0,0
06,118,0.2618246376514435,1,0
06,119,0.07164615392684937,0,0
06,120,0.5216614007949829,1,0
06,121,0.31182318925857544,1,0
06,122,0.04658951237797737,0,0
06,123,0.17168395221233368,0,0
06,124,0.13337984681129456,0,0
06,125,0.21340252459049225,1,0
06,126,0.11099398881196976,0,0
06,127,0.25730541348457336,1,0
06,128,0.008092803880572319,0,0
06,129,0.01711214892566204,0,0
06,130,0.03263203054666519,0,0
06,131,0.12368940562009811,0,0
06,132,0.033039312809705734,0,0
06,133,0.04034486413002014,0,0
06,134,0.06288585811853409,0,0
06,135,0.20066678524017334,1,0
06,136,0.03439832478761673,0,0
06,137,0.003748430637642741,0,0
06,138,0.29394423961639404,1,0
06,139,0.0165427066385746,0,0
06,140,0.9424118995666504,1,0
06,141,0.2269618809223175,1,0
06,142,0.872814416885376,1,0
06,143,0.06947294622659683,0,0
06,144,0.004534624516963959,0,0
06,145,0.04337575286626816,0,0
06,146,0.007425484247505665,0,0
06,147,0.03511219844222069,0,0
06,148,0.008188490755856037,0,0
06,149,0.0043716952204704285,0,0
06,150,0.022942954674363136,0,0
06,151,0.01843019761145115,0,0
06,152,0.03422252833843231,0,0
06,153,0.014146905392408371,0,0
06,154,0.002526551717892289,0,0
06,155,0.0030243697110563517,0,0
06,156,0.011496527120471,0,0
06,157,0.02334635518491268,0,0
06,158,0.03150574490427971,0,0
06,159,0.04075045883655548,0,0
06,160,0.03642517700791359,0,0
06,161,0.008147873915731907,0,0
06,162,0.006857214495539665,0,0
06,163,0.0023236055858433247,0,0
06,164,0.001464292174205184,0,0
06,165,0.025284014642238617,0,0
06,166,0.020060820505023003,0,0
06,167,0.0018447855254635215,0,0
06,168,0.001435188460163772,0,0
06,169,0.0018190311966463923,0,0
07,0,0.28939563035964966,1,0
07,1,0.482729971408844,1,0
07,2,0.580723762512207,1,0
07,3,0.5384131669998169,1,0
07,4,0.39291912317276,1,0
07,5,0.8263969421386719,1,0
07,6,0.3132619261741638,1,0
07,7,0.7460888624191284,1,0
07,8,0.44282659888267517,1,0
07,9,0.35775136947631836,1,0
07,10,0.6993464827537537,1,0
07,11,0.4743391275405884,1,0
07,12,0.17722643911838531,0,0
07,13,0.4094599485397339,1,0
07,14,0.5099618434906006,1,0
07,15,0.39815714955329895,1,0
07,16,0.03835234045982361,0,0
07,17,0.5731639862060547,1,0
07,18,0.38704589009284973,1,0
07,19,0.6675109267234802,1,0
07,20,0.4854281544685364,1,0
07,21,0.40722185373306274,1,0
07,22,0.13571053743362427,0,0
07,23,0.3096071481704712,1,0
07,24,0.17345760762691498,0,0
07,25,0.12532652914524078,0,0
07,26,0.11439254879951477,0,0
07,27,0.103987917304039,0,0
07,28,0.3324001431465149,1,0
07,29,0.15872761607170105,0,0
07,30,0.34642624855041504,1,0
07,31,0.22482848167419434,0,0
07,32,0.30354437232017517,1,0
07,33,0.2784707248210907,1,0
07,34,0.1561364233493805,0,0
07,35,0.33576613664627075,1,0
07,36,0.09371764957904816,0,0
07,37,0.22095181047916412,0,0
07,38,0.3411664366722107,1,0
07,39,0.30390045046806335,1,0
07,40,0.3912236988544464,1,0
07,41,0.18307872116565704,0,0
07,42,0.20489107072353363,0,0
07,43,0.26532846689224243,1,0
07,44,0.09218281507492065,0,0
07,45,0.2063446193933487,0,0
07,46,0.15864259004592896,0,0
07,47,0.19893322885036469,0,0
07,48,0.2241809368133545,0,0
07,49,0.561737596988678,1,0
07,50,0.5798637866973877,1,0
07,51,0.7327795028686523,1,0
07,52,0.5291623473167419,1,0
07,53,0.2675677239894867,1,0
07,54,0.3440168797969818,1,0
07,55,0.5391746163368225,1,0
07,56,0.19846230745315552,0,1
07,57,0.5027000308036804,1,1
07,58,0.5022021532058716,1,1
07,59,0.49835532903671265,1,1
07,60,0.5421139001846313,1,1
07,61,0.3318197727203369,1,1
07,62,0.7892882823944092,1,1
07,63,0.47774627804756165,1,1
07,64,0.27937233448028564,1,1
07,65,0.3369520902633667,1,1
07,66,0.40434619784355164,1,1
07,67,0.3858359754085541,1,1
07,68,0.4935358166694641,1,1
07,69,0.26361194252967834,1,1
07,70,0.35515257716178894,1,1
07,71,0.4944714903831482,1,1
07,72,0.4714643657207489,1,1
07,73,0.4338374435901642,1,1
07,74,0.6423481702804565,1,1
07,75,0.39485597610473633,1,1
07,76,0.6335814595222473,1,1
07,77,0.46276411414146423,1,1
07,78,0.6878260374069214,1,1
07,79,0.7018635272979736,1,1
07,80,0.39186179637908936,1,1
07,81,0.3994775116443634,1,1
07,82,0.46240776777267456,1,1
07,83,0.3466905355453491,1,1
07,84,0.9492207765579224,1,1
07,85,0.5276895761489868,1,1
07,86,0.722429633140564,1,1
07,87,0.9494231939315796,1,1
07,88,0.671146035194397,1,1
07,89,0.8760290145874023,1,1
07,90,0.700130045413971,1,1
07,91,0.8642407655715942,1,1
07,92,0.6707931756973267,1,1
07,93,0.7610485553741455,1,1
07,94,0.6452732682228088,1,1
07,95,0.8173622488975525,1,1
07,96,0.6378281116485596,1,1
07,97,0.6163476705551147,1,1
07,98,0.24124033749103546,0,1
07,99,0.2972722053527832,1,1
07,100,0.841937243938446,1,1
07,101,0.7626795768737793,1,1
07,102,0.6723564863204956,1,1
07,103,0.6221455931663513,1,1
07,104,0.1763482540845871,0,1
07,105,0.2230840027332306,0,1
07,106,0.1891830712556839,0,1
07,107,0.18637976050376892,0,1
07,108,0.10407733917236328,0,1
07,109,0.13785025477409363,0,1
07,110,0.20398885011672974,0,1
07,111,0.4640578329563141,1,0
07,112,0.6325563192367554,1,0
07,113,0.1327226608991623,0,0
07,114,0.3668195903301239,1,0
07,115,0.18054825067520142,0,0
07,116,0.43820837140083313,1,0
07,117,0.5725288987159729,1,0
07,118,0.29401248693466187,1,0
07,119,0.370439350605011,1,0
07,120,0.3676990866661072,1,0
07,121,0.4806918501853943,1,0
07,122,0.6584365367889404,1,0
07,123,0.387870728969574,1,0
07,124,0.7423210740089417,1,0
07,125,0.5190501809120178,1,0
07,126,0.5202786922454834,1,0
07,127,0.40675824880599976,1,0
07,128,0.15869665145874023,0,0
07,129,0.3342365622520447,1,0
07,130,0.781110405921936,1,0
07,131,0.6655493974685669,1,0
07,132,0.6602731943130493,1,0
07,133,0.748921275138855,1,0
07,134,0.411786824464798,1,0
07,135,0.46720001101493835,1,0
07,136,0.7274155616760254,1,0
07,137,0.4160425364971161,1,0
07,138,0.7059324979782104,1,0
07,139,0.5485718846321106,1,0
07,140,0.769720196723938,1,0
07,141,0.5437196493148804,1,0
07,142,0.40636008977890015,1,0
07,143,0.4425543546676636,1,0
07,144,0.5600320100784302,1,0
07,145,0.24426373839378357,0,0
07,146,0.6935030221939087,1,0
07,147,0.5334624648094177,1,0
07,148,0.7525057792663574,1,0
07,149,0.48896801471710205,1,0
07,150,0.4219515025615692,1,0
07,151,0.8141233921051025,1,0
07,152,0.4375207722187042,1,0
07,153,0.6637833714485168,1,0
07,154,0.6588857173919678,1,0
07,155,0.6216941475868225,1,0
07,156,0.49981001019477844,1,0
07,157,0.36489060521125793,1,0
07,158,0.5142173767089844,1,0
07,159,0.4901619851589203,1,0
07,160,0.420253723859787,1,0
07,161,0.36607182025909424,1,0
07,162,0.2148371934890747,0,0
07,163,0.26158756017684937,1,0
07,164,5.678404704667628e-05,0,0
07,165,0.0027778681833297014,0,0
07,166,0.011613575741648674,0,0
07,167,0.0027206141967326403,0,0
07,168,0.04476522281765938,0,0
07,169,0.19094830751419067,0,0
08,0,0.9809563755989075,1,1
08,1,0.9577862620353699,1,1
08,2,0.9473121166229248,1,1
08,3,0.8997822999954224,1,1
08,4,0.9776738286018372,1,1
08,5,0.8857598900794983,1,1
08,6,0.5027825832366943,1,1
08,7,0.93616783618927,1,1
08,8,0.8416383266448975,1,1
08,9,0.9718063473701477,1,1
08,10,0.9585149884223938,1,1
08,11,0.7854115962982178,1,1
08,12,0.973776638507843,1,1
08,13,0.9796594977378845,1,1
08,14,0.9745056629180908,1,1
08,15,0.9958451390266418,1,1
08,16,0.990138590335846,1,1
08,17,0.9918290972709656,1,1
08,18,0.9794027209281921,1,1
08,19,0.9699335694313049,1,1
08,20,0.9900166988372803,1,1
08,21,0.9751496911048889,1,1
08,22,0.8662629127502441,1,1
08,23,0.9845096468925476,1,1
08,24,0.9735214710235596,1,1
08,25,0.9920626878738403,1,1
08,26,0.9963042736053467,1,1
08,27,0.9740577340126038,1,1
08,28,0.9605838060379028,1,1
08,29,0.9890046119689941,1,1
08,30,0.9994452595710754,1,1
08,31,0.9960814118385315,1,1
08,32,0.9920557141304016,1,1
08,33,0.9967734813690186,1,1
08,34,0.9814270734786987,1,1
08,35,0.9806838035583496,1,1
08,36,0.9867364168167114,1,1
08,37,0.9744827747344971,1,1
08,38,0.998934268951416,1,1
08,39,0.9994045495986938,1,1
08,40,0.9886630773544312,1,1
08,41,0.9962524771690369,1,1
08,42,0.9944038391113281,1,1
08,43,0.9985496401786804,1,1
08,44,0.9993749856948853,1,1
08,45,0.9985595941543579,1,1
08,46,0.9982582330703735,1,1
08,47,0.9919484257698059,1,1
08,48,0.9938836693763733,1,1
08,49,0.9917458295822144,1,1
08,50,0.996358335018158,1,1
08,51,0.967154324054718,1,1
08,52,0.9798949956893921,1,1
08,53,0.024567116051912308,0,1
08,54,0.002435757778584957,0,1
08,55,0.8143077492713928,1,1
08,56,0.4137042760848999,1,1
08,57,0.9317306280136108,1,1
08,58,0.608567476272583,1,0
08,59,0.9862951636314392,1,0
08,60,0.9193511009216309,1,0
08,61,0.9361951351165771,1,0
08,62,0.9959298372268677,1,0
08,63,0.9587075114250183,1,0
08,64,0.990088701248169,1,0
08,65,0.9286274909973145,1,0
08,66,0.9392938613891602,1,0
08,67,0.8480539917945862,1,0
08,68,0.7647897601127625,1,0
08,69,0.9794148802757263,1,0
08,70,0.4057944715023041,1,0
08,71,0.9539966583251953,1,0
08,72,0.8644798398017883,1,0
08,73,0.536205530166626,1,0
08,74,0.9069234132766724,1,0
08,75,0.9582253694534302,1,0
08,76,0.986625611782074,1,0
08,77,0.972235918045044,1,0
08,78,0.9818874001502991,1,0
08,79,0.9631978273391724,1,0
08,80,0.994905412197113,1,0
08,81,0.9973509311676025,1,0
08,82,0.9929451942443848,1,0
08,83,0.9757352471351624,1,0
08,84,0.9952775835990906,1,0
08,85,0.9790501594543457,1,0
08,86,0.9971187114715576,1,0
08,87,0.9982999563217163,1,0
08,88,0.9905443787574768,1,0
08,89,0.966159999370575,1,0
08,90,0.9811250567436218,1,0
08,91,0.9659143090248108,1,0
08,92,0.9754961729049683,1,0
08,93,0.9920759797096252,1,0
08,94,0.9944388270378113,1,0
08,95,0.9958534240722656,1,0
08,96,0.9974942803382874,1,0
08,97,0.9985724091529846,1,0
08,98,0.9982853531837463,1,0
08,99,0.9983393549919128,1,0
08,100,0.994541347026825,1,0
08,101,0.9975652098655701,1,0
08,102,0.996023952960968,1,0
08,103,0.9929174184799194,1,0
08,104,0.9948609471321106,1,0
08,105,0.9947815537452698,1,0
08,106,0.991070568561554,1,0
08,107,0.9830805659294128,1,0
08,108,0.9755412340164185,1,0
08,109,0.9777600169181824,1,0
08,110,0.9169624447822571,1,0
08,111,0.9727210402488708,1,0
08,112,0.9852203130722046,1,0
08,113,0.9552248120307922,1,0
08,114,0.972398579120636,1,0
08,115,0.9694604873657227,1,0
08,116,0.982100248336792,1,0
08,117,0.9978843331336975,1,0
08,118,0.9977407455444336,1,0
08,119,0.9902268052101135,1,0
08,120,0.9938960671424866,1,0
08,121,0.9979254603385925,1,0
08,122,0.990149974822998,1,0
08,123,0.9997074604034424,1,0
08,124,0.9990714192390442,1,0
08,125,0.9985016584396362,1,0
08,126,0.9971561431884766,1,0
08,127,0.9502499103546143,1,0
08,128,0.9396969676017761,1,0
08,129,0.9238688945770264,1,0
08,130,0.9517791867256165,1,0
08,131,0.9782008528709412,1,0
08,132,0.9574093818664551,1,0
08,133,0.9871817231178284,1,0
08,134,0.9882053136825562,1,0
08,135,0.49856114387512207,1,0
08,136,0.9566871523857117,1,0
08,137,0.9810119271278381,1,0
08,138,0.9848742485046387,1,0
08,139,0.987368643283844,1,0
08,140,0.9838274717330933,1,0
08,141,0.974223256111145,1,0
08,142,0.992988109588623,1,0
08,143,0.9500001668930054,1,0
08,144,0.927584171295166,1,0
08,145,0.978926956653595,1,0
08,146,0.8856911659240723,1,0
08,147,0.9611523747444153,1,0
08,148,0.99338299036026,1,0
08,149,0.9495152235031128,1,0
08,150,0.993658185005188,1,0
08,151,0.9957046508789062,1,0
08,152,0.9947587847709656,1,0
08,153,0.9963759779930115,1,0
08,154,0.9964417219161987,1,0
08,155,0.9134489297866821,1,0
08,156,0.9880843758583069,1,0
08,157,0.9382995963096619,1,0
08,158,0.9779959917068481,1,0
08,159,0.9927598237991333,1,0
08,160,0.8888318538665771,1,0
08,161,0.993546187877655,1,0
08,162,0.8784409761428833,1,0
08,163,0.9008421301841736,1,0
08,164,0.977923572063446,1,0
08,165,0.950149416923523,1,0
08,166,0.8779197335243225,1,0
08,167,0.8113818168640137,1,0
08,168,0.9471467137336731,1,0
08,169,0.9658767580986023,1,0
09,0,0.2187744826078415,0,0
09,1,0.5831395387649536,0,0
09,2,0.33725154399871826,0,0
09,3,0.11153149604797363,0,0
09,4,0.9371492862701416,1,0
09,5,0.5819969177246094,0,0
09,6,0.038044754415750504,0,0
09,7,0.8417007327079773,1,0
09,8,0.7171334028244019,1,0
09,9,0.27516964077949524,0,0
09,10,0.08186887949705124,0,0
09,11,0.018066678196191788,0,0
09,12,0.14235220849514008,0,0
09,13,0.37260884046554565,0,0
09,14,0.7284872531890869,1,0
09,15,0.8814969658851624,1,0
09,16,0.05876024067401886,0,0
09,17,0.3732450604438782,0,0
09,18,0.6525354981422424,0,0
09,19,0.6637241840362549,0,0
09,20,0.38549959659576416,0,0
09,21,0.041654072701931,0,0
09,22,0.5106883645057678,0,0
09,23,0.0766945481300354,0,0
09,24,0.2490142434835434,0,0
09,25,0.3442143201828003,0,0
09,26,0.4965738356113434,0,0
09,27,0.7882367372512817,1,0
09,28,0.7969759702682495,1,0
09,29,0.35434675216674805,0,0
09,30,0.1549939066171646,0,0
09,31,0.03950304538011551,0,0
09,32,0.25338202714920044,0,0
09,33,0.44319212436676025,0,0
09,34,0.035846125334501266,0,0
09,35,0.4715183675289154,0,0
09,36,0.9449211955070496,1,0
09,37,0.6041327714920044,0,0
09,38,0.05982058495283127,0,0
09,39,0.02527611143887043,0,0
09,40,0.18677398562431335,0,0
09,41,0.008446568623185158,0,0
09,42,0.07245628535747528,0,0
09,43,0.014683247543871403,0,0
09,44,0.28772327303886414,0,0
09,45,0.10157371312379837,0,0
09,46,0.1574568897485733,0,0
09,47,0.8607892394065857,1,0
09,48,0.5306892395019531,0,0
09,49,0.9151803851127625,1,0
09,50,0.8947591781616211,1,0
09,51,0.940729022026062,1,0
09,52,0.5469451546669006,0,0
09,53,0.1820082664489746,0,1
09,54,0.15161024034023285,0,1
09,55,0.020131109282374382,0,1
09,56,0.3860088586807251,0,1
09,57,0.549982488155365,0,1
09,58,0.48176872730255127,0,1
09,59,0.508861780166626,0,1
09,60,0.2806655764579773,0,1
09,61,0.20452001690864563,0,1
09,62,0.29569676518440247,0,1
09,63,0.053333383053541183,0,1
09,64,0.06040666252374649,0,1
09,65,0.2637644112110138,0,1
09,66,0.3280130922794342,0,1
09,67,0.23207977414131165,0,1
09,68,0.22772900760173798,0,1
09,69,0.10197631269693375,0,1
09,70,0.06276701390743256,0,1
09,71,0.5058377981185913,0,1
09,72,0.7915424108505249,1,1
09,73,0.2823350131511688,0,1
09,74,0.14521050453186035,0,1
09,75,0.1521497666835785,0,1
09,76,0.2933340072631836,0,1
09,77,0.2546839118003845,0,1
09,78,0.3570476770401001,0,1
09,79,0.1852317452430725,0,1
09,80,0.0687512531876564,0,1
09,81,0.13695493340492249,0,1
09,82,0.1520867794752121,0,1
09,83,0.1392315775156021,0,1
09,84,0.809503972530365,1,1
09,85,0.27922672033309937,0,1
09,86,0.10398036241531372,0,1
09,87,0.26195940375328064,0,1
09,88,0.2216423600912094,0,1
09,89,0.11920280009508133,0,1
09,90,0.20631854236125946,0,1
09,91,0.017569297924637794,0,1
09,92,0.1017535850405693,0,1
09,93,0.17249876260757446,0,1
09,94,0.09892598539590836,0,1
09,95,0.11365143209695816,0,1
09,96,0.248676598072052,0,1
09,97,0.34077295660972595,0,1
09,98,0.1804034560918808,0,1
09,99,0.3100557029247284,0,1
09,100,0.12692248821258545,0,1
09,101,0.061246488243341446,0,1
09,102,0.3198279142379761,0,1
09,103,0.08619842678308487,0,1
09,104,0.2849363386631012,0,1
09,105,0.22262048721313477,0,1
09,106,0.46879521012306213,0,1
09,107,0.2248534858226776,0,1
09,108,0.1436045616865158,0,1
09,109,0.10755296796560287,0,1
09,110,0.09878631681203842,0,1
09,111,3.110684210216874e-10,0,0
09,112,2.2915450093030643e-10,0,0
09,113,3.051219010785644e-08,0,0
09,114,1.2743717192620352e-10,0,0
09,115,6.935113816552985e-08,0,0
09,116,4.636578676553427e-09,0,0
09,117,1.636198510013287e-09,0,0
09,118,3.7840992561655185e-09,0,0
09,119,7.0469976520826094e-09,0,0
09,120,1.779202896123877e-09,0,0
09,121,6.7108767431989236e-09,0,0
09,122,1.888958545137598e-09,0,0
09,123,1.7804657748143882e-09,0,0
09,124,1.048716002927108e-09,0,0
09,125,1.2072951527386522e-09,0,0
09,126,2.319243685988681e-09,0,0
09,127,1.8674501944815347e-09,0,0
09,128,1.0313786491522592e-09,0,0
09,129,1.7158827692043133e-09,0,0
09,130,5.141431724808854e-10,0,0
09,131,6.062191304501141e-10,0,0
09,132,2.0956285318174395e-10,0,0
09,133,3.3602083338024613e-09,0,0
09,134,6.050708822868955e-10,0,0
09,135,2.9256093103668945e-09,0,0
09,136,2.4959569966398476e-09,0,0
09,137,4.620026583523895e-09,0,0
09,138,4.34527347437097e-09,0,0
09,139,2.8974156407457485e-09,0,0
09,140,1.08331921211402e-09,0,0
09,141,3.053824693122209e-10,0,0
09,142,9.450825677603802e-10,0,0
09,143,5.752258114277709e-10,0,0
09,144,2.360813322610511e-09,0,0
09,145,1.79055992255428e-09,0,0
09,146,7.870461504744242e-10,0,0
09,147,4.703543776685137e-09,0,0
09,148,1.6283933090832647e-09,0,0
09,149,3.5072694748450317e-10,0,0
09,150,2.306336233104389e-09,0,0
09,151,1.6602255126230148e-09,0,0
09,152,1.24641974519335e-09,0,0
09,153,4.624637561789768e-09,0,0
09,154,3.5948084509129785e-09,0,0
09,155,2.2707086211326555e-10,0,0
09,156,4.392577968026501e-10,0,0
09,157,1.24502030907081e-09,0,0
09,158,7.719455075161363e-10,0,0
09,159,2.5273044768070463e-10,0,0
09,160,6.956795695067797e-10,0,0
09,161,6.946453967593413e-10,0,0
09,162,5.59073065620197e-10,0,0
09,163,1.3913757923589287e-09,0,0
09,164,4.0495506947735294e-10,0,0
09,165,4.341982606792527e-10,0,0
09,166,7.461559148325136e-10,0,0
09,167,1.6408800984635263e-09,0,0
09,168,2.317280367591934e-09,0,0
09,169,2.01466709981446e-09,0,0
10,0,0.9738413691520691,1,1
10,1,0.9090217351913452,1,1
10,2,0.779360294342041,1,1
10,3,0.7958067655563354,1,1
10,4,0.9781618714332581,1,1
10,5,0.7917348742485046,1,1
10,6,0.9799683094024658,1,1
10,7,0.9944674968719482,1,1
10,8,0.9555821418762207,1,1
10,9,0.8795332312583923,1,1
10,10,0.940544605255127,1,1
10,11,0.8935976624488831,1,1
10,12,0.8959546685218811,1,1
10,13,0.5558333396911621,0,1
10,14,0.5725080370903015,0,1
10,15,0.6635136008262634,1,1
10,16,0.7481138706207275,1,1
10,17,0.8842999935150146,1,1
10,18,0.8869511485099792,1,1
10,19,0.5947688221931458,0,1
10,20,0.7894662022590637,1,1
10,21,0.778282880783081,1,1
10,22,0.7843815684318542,1,1
10,23,0.8626315593719482,1,1
10,24,0.9096776843070984,1,1
10,25,0.9552341103553772,1,1
10,26,0.9676787853240967,1,1
10,27,0.9888004064559937,1,1
10,28,0.8472639322280884,1,1
10,29,0.982283890247345,1,1
10,30,0.9184361696243286,1,1
10,31,0.8956690430641174,1,1
10,32,0.9137775301933289,1,1
10,33,0.6034475564956665,1,1
10,34,0.8918290734291077,1,1
10,35,0.9808749556541443,1,1
10,36,0.9801934957504272,1,1
10,37,0.990051805973053,1,1
10,38,0.9880699515342712,1,1
10,39,0.9814366698265076,1,1
10,40,0.7622196674346924,1,1
10,41,0.9547585844993591,1,1
10,42,0.1813959926366806,0,1
10,43,0.4886423349380493,0,1
10,44,0.9518043994903564,1,1
10,45,0.9855390787124634,1,1
10,46,0.9920437932014465,1,1
10,47,0.9713517427444458,1,1
10,48,0.9525604844093323,1,1
10,49,0.9403807520866394,1,1
10,50,0.9592338800430298,1,1
10,51,0.9527794122695923,1,1
10,52,0.9906094670295715,1,1
10,53,0.9618536233901978,1,1
10,54,0.9921272993087769,1,1
10,55,0.7492400407791138,1,0
10,56,0.024452246725559235,0,0
10,57,0.1461271494626999,0,0
10,58,0.557009220123291,0,0
10,59,0.6284309029579163,1,0
10,60,0.6630610823631287,1,0
10,61,0.39935630559921265,0,0
10,62,0.5118535757064819,0,0
10,63,0.6681889295578003,1,0
10,64,0.6800242066383362,1,0
10,65,0.6929506659507751,1,0
10,66,0.6352525949478149,1,0
10,67,0.4015541970729828,0,0
10,68,0.24807249009609222,0,0
10,69,0.47913989424705505,0,0
10,70,0.5540418028831482,0,0
10,71,0.3163284957408905,0,0
10,72,0.4883659780025482,0,0
10,73,0.784506618976593,1,0
10,74,0.5354667901992798,0,0
10,75,0.5320518016815186,0,0
10,76,0.5524812340736389,0,0
10,77,0.6493539214134216,1,0
10,78,0.41000303626060486,0,0
10,79,0.30651652812957764,0,0
10,80,0.4442165493965149,0,0
10,81,0.4737737774848938,0,0
10,82,0.44455453753471375,0,0
10,83,0.6750291585922241,1,0
10,84,0.5966681241989136,0,0
10,85,0.44523563981056213,0,0
10,86,0.7864149808883667,1,0
10,87,0.5479092597961426,0,0
10,88,0.6283816695213318,1,0
10,89,0.7419203519821167,1,0
10,90,0.5596349239349365,0,0
10,91,0.5072509050369263,0,0
10,92,0.8793759346008301,1,0
10,93,0.7415608763694763,1,0
10,94,0.6235479712486267,1,0
10,95,0.7492949962615967,1,0
10,96,0.7693489193916321,1,0
10,97,0.6052100658416748,1,0
10,98,0.5062046051025391,0,0
10,99,0.6429102420806885,1,0
10,100,0.7266075611114502,1,0
10,101,0.7684758901596069,1,0
10,102,0.5318818092346191,0,0
10,103,0.8208104968070984,1,0
10,104,0.7951633334159851,1,0
10,105,0.6037228107452393,1,0
10,106,0.7814521789550781,1,0
10,107,0.705822765827179,1,0
10,108,0.6424195170402527,1,0
10,109,0.5954192876815796,0,0
10,110,0.5870269536972046,0,0
10,111,0.6634676456451416,1,0
10,112,0.6010982990264893,1,0
10,113,0.36222806572914124,0,0
10,114,0.3461526930332184,0,0
10,115,0.5359420776367188,0,0
10,116,0.5567483305931091,0,0
10,117,0.8275657892227173,1,0
10,118,0.11341912299394608,0,0
10,119,0.2650538682937622,0,0
10,120,0.7598442435264587,1,0
10,121,0.7008312344551086,1,0
10,122,0.5638488531112671,0,0
10,123,0.4117482900619507,0,0
10,124,0.9083866477012634,1,0
10,125,0.8459591865539551,1,0
10,126,0.9918220639228821,1,0
10,127,0.9733422994613647,1,0
10,128,0.9149264693260193,1,0
10,129,0.7737044095993042,1,0
10,130,0.5321706533432007,0,0
10,131,0.6312110424041748,1,0
10,132,0.5926897525787354,0,0
10,133,0.9095783233642578,1,0
10,134,0.9151004552841187,1,0
10,135,0.9494072794914246,1,0
10,136,0.8574555516242981,1,0
10,137,0.5567067861557007,0,0
10,138,0.9090531468391418,1,0
10,139,0.8637908697128296,1,0
10,140,0.916479766368866,1,0
10,141,0.9195390939712524,1,0
10,142,0.9407692551612854,1,0
10,143,0.835313081741333,1,0
10,144,0.872673749923706,1,0
10,145,0.3168768286705017,0,0
10,146,0.16910122334957123,0,0
10,147,0.36903342604637146,0,0
10,148,0.16363148391246796,0,0
10,149,0.5950546264648438,0,0
10,150,0.8503410220146179,1,0
10,151,0.464227557182312,0,0
10,152,0.9569811820983887,1,0
10,153,0.9469255805015564,1,0
10,154,0.43396222591400146,0,0
10,155,0.5002015233039856,0,0
10,156,0.9557995796203613,1,0
10,157,0.45242226123809814,0,0
10,158,0.49025672674179077,0,0
10,159,0.5448079109191895,0,0
10,160,0.7988190054893494,1,0
10,161,0.6738263964653015,1,0
10,162,0.8629505634307861,1,0
10,163,0.8666696548461914,1,0
10,164,0.44087091088294983,0,0
10,165,0.9320037364959717,1,0
10,166,0.3110571801662445,0,0
10,167,0.34636324644088745,0,0
10,168,0.36801740527153015,0,0
10,169,0.4561028480529785,0,0
11,0,0.10201608389616013,0,0
11,1,0.14409999549388885,1,0
11,2,0.24302402138710022,1,0
11,3,0.7014462947845459,1,0
11,4,0.03111337684094906,0,0
11,5,0.12447459995746613,0,0
11,6,0.5220129489898682,1,0
11,7,0.03512142226099968,0,0
11,8,0.4200233221054077,1,0
11,9,0.9778152704238892,1,0
11,10,0.2106700986623764,1,0
11,11,0.3440382480621338,1,0
11,12,0.5996871590614319,1,0
11,13,0.3387386202812195,1,0
11,14,0.12286344170570374,0,0
11,15,0.159621462225914,1,0
11,16,0.018750200048089027,0,0
11,17,0.23688878118991852,1,0
11,18,0.23739422857761383,1,0
11,19,0.310166597366333,1,0
11,20,0.02295544743537903,0,0
11,21,0.6495132446289062,1,0
11,22,0.06815452873706818,0,0
11,23,0.03933316096663475,0,0
11,24,0.19694432616233826,1,0
11,25,0.11661829054355621,0,0
11,26,0.537216067314148,1,0
11,27,0.17997139692306519,1,0
11,28,0.05057849362492561,0,0
11,29,0.08129897713661194,0,0
11,30,0.4599255919456482,1,0
11,31,0.4070994257926941,1,0
11,32,0.5069299936294556,1,0
11,33,0.1006762757897377,0,0
11,34,0.3019534945487976,1,0
11,35,0.6302982568740845,1,0
11,36,0.5639289021492004,1,0
11,37,0.7464600801467896,1,0
11,38,0.07349548488855362,0,0
11,39,0.20699770748615265,1,0
11,40,0.32971033453941345,1,0
11,41,0.2152257114648819,1,0
11,42,0.37506839632987976,1,0
11,43,0.2311849445104599,1,0
11,44,0.836659848690033,1,0
11,45,0.34866005182266235,1,0
11,46,0.007060497999191284,0,0
11,47,0.41050639748573303,1,0
11,48,0.05328540876507759,0,0
11,49,0.7287405133247375,1,0
11,50,0.2807580828666687,1,0
11,51,0.232607901096344,1,0
11,52,0.17444804310798645,1,0
11,53,0.3433879613876343,1,0
11,54,0.5809028148651123,1,0
11,55,0.34969964623451233,1,0
11,56,0.36267176270484924,1,0
11,57,0.5131781101226807,1,0
11,58,0.8322421312332153,1,0
11,59,0.19980987906455994,1,0
11,60,0.11413656175136566,0,0
11,61,0.10198238492012024,0,0
11,62,0.2048518806695938,1,0
11,63,0.10282991826534271,0,0
11,64,0.03784637153148651,0,0
11,65,0.06567554920911789,0,0
11,66,0.13212566077709198,1,0
11,67,0.021823842078447342,0,0
11,68,0.07201539725065231,0,0
11,69,0.004936685785651207,0,0
11,70,0.09024663269519806,0,0
11,71,0.11547494679689407,0,0
11,72,0.004120180383324623,0,0
11,73,0.19165614247322083,1,0
11,74,0.019147826358675957,0,0
11,75,1.510720039732405e-06,0,0
11,76,0.00017635442782193422,0,0
11,77,0.01147190760821104,0,0
11,78,0.055093664675951004,0,0
11,79,0.43684279918670654,1,0
11,80,0.00023720315948594362,0,0
11,81,8.598933345638216e-05,0,0
11,82,0.14170563220977783,1,0
11,83,0.0004004606162197888,0,0
11,84,0.0001043241863953881,0,0
11,85,0.00237823324277997,0,0
11,86,0.0006186904502101243,0,0
11,87,0.00897369533777237,0,0
11,88,0.03909572213888168,0,0
11,89,0.05517100915312767,0,0
11,90,0.0005233983392827213,0,0
11,91,0.027991097420454025,0,0
11,92,0.05536815524101257,0,0
11,93,0.010684585198760033,0,0
11,94,0.0001670639030635357,0,0
11,95,0.0021366539876908064,0,0
11,96,0.006613499950617552,0,0
11,97,1.5591256669722497e-05,0,0
11,98,1.97225217561936e-05,0,0
11,99,5.0603386625880376e-05,0,0
11,100,0.013431470841169357,0,0
11,101,3.219727659597993e-05,0,0
11,102,1.2196537682029884e-06,0,0
11,103,4.360061211627908e-05,0,0
11,104,0.011559311300516129,0,0
11,105,2.1877309336559847e-05,0,0
11,106,0.000901521067135036,0,0
11,107,0.0006516212015412748,0,0
11,108,0.0005492594791576266,0,0
11,109,0.03887908160686493,0,0
11,110,0.0005804190877825022,0,0
11,111,0.00017058610683307052,0,0
11,112,0.00012517925642896444,0,0
11,113,4.0869788790587336e-05,0,0
11,114,0.3230988383293152,1,1
11,115,0.49607741832733154,1,1
11,116,0.3220476806163788,1,1
11,117,0.029606543481349945,0,1
11,118,0.259892076253891,1,1
11,119,0.33644935488700867,1,1
11,120,0.41772279143333435,1,1
11,121,0.06492204964160919,0,1
11,122,0.08480435609817505,0,1
11,123,0.2470521330833435,1,1
11,124,0.36328360438346863,1,1
11,125,0.23399317264556885,1,1
11,126,0.6137309074401855,1,1
11,127,0.00014614364772569388,0,1
11,128,8.446728116950908e-08,0,1
11,129,0.09141170233488083,0,1
11,130,0.1065472960472107,0,1
11,131,0.741432785987854,1,1
11,132,0.10823943465948105,0,1
11,133,0.03795839846134186,0,1
11,134,0.203953355550766,1,1
11,135,0.3482154905796051,1,1
11,136,0.35540831089019775,1,1
11,137,0.4173339009284973,1,1
11,138,0.2769644856452942,1,1
11,139,0.38842669129371643,1,1
11,140,0.12154687941074371,0,1
11,141,0.2746550440788269,1,1
11,142,0.28754112124443054,1,1
11,143,0.7294317483901978,1,1
11,144,0.38591697812080383,1,1
11,145,0.5174976587295532,1,1
11,146,0.5998851656913757,1,1
11,147,0.568804919719696,1,1
11,148,0.4993146061897278,1,1
11,149,0.43306681513786316,1,1
11,150,0.6780245304107666,1,1
11,151,0.4382293224334717,1,1
11,152,0.08441465348005295,0,1
11,153,0.42518526315689087,1,1
11,154,0.12396956980228424,0,1
11,155,0.22731299698352814,1,1
11,156,0.607537031173706,1,1
11,157,0.453914999961853,1,1
11,158,0.32640910148620605,1,1
11,159,0.6099698543548584,1,1
11,160,0.6237523555755615,1,1
11,161,0.5173908472061157,1,1
11,162,0.784406840801239,1,1
11,163,0.5718357563018799,1,1
11,164,0.6383206844329834,1,1
11,165,0.3678659498691559,1,1
11,166,0.645565390586853,1,1
11,167,0.8814868927001953,1,1
11,168,0.531305730342865,1,1
11,169,0.663153886795044,1,1
12,0,0.9952363967895508,1,0
12,1,0.86421138048172,1,0
12,2,0.1783178448677063,0,0
12,3,0.687106192111969,1,0
12,4,0.1276131421327591,0,0
12,5,0.37456026673316956,1,0
12,6,0.692683219909668,1,0
12,7,0.025238119065761566,0,0
12,8,0.3446938097476959,1,0
12,9,0.07349540293216705,0,0
12,10,0.3144080936908722,1,0
12,11,0.6889166235923767,1,0
12,12,0.04864882677793503,0,0
12,13,0.48995858430862427,1,0
12,14,0.6134874820709229,1,0
12,15,0.002534136176109314,0,0
12,16,0.4669855237007141,1,0
12,17,0.5747799277305603,1,0
12,18,0.43564102053642273,1,0
12,19,0.0022456205915659666,0,0
12,20,0.40868791937828064,1,0
12,21,0.0028439632151275873,0,0
12,22,0.5120453834533691,1,0
12,23,0.12201183289289474,0,0
12,24,0.2372550517320633,0,0
12,25,0.07265917956829071,0,0
12,26,0.28360944986343384,1,0
12,27,0.48286256194114685,1,0
12,28,0.5111225247383118,1,0
12,29,0.19825902581214905,0,0
12,30,0.8442218899726868,1,0
12,31,0.042297348380088806,0,0
12,32,0.019669311121106148,0,0
12,33,0.6141836643218994,1,0
12,34,0.11218240112066269,0,0
12,35,0.6275233030319214,1,0
12,36,0.11897606402635574,0,0
12,37,0.3653280735015869,1,0
12,38,0.15849275887012482,0,0
12,39,0.10448151081800461,0,0
12,40,0.2673048973083496,1,0
12,41,0.570027232170105,1,0
12,42,0.3979736566543579,1,0
12,43,0.4592159688472748,1,0
12,44,0.37631386518478394,1,0
12,45,0.00669520627707243,0,0
12,46,0.06663215905427933,0,0
12,47,0.0799952894449234,0,0
12,48,0.03081572614610195,0,0
12,49,0.039630357176065445,0,0
12,50,0.018178943544626236,0,0
12,51,0.005649599712342024,0,0
12,52,0.05482083931565285,0,0
12,53,0.09280630201101303,0,0
12,54,0.35757359862327576,1,0
12,55,0.7616252899169922,1,1
12,56,0.001936230226419866,0,1
12,57,0.06921429932117462,0,1
12,58,0.5922074913978577,1,1
12,59,0.9641512632369995,1,1
12,60,0.819133460521698,1,1
12,61,0.017375191673636436,0,1
12,62,0.15094663202762604,0,1
12,63,0.0014810165157541633,0,1
12,64,0.8239164352416992,1,1
12,65,0.9909703731536865,1,1
12,66,0.021550122648477554,0,1
12,67,0.9120436310768127,1,1
12,68,0.1605619192123413,0,1
12,69,0.552310585975647,1,1
12,70,0.38883277773857117,1,1
12,71,0.9485348463058472,1,1
12,72,0.890800416469574,1,1
12,73,0.9548391699790955,1,1
12,74,0.9770709276199341,1,1
12,75,0.3975425064563751,1,1
12,76,0.9192489385604858,1,1
12,77,0.9088796377182007,1,1
12,78,0.9845840334892273,1,1
12,79,0.7772860527038574,1,1
12,80,0.9856189489364624,1,1
12,81,0.0259359460324049,0,1
12,82,0.8829286694526672,1,1
12,83,0.22568385303020477,0,1
12,84,0.14997410774230957,0,1
12,85,0.7598007917404175,1,1
12,86,0.21239474415779114,0,1
12,87,0.0710119977593422,0,1
12,88,0.2279215157032013,0,1
12,89,0.6652681827545166,1,1
12,90,0.07437990605831146,0,1
12,91,0.6536239385604858,1,1
12,92,0.019402794539928436,0,1
12,93,0.6957288980484009,1,1
12,94,0.15640191733837128,0,1
12,95,0.8386474847793579,1,1
12,96,0.1042485460639,0,1
12,97,0.7673777341842651,1,1
12,98,0.25639450550079346,0,1
12,99,0.5156984925270081,1,1
12,100,0.2688314914703369,1,1
12,101,0.3377017378807068,1,1
12,102,0.29262208938598633,1,1
12,103,0.5580922365188599,1,1
12,104,0.23040995001792908,0,1
12,105,0.06423445045948029,0,1
12,106,0.024984197691082954,0,1
12,107,0.5209046602249146,1,1
12,108,0.05710362643003464,0,1
12,109,0.08969133347272873,0,1
12,110,0.29552724957466125,1,0
12,111,0.29371336102485657,1,0
12,112,0.7445516586303711,1,0
12,113,0.3745191693305969,1,0
12,114,0.575397253036499,1,0
12,115,0.16408377885818481,0,0
12,116,0.09928932785987854,0,0
12,117,0.5412439107894897,1,0
12,118,0.23918721079826355,0,0
12,119,0.514563262462616,1,0
12,120,0.0499751903116703,0,0
12,121,0.4847502112388611,1,0
12,122,0.05593589320778847,0,0
12,123,0.8186909556388855,1,0
12,124,0.5810060501098633,1,0
12,125,0.7376561164855957,1,0
12,126,0.21930569410324097,0,0
12,127,0.7951805591583252,1,0
12,128,0.4715672731399536,1,0
12,129,0.9047302603721619,1,0
12,130,0.470556378364563,1,0
12,131,0.55845046043396,1,0
12,132,0.8313308954238892,1,0
12,133,0.961716890335083,1,0
12,134,0.5385715961456299,1,0
12,135,0.30922919511795044,1,0
12,136,0.9372960925102234,1,0
12,137,0.7057533264160156,1,0
12,138,0.6098089218139648,1,0
12,139,0.1315803974866867,0,0
12,140,0.5842708349227905,1,0
12,141,0.6119974851608276,1,0
12,142,0.038972340524196625,0,0
12,143,0.055474840104579926,0,0
12,144,0.723020613193512,1,0
12,145,0.044612932950258255,0,0
12,146,0.14089934527873993,0,0
12,147,0.6198235750198364,1,0
12,148,0.7412356734275818,1,0
12,149,0.16677068173885345,0,0
12,150,0.009046576917171478,0,0
12,151,0.022046927362680435,0,0
12,152,0.689536452293396,1,0
12,153,0.2682796120643616,1,0
12,154,0.035242170095443726,0,0
12,155,0.11890105158090591,0,0
12,156,0.005408492870628834,0,0
12,157,0.056029967963695526,0,0
12,158,0.2132578045129776,0,0
12,159,0.7143661975860596,1,0
12,160,0.4903700649738312,1,0
12,161,0.6655952334403992,1,0
12,162,0.6623530387878418,1,0
12,163,0.6872752904891968,1,0
12,164,0.0799381360411644,0,0
12,165,0.2180197387933731,0,0
12,166,0.08409913629293442,0,0
12,167,0.8063824772834778,1,0
12,168,0.45092594623565674,1,0
12,169,0.5585237741470337,1,0
13,0,0.2634128928184509,1,0
13,1,0.19282713532447815,1,0
13,2,0.45322489738464355,1,0
13,3,0.47311726212501526,1,0
13,4,0.518161416053772,1,0
13,5,0.9036043882369995,1,0
13,6,0.31868353486061096,1,0
13,7,0.30875346064567566,1,0
13,8,0.36545461416244507,1,0
13,9,0.5641759634017944,1,0
13,10,0.45108115673065186,1,0
13,11,0.14255042374134064,1,0
13,12,0.09728780388832092,0,0
13,13,0.68739253282547,1,0
13,14,0.23395928740501404,1,0
13,15,0.34036582708358765,1,0
13,16,0.5953177213668823,1,0
13,17,0.18334679305553436,1,0
13,18,0.14857667684555054,1,0
13,19,0.29982444643974304,1,0
13,20,0.48057425022125244,1,0
13,21,0.5266194343566895,1,0
13,22,0.22693903744220734,1,0
13,23,0.4117506146430969,1,0
13,24,0.6131607890129089,1,0
13,25,0.31073975563049316,1,0
13,26,0.3292562961578369,1,0
13,27,0.730043888092041,1,0
13,28,0.6569320559501648,1,0
13,29,0.21149033308029175,1,0
13,30,0.5780102014541626,1,0
13,31,0.6787991523742676,1,0
13,32,0.17284902930259705,1,0
13,33,0.3615979850292206,1,0
13,34,0.2133350521326065,1,0
13,35,0.510798990726471,1,0
13,36,0.6429274082183838,1,0
13,37,0.41535288095474243,1,0
13,38,0.07735160738229752,0,0
13,39,0.6968798041343689,1,0
13,40,0.06399885565042496,0,0
13,41,0.13547401130199432,1,0
13,42,0.5203429460525513,1,0
13,43,0.3945370018482208,1,0
13,44,0.4857858419418335,1,0
13,45,0.7828463912010193,1,0
13,46,0.48554351925849915,1,0
13,47,0.5680825114250183,1,0
13,48,0.5998066663742065,1,0
13,49,0.8376538753509521,1,0
13,50,0.8978028893470764,1,0
13,51,0.6806865930557251,1,0
13,52,0.8528260588645935,1,0
13,53,0.767952561378479,1,0
13,54,0.7932517528533936,1,0
13,55,0.8120652437210083,1,0
13,56,0.6398720741271973,1,0
13,57,0.6420968770980835,1,0
13,58,0.7009321451187134,1,1
13,59,0.33292680978775024,1,1
13,60,0.21580146253108978,1,1
13,61,0.26045164465904236,1,1
13,62,0.20728479325771332,1,1
13,63,0.1200241893529892,1,1
13,64,0.28911522030830383,1,1
13,65,0.4151023030281067,1,1
13,66,0.2474839836359024,1,1
13,67,0.25252529978752136,1,1
13,68,0.3067898154258728,1,1
13,69,0.6013410091400146,1,1
13,70,0.22476494312286377,1,1
13,71,0.33608970046043396,1,1
13,72,0.09544200450181961,0,1
13,73,0.12695427238941193,1,1
13,74,0.362542986869812,1,1
13,75,0.5159295201301575,1,1
13,76,0.35949474573135376,1,1
13,77,0.19486622512340546,1,1
13,78,0.8012976050376892,1,1
13,79,0.6301941275596619,1,1
13,80,0.46010226011276245,1,1
13,81,0.22324544191360474,1,1
13,82,0.2158968597650528,1,1
13,83,0.2076249122619629,1,1
13,84,0.043727193027734756,0,1
13,85,0.19910487532615662,1,1
13,86,0.36203503608703613,1,1
13,87,0.10444692522287369,1,1
13,88,0.02259759046137333,0,1
13,89,0.09288621693849564,0,1
13,90,0.18616142868995667,1,1
13,91,0.1443071961402893,1,1
13,92,0.015098820440471172,0,1
13,93,0.18142743408679962,1,1
13,94,0.1169605627655983,1,1
13,95,0.24572989344596863,1,1
13,96,0.8263009786605835,1,1
13,97,0.49878737330436707,1,1
13,98,0.20016801357269287,1,1
13,99,0.45719385147094727,1,1
13,100,0.45675456523895264,1,1
13,101,0.6157255172729492,1,1
13,102,0.16106417775154114,1,1
13,103,0.5579530000686646,1,1
13,104,0.4034164845943451,1,1
13,105,0.17767861485481262,1,1
13,106,0.3996278941631317,1,1
13,107,0.43841588497161865,1,1
13,108,0.48836958408355713,1,1
13,109,0.37664341926574707,1,1
13,110,0.42069777846336365,1,1
13,111,0.4241957366466522,1,1
13,112,0.22764645516872406,1,1
13,113,0.6531774401664734,1,0
13,114,0.7124186754226685,1,0
13,115,0.9232686758041382,1,0
13,116,0.9604135751724243,1,0
13,117,0.9049720168113708,1,0
13,118,0.9645288586616516,1,0
13,119,0.9696519374847412,1,0
13,120,0.9727344512939453,1,0
13,121,0.964327335357666,1,0
13,122,0.9795275926589966,1,0
13,123,0.9678351283073425,1,0
13,124,0.9664058685302734,1,0
13,125,0.9827351570129395,1,0
13,126,0.9901492595672607,1,0
13,127,0.971564769744873,1,0
13,128,0.9894157648086548,1,0
13,129,0.9812175631523132,1,0
13,130,0.8966706395149231,1,0
13,131,0.8416150808334351,1,0
13,132,0.9289036393165588,1,0
13,133,0.9761229157447815,1,0
13,134,0.9259089827537537,1,0
13,135,0.9341888427734375,1,0
13,136,0.9620485305786133,1,0
13,137,0.9745961427688599,1,0
13,138,0.9886125922203064,1,0
13,139,0.9784274101257324,1,0
13,140,0.9878545999526978,1,0
13,141,0.9750210046768188,1,0
13,142,0.9668238162994385,1,0
13,143,0.9870336055755615,1,0
13,144,0.9640364050865173,1,0
13,145,0.8840450048446655,1,0
13,146,0.9666702151298523,1,0
13,147,0.9126454591751099,1,0
13,148,0.9845620393753052,1,0
13,149,0.9807996153831482,1,0
13,150,0.9750903844833374,1,0
13,151,0.9810464382171631,1,0
13,152,0.9778092503547668,1,0
13,153,0.9773460030555725,1,0
13,154,0.948081910610199,1,0
13,155,0.9814229011535645,1,0
13,156,0.9694427251815796,1,0
13,157,0.9794817566871643,1,0
13,158,0.94618159532547,1,0
13,159,0.08659730851650238,0,0
13,160,0.36597293615341187,1,0
13,161,0.93912273645401,1,0
13,162,0.9123178124427795,1,0
13,163,0.9222985506057739,1,0
13,164,0.9740704894065857,1,0
13,165,0.9402433633804321,1,0
13,166,0.9807242155075073,1,0
13,167,0.953041136264801,1,0
13,168,0.9670352339744568,1,0
13,169,0.9850287437438965,1,0
14,0,0.013013261370360851,0,1
14,1,0.22105704247951508,0,1
14,2,0.039113737642765045,0,1
14,3,0.13495413959026337,0,1
14,4,0.2788999080657959,0,1
14,5,0.1256289780139923,0,1
14,6,0.19206403195858002,0,1
14,7,0.3444448709487915,0,1
14,8,0.692369818687439,1,1
14,9,0.6521733999252319,1,1
14,10,0.2709108889102936,0,1
14,11,0.16592969000339508,0,1
14,12,0.17208720743656158,0,1
14,13,0.534187912940979,1,1
14,14,0.3392140567302704,0,1
14,15,0.49893417954444885,1,1
14,16,0.19591385126113892,0,1
14,17,0.6761580109596252,1,1
14,18,0.1783166080713272,0,1
14,19,0.13761228322982788,0,1
14,20,0.2642180621623993,0,1
14,21,0.13693729043006897,0,1
14,22,0.09366162866353989,0,1
14,23,0.14871923625469208,0,1
14,24,0.2485215812921524,0,1
14,25,0.106904037296772,0,1
14,26,0.1247774288058281,0,1
14,27,0.28684529662132263,0,1
14,28,0.20033517479896545,0,1
14,29,0.052295226603746414,0,1
14,30,0.23125796020030975,0,1
14,31,0.08470871299505234,0,1
14,32,0.14690230786800385,0,1
14,33,0.22342777252197266,0,1
14,34,0.3883649408817291,1,1
14,35,0.1505470722913742,0,1
14,36,0.15044814348220825,0,1
14,37,0.08405858278274536,0,1
14,38,0.15470275282859802,0,1
14,39,0.2192656546831131,0,1
14,40,0.34957435727119446,0,1
14,41,0.3285205364227295,0,1
14,42,0.2873211205005646,0,1
14,43,0.4086103141307831,1,1
14,44,0.4525338113307953,1,1
14,45,0.3445912003517151,0,1
14,46,0.4703717827796936,1,1
14,47,0.31272783875465393,0,1
14,48,0.06275571137666702,0,1
14,49,0.14440831542015076,0,1
14,50,0.4799177348613739,1,1
14,51,0.21859395503997803,0,1
14,52,0.35598546266555786,0,1
14,53,0.2922304570674896,0,1
14,54,0.27204397320747375,0,1
14,55,0.3458390533924103,0,1
14,56,0.2590322196483612,0,1
14,57,0.22742563486099243,0,1
14,58,0.09150826185941696,0,0
14,59,0.04349423572421074,0,0
14,60,0.03379185125231743,0,0
14,61,0.03991686925292015,0,0
14,62,0.020832620561122894,0,0
14,63,0.012421058490872383,0,0
14,64,0.024474261328577995,0,0
14,65,0.09643344581127167,0,0
14,66,0.03170135244727135,0,0
14,67,0.13717515766620636,0,0
14,68,0.09777851402759552,0,0
14,69,0.1380365639925003,0,0
14,70,0.05534952133893967,0,0
14,71,0.06087181344628334,0,0
14,72,0.10580336302518845,0,0
14,73,0.10058776289224625,0,0
14,74,0.05161181837320328,0,0
14,75,0.08321966975927353,0,0
14,76,0.07218685001134872,0,0
14,77,0.2022051066160202,0,0
14,78,0.10936260968446732,0,0
14,79,0.06507918983697891,0,0
14,80,0.10340651869773865,0,0
14,81,0.1446339637041092,0,0
14,82,0.09414511919021606,0,0
14,83,0.05383089929819107,0,0
14,84,0.10535844415426254,0,0
14,85,0.0739968791604042,0,0
14,86,0.024568410590291023,0,0
14,87,0.033024609088897705,0,0
14,88,0.05038310959935188,0,0
14,89,0.11444853991270065,0,0
14,90,0.04899260029196739,0,0
14,91,0.05320150777697563,0,0
14,92,0.05126683786511421,0,0
14,93,0.10360494256019592,0,0
14,94,0.13044393062591553,0,0
14,95,0.16080445051193237,0,0
14,96,0.03207697346806526,0,0
14,97,0.019386684522032738,0,0
14,98,0.05086110904812813,0,0
14,99,0.03544855862855911,0,0
14,100,0.055141907185316086,0,0
14,101,0.02644188702106476,0,0
14,102,0.05928635969758034,0,0
14,103,0.029581338167190552,0,0
14,104,0.008607454597949982,0,0
14,105,0.009484118781983852,0,0
14,106,0.03825617581605911,0,0
14,107,0.03538336604833603,0,0
14,108,0.0228100772947073,0,0
14,109,0.12059930711984634,0,0
14,110,0.12583108246326447,0,0
14,111,0.03936963155865669,0,0
14,112,0.050381556153297424,0,0
14,113,0.15746402740478516,0,0
14,114,0.16004832088947296,0,0
14,115,0.23699626326560974,0,0
14,116,0.22278858721256256,0,0
14,117,0.43631574511528015,1,0
14,118,0.2320430725812912,0,0
14,119,0.3119701147079468,0,0
14,120,0.22678768634796143,0,0
14,121,0.28934985399246216,0,0
14,122,0.35269293189048767,0,0
14,123,0.47843584418296814,1,0
14,124,0.03693373128771782,0,0
14,125,0.08541017770767212,0,0
14,126,0.17675817012786865,0,0
14,127,0.2307611107826233,0,0
14,128,0.5715571641921997,1,0
14,129,0.29694393277168274,0,0
14,130,0.38294661045074463,1,0
14,131,0.22436738014221191,0,0
14,132,0.442953884601593,1,0
14,133,0.38811594247817993,1,0
14,134,0.34338149428367615,0,0
14,135,0.4448264241218567,1,0
14,136,0.3887560963630676,1,0
14,137,0.26375579833984375,0,0
14,138,0.21638604998588562,0,0
14,139,0.3393411934375763,0,0
14,140,0.16771791875362396,0,0
14,141,0.3948494791984558,1,0
14,142,0.17588627338409424,0,0
14,143,0.47309979796409607,1,0
14,144,0.6586657762527466,1,0
14,145,0.19455324113368988,0,0
14,146,0.3372291326522827,0,0
14,147,0.435756117105484,1,0
14,148,0.3173069655895233,0,0
14,149,0.47400030493736267,1,0
14,150,0.4674844443798065,1,0
14,151,0.1319102793931961,0,0
14,152,0.12340497970581055,0,0
14,153,0.3118974566459656,0,0
14,154,0.11605964601039886,0,0
14,155,0.3175414502620697,0,0
14,156,0.3049657642841339,0,0
14,157,0.3692435026168823,1,0
14,158,0.35317519307136536,0,0
14,159,0.21872715651988983,0,0
14,160,0.24157465994358063,0,0
14,161,0.41805410385131836,1,0
14,162,0.27949970960617065,0,0
14,163,0.505841851234436,1,0
14,164,0.22149594128131866,0,0
14,165,0.3083341717720032,0,0
14,166,0.13896557688713074,0,0
14,167,0.1006040945649147,0,0
14,168,0.10687273740768433,0,0
14,169,0.04685768857598305,0,0
15,0,0.0008379905484616756,0,0
15,1,0.00016561977099627256,0,0
15,2,0.00044523811084218323,0,0
15,3,6.255263724597171e-05,0,0
15,4,0.0002069807960651815,0,0
15,5,0.0015235533937811852,0,0
15,6,0.0005353259621188045,0,0
15,7,0.00024669530102983117,0,0
15,8,0.0003819249104708433,0,0
15,9,0.00016907187819015235,0,0
15,10,0.0007465997477993369,0,0
15,11,8.198880823329091e-05,0,0
15,12,0.0004495246976148337,0,0
15,13,0.0004900245112366974,0,0
15,14,0.0004971980815753341,0,0
15,15,4.03717094741296e-05,0,0
15,16,0.003204584587365389,0,0
15,17,0.000153117609443143,0,0
15,18,0.0005073376232758164,0,0
15,19,0.0007711389334872365,0,0
15,20,5.829010115121491e-05,0,0
15,21,0.00496487645432353,0,0
15,22,0.0018810279434546828,0,0
15,23,0.0008905741851776838,0,0
15,24,0.0002782765368465334,0,0
15,25,0.00011962982534896582,0,0
15,26,0.041989244520664215,0,0
15,27,0.020766932517290115,0,0
15,28,0.002960287733003497,0,0
15,29,0.004181443247944117,0,0
15,30,0.014320261776447296,0,0
15,31,8.76032718224451e-05,0,0
15,32,0.00015596764569636434,0,0
15,33,0.0026388843543827534,0,0
15,34,0.0008358461200259626,0,0
15,35,0.0002648600784596056,0,0
15,36,0.0016193820629268885,0,0
15,37,0.00017767329700291157,0,0
15,38,0.00017519445100333542,0,0
15,39,0.0013829863164573908,0,0
15,40,0.00027695074095390737,0,0
15,41,0.0010290893260389566,0,0
15,42,0.0005054443026892841,0,0
15,43,0.0003069399099331349,0,0
15,44,0.00228936318308115,0,0
15,45,0.0005914033390581608,0,0
15,46,0.004627017769962549,0,0
15,47,0.003687942400574684,0,0
15,48,0.007062945514917374,0,0
15,49,0.0010026022791862488,0,0
15,50,0.08976280689239502,0,0
15,51,0.0013107969425618649,0,0
15,52,0.0013595024356618524,0,0
15,53,0.007537675090134144,0,0
15,54,0.00641235476359725,0,0
15,55,0.002775635104626417,0,0
15,56,0.0026915057096630335,0,0
15,57,0.0030458043329417706,0,0
15,58,0.0005550279747694731,0,0
15,59,0.00279311859048903,0,0
15,60,0.015978625044226646,0,0
15,61,0.002891270210966468,0,0
15,62,0.0017573200166225433,0,0
15,63,0.0029917992651462555,0,0
15,64,0.001570486230775714,0,0
15,65,0.002743634395301342,0,0
15,66,0.0022891901899129152,0,0
15,67,0.0003998418978881091,0,0
15,68,0.0011295046424493194,0,0
15,69,0.002217393834143877,0,0
15,70,0.006817038636654615,0,0
15,71,0.0005081843701191247,0,0
15,72,0.36247825622558594,1,0
15,73,0.0019882831256836653,0,0
15,74,0.01640385575592518,0,0
15,75,0.0054458132945001125,0,0
15,76,0.0005950737395323813,0,0
15,77,0.008369487710297108,0,0
15,78,0.011058442294597626,0,0
15,79,0.0020868973806500435,0,0
15,80,0.0580984428524971,0,0
15,81,0.029684681445360184,0,0
15,82,0.10536955296993256,1,0
15,83,0.03877739608287811,0,0
15,84,0.0454120971262455,0,0
15,85,0.015825780108571053,0,0
15,86,0.032629601657390594,0,0
15,87,0.00039966488839127123,0,0
15,88,0.056126486510038376,0,0
15,89,0.06661038100719452,0,0
15,90,0.034351423382759094,0,0
15,91,0.00312824291177094,0,0
15,92,0.03555716201663017,0,0
15,93,0.03463045880198479,0,0
15,94,0.04653238132596016,0,0
15,95,0.02442140132188797,0,0
15,96,0.07950978726148605,0,0
15,97,0.018272023648023605,0,0
15,98,0.002420893171802163,0,0
15,99,0.007984987460076809,0,0
15,100,0.0029042637906968594,0,0
15,101,0.009295739233493805,0,0
15,102,0.011282754130661488,0,0
15,103,0.021620582789182663,0,0
15,104,0.022822363302111626,0,0
15,105,0.028294604271650314,0,0
15,106,0.004802914801985025,0,0
15,107,0.011770276352763176,0,0
15,108,0.019428126513957977,0,0
15,109,0.018284540623426437,0,0
15,110,0.0027440444100648165,0,0
15,111,0.001180354505777359,0,0
15,112,0.00800966378301382,0,0
15,113,0.0013806517235934734,0,1
15,114,0.0006779307150281966,0,1
15,115,0.00089957972522825,0,1
15,116,0.0014018467627465725,0,1
15,117,0.0008495518704876304,0,1
15,118,0.0006204391829669476,0,1
15,119,0.004701952449977398,0,1
15,120,0.0004915361059829593,0,1
15,121,0.0012012915685772896,0,1
15,122,0.00037578842602670193,0,1
15,123,0.00014597582048736513,0,1
15,124,0.007197119761258364,0,1
15,125,0.0007780849118717015,0,1
15,126,0.003870774991810322,0,1
15,127,0.005109898280352354,0,1
15,128,0.002038721926510334,0,1
15,129,0.015257267281413078,0,1
15,130,0.0011027120053768158,0,1
15,131,0.0014665876515209675,0,1
15,132,0.0025792454835027456,0,1
15,133,0.001156045589596033,0,1
15,134,0.00047412700951099396,0,1
15,135,0.0030490292701870203,0,1
15,136,0.004149781074374914,0,1
15,137,0.0017629971262067556,0,1
15,138,0.003058274742215872,0,1
15,139,0.0017372790025547147,0,1
15,140,0.0007868736865930259,0,1
15,141,0.000820266839582473,0,1
15,142,0.0008823506650514901,0,1
15,143,0.001143122324720025,0,1
15,144,0.0014802742516621947,0,1
15,145,0.00020454767218325287,0,1
15,146,0.0003589179541449994,0,1
15,147,0.0020858917851001024,0,1
15,148,0.0010405374923720956,0,1
15,149,0.0007319040596485138,0,1
15,150,0.0017486759461462498,0,1
15,151,0.0019879359751939774,0,1
15,152,0.0069488538429141045,0,1
15,153,0.0026970817707479,0,1
15,154,0.002949321875348687,0,1
15,155,0.0012019966961815953,0,1
15,156,0.00033897667890414596,0,1
15,157,0.0005888051819056273,0,1
15,158,0.003800890641286969,0,1
15,159,0.018573762848973274,0,1
15,160,0.0068848528899252415,0,1
15,161,0.001424684771336615,0,1
15,162,0.0007971689337864518,0,1
15,163,0.005961546674370766,0,1
15,164,0.00415780721232295,0,1
15,165,0.0006073261611163616,0,1
15,166,0.004202636890113354,0,1
15,167,0.0009107678197324276,0,1
15,168,0.000276034144917503,0,1
15,169,0.0007364833145402372,0,1
16,0,0.8460143804550171,1,0
16,1,0.9674047827720642,1,0
16,2,0.9430495500564575,1,0
16,3,0.9144966006278992,1,0
16,4,0.976955235004425,1,0
16,5,0.6881445646286011,1,0
16,6,0.7949998378753662,1,0
16,7,0.8724689483642578,1,0
16,8,0.992976188659668,1,0
16,9,0.9693917632102966,1,0
16,10,0.9123820066452026,1,0
16,11,0.957706093788147,1,0
16,12,0.9685242772102356,1,0
16,13,0.9260950088500977,1,0
16,14,0.9928149580955505,1,0
16,15,0.993643045425415,1,0
16,16,0.9971867799758911,1,0
16,17,0.8710463047027588,1,0
16,18,0.9629719853401184,1,0
16,19,0.9984123110771179,1,0
16,20,0.9993535280227661,1,0
16,21,0.9628427028656006,1,0
16,22,0.9919880628585815,1,0
16,23,0.9952863454818726,1,0
16,24,0.9960749745368958,1,0
16,25,0.9980993270874023,1,0
16,26,0.9948663711547852,1,0
16,27,0.9972285628318787,1,0
16,28,0.9935624599456787,1,0
16,29,0.9737520813941956,1,0
16,30,0.990955114364624,1,0
16,31,0.9903908967971802,1,0
16,32,0.9053388833999634,1,0
16,33,0.9342362284660339,1,0
16,34,0.9456225633621216,1,0
16,35,0.9097866415977478,1,0
16,36,0.9892388582229614,1,0
16,37,0.7456119656562805,1,0
16,38,0.9704694151878357,1,0
16,39,0.9976266622543335,1,0
16,40,0.9730108380317688,1,0
16,41,0.9725083112716675,1,0
16,42,0.990615725517273,1,0
16,43,0.996161699295044,1,0
16,44,0.9764615893363953,1,0
16,45,0.89256751537323,1,0
16,46,0.8159884214401245,1,0
16,47,0.8495519757270813,1,0
16,48,0.9716210961341858,1,0
16,49,0.7265681028366089,1,0
16,50,0.8519421815872192,1,0
16,51,0.9660271406173706,1,0
16,52,0.9693827629089355,1,0
16,53,0.7965696454048157,1,0
16,54,0.9191286563873291,1,0
16,55,0.9896425604820251,1,0
16,56,0.9892898201942444,1,0
16,57,0.6040288209915161,1,0
16,58,0.29719099402427673,0,0
16,59,0.022909805178642273,0,0
16,60,0.04074195772409439,0,0
16,61,0.04751124978065491,0,0
16,62,0.044417012482881546,0,0
16,63,0.08026887476444244,0,0
16,64,0.07660917937755585,0,0
16,65,0.1608174443244934,0,0
16,66,0.02537187747657299,0,0
16,67,0.1210022121667862,0,0
16,68,0.7387681007385254,1,0
16,69,0.2952922582626343,0,0
16,70,0.3147786557674408,0,0
16,71,0.35981112718582153,0,0
16,72,0.12287817895412445,0,0
16,73,0.4061661660671234,0,0
16,74,0.5281858444213867,0,0
16,75,0.7566081881523132,1,0
16,76,0.8105953335762024,1,0
16,77,0.22379326820373535,0,0
16,78,0.4719439446926117,0,0
16,79,0.6673610210418701,1,0
16,80,0.46301349997520447,0,0
16,81,0.484033465385437,0,0
16,82,0.628337025642395,1,0
16,83,0.5421791076660156,0,0
16,84,0.587882936000824,1,0
16,85,0.5608831644058228,0,0
16,86,0.26072853803634644,0,0
16,87,0.4123970866203308,0,0
16,88,0.23056626319885254,0,0
16,89,0.433231383562088,0,0
16,90,0.653001070022583,1,0
16,91,0.44955238699913025,0,0
16,92,0.28139615058898926,0,0
16,93,0.6396936774253845,1,0
16,94,0.5264919996261597,0,0
16,95,0.40490224957466125,0,0
16,96,0.5005265474319458,0,0
16,97,0.16592393815517426,0,0
16,98,0.4551326632499695,0,0
16,99,0.3974370062351227,0,0
16,100,0.6529734134674072,1,0
16,101,0.5188257098197937,0,0
16,102,0.6814926862716675,1,0
16,103,0.29607126116752625,0,0
16,104,0.16170351207256317,0,0
16,105,0.1317739635705948,0,0
16,106,0.5068299770355225,0,0
16,107,0.8308185338973999,1,0
16,108,0.6866703033447266,1,0
16,109,0.14459294080734253,0,0
16,110,0.34713584184646606,0,0
16,111,0.4041459858417511,0,0
16,112,0.43552538752555847,0,0
16,113,0.09461461007595062,0,1
16,114,0.09632709622383118,0,1
16,115,0.6314326524734497,1,1
16,116,0.47369304299354553,0,1
16,117,0.781231164932251,1,1
16,118,0.042528823018074036,0,1
16,119,0.5935713052749634,1,1
16,120,0.15655753016471863,0,1
16,121,0.44349348545074463,0,1
16,122,0.22151391208171844,0,1
16,123,0.7144964933395386,1,1
16,124,0.47465187311172485,0,1
16,125,0.32313376665115356,0,1
16,126,0.8304764628410339,1,1
16,127,0.6809409856796265,1,1
16,128,0.25113624334335327,0,1
16,129,0.46814823150634766,0,1
16,130,0.45738402009010315,0,1
16,131,0.6441086530685425,1,1
16,132,0.24378325045108795,0,1
16,133,0.5154469013214111,0,1
16,134,0.2656008303165436,0,1
16,135,0.7807441353797913,1,1
16,136,0.8721227049827576,1,1
16,137,0.8597914576530457,1,1
16,138,0.7935688495635986,1,1
16,139,0.9107969999313354,1,1
16,140,0.967157244682312,1,1
16,141,0.9470414519309998,1,1
16,142,0.8909384608268738,1,1
16,143,0.9381245374679565,1,1
16,144,0.953819990158081,1,1
16,145,0.9432329535484314,1,1
16,146,0.9311879873275757,1,1
16,147,0.900654673576355,1,1
16,148,0.8955689668655396,1,1
16,149,0.9573044776916504,1,1
16,150,0.9238542318344116,1,1
16,151,0.9143832325935364,1,1
16,152,0.9764915108680725,1,1
16,153,0.9274511933326721,1,1
16,154,0.9701733589172363,1,1
16,155,0.9687747359275818,1,1
16,156,0.9456968903541565,1,1
16,157,0.9323500990867615,1,1
16,158,0.8397812843322754,1,1
16,159,0.8306576013565063,1,1
16,160,0.8383480310440063,1,1
16,161,0.7639138102531433,1,1
16,162,0.8566656112670898,1,1
16,163,0.7754719257354736,1,1
16,164,0.675592303276062,1,1
16,165,0.77012038230896,1,1
16,166,0.834883451461792,1,1
16,167,0.5966975688934326,1,1
16,168,0.6181877851486206,1,1
16,169,0.8611693978309631,1,1
17,0,0.0910242423415184,0,1
17,1,0.4088858366012573,0,1
17,2,0.5571557283401489,0,1
17,3,0.2140127420425415,0,1
17,4,0.3438403606414795,0,1
17,5,0.19463786482810974,0,1
17,6,0.24138261377811432,0,1
17,7,0.313358873128891,0,1
17,8,0.24231842160224915,0,1
17,9,0.6041027307510376,0,1
17,10,0.9576363563537598,1,1
17,11,0.6951801180839539,0,1
17,12,0.6901693344116211,0,1
17,13,0.7132589817047119,0,1
17,14,0.36704307794570923,0,1
17,15,0.15807989239692688,0,1
17,16,0.5742512941360474,0,1
17,17,0.7162182331085205,0,1
17,18,0.760958194732666,0,1
17,19,0.8636582493782043,1,1
17,20,0.8964149951934814,1,1
17,21,0.9239976406097412,1,1
17,22,0.45348504185676575,0,1
17,23,0.7660748958587646,0,1
17,24,0.6798079013824463,0,1
17,25,0.7551198601722717,0,1
17,26,0.36723238229751587,0,1
17,27,0.5810430645942688,0,1
17,28,0.8410719633102417,0,1
17,29,0.8177506923675537,0,1
17,30,0.876160204410553,1,1
17,31,0.45757201313972473,0,1
17,32,0.626646876335144,0,1
17,33,0.671230137348175,0,1
17,34,0.3656856119632721,0,1
17,35,0.41778257489204407,0,1
17,36,0.3198622763156891,0,1
17,37,0.5933009386062622,0,1
17,38,0.7157111167907715,0,1
17,39,0.3561497926712036,0,1
17,40,0.5754565000534058,0,1
17,41,0.9137659072875977,1,1
17,42,0.6704838275909424,0,1
17,43,0.7577084898948669,0,1
17,44,0.8045403957366943,0,1
17,45,0.614575982093811,0,1
17,46,0.9147961139678955,1,1
17,47,0.9561411738395691,1,1
17,48,0.9537895321846008,1,1
17,49,0.744622528553009,0,1
17,50,0.7985590696334839,0,1
17,51,0.41321849822998047,0,1
17,52,0.6248100996017456,0,1
17,53,0.5863494277000427,0,1
17,54,0.5554724931716919,0,1
17,55,0.3093108534812927,0,1
17,56,0.4811459183692932,0,1
17,57,0.46827432513237,0,0
17,58,0.9170239567756653,1,0
17,59,0.9698277115821838,1,0
17,60,0.6227309703826904,0,0
17,61,0.8834715485572815,1,0
17,62,0.864510178565979,1,0
17,63,0.7544935941696167,0,0
17,64,0.8057254552841187,0,0
17,65,0.8369928598403931,0,0
17,66,0.22359371185302734,0,0
17,67,0.8905682563781738,1,0
17,68,0.993234395980835,1,0
17,69,0.9670596718788147,1,0
17,70,0.9556407928466797,1,0
17,71,0.8354983925819397,0,0
17,72,0.9655033946037292,1,0
17,73,0.9595537185668945,1,0
17,74,0.9428455829620361,1,0
17,75,0.9446784853935242,1,0
17,76,0.9592062830924988,1,0
17,77,0.9494784474372864,1,0
17,78,0.9327749013900757,1,0
17,79,0.953898549079895,1,0
17,80,0.8724626898765564,1,0
17,81,0.8561545014381409,1,0
17,82,0.9496141672134399,1,0
17,83,0.9200102686882019,1,0
17,84,0.9550926089286804,1,0
17,85,0.8614709377288818,1,0
17,86,0.9061708450317383,1,0
17,87,0.9601930975914001,1,0
17,88,0.9622634649276733,1,0
17,89,0.9378448724746704,1,0
17,90,0.9433881044387817,1,0
17,91,0.9321951866149902,1,0
17,92,0.9239325523376465,1,0
17,93,0.9655470252037048,1,0
17,94,0.9327692985534668,1,0
17,95,0.8388461470603943,0,0
17,96,0.8006088733673096,0,0
17,97,0.8536067008972168,1,0
17,98,0.9678300023078918,1,0
17,99,0.968564510345459,1,0
17,100,0.9845141768455505,1,0
17,101,0.9825552701950073,1,0
17,102,0.9463548064231873,1,0
17,103,0.9557746052742004,1,0
17,104,0.9815531373023987,1,0
17,105,0.9678704738616943,1,0
17,106,0.9744696021080017,1,0
17,107,0.9399804472923279,1,0
17,108,0.9254704117774963,1,0
17,109,0.950397789478302,1,0
17,110,0.9230464696884155,1,0
17,111,0.9906088709831238,1,0
17,112,0.9798047542572021,1,0
17,113,0.9577305316925049,1,0
17,114,0.9152852892875671,1,0
17,115,0.9723711013793945,1,0
17,116,0.9748441576957703,1,0
17,117,0.3876560628414154,0,0
17,118,0.4773610532283783,0,0
17,119,0.35878121852874756,0,0
17,120,0.21723228693008423,0,0
17,121,0.6081728935241699,0,0
17,122,0.8560195565223694,1,0
17,123,0.7136399745941162,0,0
17,124,0.7162367105484009,0,0
17,125,0.8194570541381836,0,0
17,126,0.7592359781265259,0,0
17,127,0.8378302454948425,0,0
17,128,0.8745065927505493,1,0
17,129,0.8976506590843201,1,0
17,130,0.7129743099212646,0,0
17,131,0.5715310573577881,0,0
17,132,0.7224688529968262,0,0
17,133,0.7516493797302246,0,0
17,134,0.6352138519287109,0,0
17,135,0.650424599647522,0,0
17,136,0.6822922825813293,0,0
17,137,0.8239436149597168,0,0
17,138,0.7191324234008789,0,0
17,139,0.7281022071838379,0,0
17,140,0.7126975059509277,0,0
17,141,0.6938461065292358,0,0
17,142,0.547081470489502,0,0
17,143,0.7736498117446899,0,0
17,144,0.6061708927154541,0,0
17,145,0.8463233709335327,0,0
17,146,0.7695919275283813,0,0
17,147,0.8665096759796143,1,0
17,148,0.49132707715034485,0,0
17,149,0.6675716042518616,0,0
17,150,0.6955424547195435,0,0
17,151,0.4103953242301941,0,0
17,152,0.759640097618103,0,0
17,153,0.7419050335884094,0,0
17,154,0.7988940477371216,0,0
17,155,0.771277129650116,0,0
17,156,0.6777456998825073,0,0
17,157,0.7868630886077881,0,0
17,158,0.47009575366973877,0,0
17,159,0.732804536819458,0,0
17,160,0.47185054421424866,0,0
17,161,0.5284807682037354,0,0
17,162,0.6433254480361938,0,0
17,163,0.4207799732685089,0,0
17,164,0.5259604454040527,0,0
17,165,0.6374062895774841,0,0
17,166,0.39590880274772644,0,0
17,167,0.3787442743778229,0,0
17,168,0.433504194021225,0,0
17,169,0.6662777662277222,0,0
18,0,0.742486834526062,1,0
18,1,0.5299740433692932,1,0
18,2,0.041557226330041885,0,0
18,3,0.048855893313884735,0,0
18,4,0.0010316632688045502,0,0
18,5,0.018003705888986588,0,0
18,6,0.03824413940310478,0,0
18,7,0.002330765128135681,0,0
18,8,0.28246158361434937,0,0
18,9,0.00236688950099051,0,0
18,10,0.004478603135794401,0,0
18,11,0.0029884970281273127,0,0
18,12,0.0005635514971800148,0,0
18,13,0.07847485691308975,0,0
18,14,0.2862177789211273,0,0
18,15,0.0018014953238889575,0,0
18,16,0.01315915584564209,0,0
18,17,0.14842313528060913,0,0
18,18,0.0021526128984987736,0,0
18,19,0.03711561858654022,0,0
18,20,0.027701904997229576,0,0
18,21,0.23858384788036346,0,0
18,22,0.053641777485609055,0,0
18,23,0.013710811734199524,0,0
18,24,0.02079247310757637,0,0
18,25,0.01462111622095108,0,0
18,26,0.010286846198141575,0,0
18,27,0.0022126880940049887,0,0
18,28,0.0010744387982413173,0,0
18,29,0.09570413827896118,0,0
18,30,0.047519925981760025,0,0
18,31,0.20839525759220123,0,0
18,32,0.10879208892583847,0,0
18,33,0.031624216586351395,0,0
18,34,0.012115717865526676,0,0
18,35,0.026320084929466248,0,0
18,36,0.009692219085991383,0,0
18,37,0.00027201088960282505,0,0
18,38,0.0008952717180363834,0,0
18,39,0.022595904767513275,0,0
18,40,0.015342201106250286,0,0
18,41,0.0166823398321867,0,0
18,42,0.011539394035935402,0,0
18,43,0.2849544584751129,0,0
18,44,0.1043301373720169,0,0
18,45,0.2313566654920578,0,0
18,46,0.01947302557528019,0,0
18,47,0.058175310492515564,0,0
18,48,0.0920727550983429,0,0
18,49,0.026735231280326843,0,0
18,50,0.020778805017471313,0,0
18,51,0.06077089160680771,0,0
18,52,0.2291838675737381,0,0
18,53,0.2824939489364624,0,0
18,54,0.08294685930013657,0,0
18,55,4.560972229228355e-05,0,0
18,56,0.6785101890563965,1,0
18,57,0.000541601562872529,0,0
18,58,0.0006825152668170631,0,0
18,59,0.2781493365764618,0,0
18,60,0.00035018593189306557,0,0
18,61,4.156101931584999e-05,0,0
18,62,0.0010334354592487216,0,0
18,63,0.7591826915740967,1,0
18,64,0.0002210004604421556,0,0
18,65,0.0011199472937732935,0,0
18,66,0.0001202934145112522,0,0
18,67,6.794774526497349e-05,0,0
18,68,0.0003894642577506602,0,0
18,69,0.8898054957389832,1,0
18,70,0.00013935077004134655,0,0
18,71,0.04176003485918045,0,0
18,72,0.00281917373649776,0,0
18,73,0.29777178168296814,0,0
18,74,0.004746240563690662,0,0
18,75,0.02310001291334629,0,0
18,76,0.0016454658471047878,0,0
18,77,0.022657616063952446,0,0
18,78,0.08273963630199432,0,0
18,79,0.04911322146654129,0,0
18,80,0.10844742506742477,0,0
18,81,0.013061590492725372,0,0
18,82,0.0608534999191761,0,0
18,83,0.9563767910003662,1,0
18,84,0.12714783847332,0,0
18,85,0.043439846485853195,0,0
18,86,0.029005425050854683,0,0
18,87,0.04033326730132103,0,0
18,88,0.10105805844068527,0,0
18,89,0.13706284761428833,0,0
18,90,0.17455284297466278,0,0
18,91,0.02689734473824501,0,0
18,92,0.03757983073592186,0,0
18,93,0.001573233399540186,0,0
18,94,0.0030060831923037767,0,0
18,95,0.583929181098938,1,0
18,96,0.2667088210582733,0,0
18,97,0.021691370755434036,0,0
18,98,0.11080693453550339,0,0
18,99,0.38114258646965027,0,0
18,100,0.06524084508419037,0,0
18,101,0.006485565099865198,0,0
18,102,0.05243357643485069,0,0
18,103,0.913524329662323,1,0
18,104,0.05150369927287102,0,0
18,105,0.176126167178154,0,0
18,106,0.004755127709358931,0,0
18,107,0.9814072847366333,1,0
18,108,0.036463748663663864,0,0
18,109,0.016487207263708115,0,0
18,110,0.05297701805830002,0,1
18,111,0.34161147475242615,0,1
18,112,0.3040356934070587,0,1
18,113,0.2179965078830719,0,1
18,114,0.19263529777526855,0,1
18,115,0.3156563341617584,0,1
18,116,0.6809028387069702,1,1
18,117,0.6933610439300537,1,1
18,118,0.18433286249637604,0,1
18,119,0.035708535462617874,0,1
18,120,0.6986761093139648,1,1
18,121,0.9186287522315979,1,1
18,122,0.47728708386421204,1,1
18,123,0.8539803624153137,1,1
18,124,0.5212008953094482,1,1
18,125,0.8384460210800171,1,1
18,126,0.9616942405700684,1,1
18,127,0.829249382019043,1,1
18,128,0.8363586664199829,1,1
18,129,0.9706600308418274,1,1
18,130,0.07021188735961914,0,1
18,131,0.07824275642633438,0,1
18,132,0.013865681365132332,0,1
18,133,4.58472095488105e-05,0,1
18,134,0.000336815690388903,0,1
18,135,0.0002992814697790891,0,1
18,136,5.398847861215472e-05,0,1
18,137,4.4593685743166134e-05,0,1
18,138,0.02613576501607895,0,1
18,139,0.10567625612020493,0,1
18,140,0.059538863599300385,0,1
18,141,0.9014729261398315,1,1
18,142,0.7986371517181396,1,1
18,143,0.9890322685241699,1,1
18,144,0.13034212589263916,0,1
18,145,0.01816151663661003,0,1
18,146,0.03956545516848564,0,1
18,147,0.24114878475666046,0,1
18,148,0.09343978762626648,0,1
18,149,0.8828854560852051,1,1
18,150,0.8951702117919922,1,1
18,151,0.9441143870353699,1,1
18,152,0.06293275952339172,0,1
18,153,0.004923115950077772,0,1
18,154,0.5049827098846436,1,1
18,155,0.09742970019578934,0,1
18,156,0.40151509642601013,1,1
18,157,0.49776652455329895,1,1
18,158,0.5951903462409973,1,1
18,159,0.31039121747016907,0,1
18,160,0.07150815427303314,0,1
18,161,0.4042142331600189,1,1
18,162,0.1756315380334854,0,1
18,163,0.2343013733625412,0,1
18,164,0.09936705976724625,0,1
18,165,0.1289493888616562,0,1
18,166,0.1464502066373825,0,1
18,167,0.2287146896123886,0,1
18,168,0.4077877700328827,1,1
18,169,0.7348246574401855,1,1
19,0,4.9138983740704134e-05,0,0
19,1,6.92753155817627e-06,0,0
19,2,6.771159678464755e-05,0,0
19,3,3.0019815312698483e-05,0,0
19,4,8.542230352759361e-05,0,0
19,5,8.356152102351189e-05,0,0
19,6,1.0855673281184863e-05,0,0
19,7,0.0003605264937505126,0,0
19,8,7.989083678694442e-05,0,0
19,9,0.0001230112393386662,0,0
19,10,0.00013591122115030885,0,0
19,11,5.8555851865094155e-05,0,0
19,12,1.1632331734290347e-05,0,0
19,13,5.5228982091648504e-05,0,0
19,14,7.188843301264569e-05,0,0
19,15,0.00013111515727359802,0,0
19,16,0.000275161030003801,0,0
19,17,3.0711562430951744e-05,0,0
19,18,4.636820904124761e-06,0,0
19,19,0.0001229434710694477,0,0
19,20,0.0011725822696462274,0,0
19,21,2.9228609491838142e-05,0,0
19,22,6.735186616424471e-05,0,0
19,23,2.263409442093689e-05,0,0
19,24,0.0016847973456606269,0,0
19,25,0.00024548530927859247,0,0
19,26,0.00022485006775241345,0,0
19,27,0.003251248737797141,0,0
19,28,0.0001930349098984152,0,0
19,29,0.00035618437686935067,0,0
19,30,0.000587450573220849,0,0
19,31,0.0008057544473558664,0,0
19,32,0.002354262862354517,0,0
19,33,0.0002442069526296109,0,0
19,34,0.00022056973830331117,0,0
19,35,0.00041127370786853135,0,0
19,36,9.937828872352839e-05,0,0
19,37,0.0003655686159618199,0,0
19,38,8.851090387906879e-05,0,0
19,39,0.00012921950838062912,0,0
19,40,0.0001484036911278963,0,0
19,41,2.290611337230075e-05,0,0
19,42,1.116164457926061e-05,0,0
19,43,1.5475725376745686e-05,0,0
19,44,0.0004630465409718454,0,0
19,45,9.78185998974368e-05,0,0
19,46,0.00039016400114633143,0,0
19,47,0.00019432874978519976,0,0
19,48,3.8660335121676326e-05,0,0
19,49,3.086321157752536e-05,0,0
19,50,7.860993719077669e-06,0,0
19,51,2.4817891244310886e-05,0,0
19,52,1.3940260032541119e-05,0,0
19,53,7.422646831400925e-06,0,0
19,54,1.1873364655912155e-06,0,0
19,55,0.1348668783903122,1,0
19,56,0.1817092001438141,1,0
19,57,0.009343001991510391,0,0
19,58,0.4158974885940552,1,0
19,59,0.16900120675563812,1,0
19,60,0.4376499354839325,1,0
19,61,0.2383318841457367,1,0
19,62,0.6025621294975281,1,0
19,63,0.43548884987831116,1,0
19,64,0.34259697794914246,1,0
19,65,0.16741423308849335,1,0
19,66,0.40962305665016174,1,0
19,67,0.27869436144828796,1,0
19,68,0.10214921087026596,1,0
19,69,0.15386928617954254,1,0
19,70,0.25077757239341736,1,0
19,71,0.830782413482666,1,0
19,72,0.6517753005027771,1,0
19,73,0.05622556433081627,0,0
19,74,0.009015604853630066,0,0
19,75,0.0717686116695404,0,0
19,76,0.0978628471493721,0,0
19,77,0.0508112870156765,0,0
19,78,0.12622414529323578,1,0
19,79,0.0805501714348793,0,0
19,80,0.04355945810675621,0,0
19,81,0.0019833603873848915,0,0
19,82,0.037461187690496445,0,0
19,83,0.07012186199426651,0,0
19,84,0.00353998108766973,0,0
19,85,0.12567999958992004,1,0
19,86,0.2640276551246643,1,0
19,87,0.045538533478975296,0,0
19,88,0.05552796646952629,0,0
19,89,0.030526356771588326,0,0
19,90,0.15114794671535492,1,0
19,91,0.014297145418822765,0,0
19,92,0.04931541532278061,0,0
19,93,0.04619654640555382,0,0
19,94,0.0081629091873765,0,0
19,95,0.028913062065839767,0,0
19,96,0.1447259932756424,1,0
19,97,0.6060492396354675,1,0
19,98,0.38703420758247375,1,0
19,99,0.16864897310733795,1,0
19,100,0.19413520395755768,1,0
19,101,0.05022779852151871,0,0
19,102,0.47248536348342896,1,0
19,103,0.062027812004089355,0,0
19,104,0.02607789821922779,0,0
19,105,0.027147460728883743,0,0
19,106,0.10337453335523605,1,0
19,107,0.33744901418685913,1,0
19,108,0.08231478184461594,0,0
19,109,0.1855570375919342,1,0
19,110,0.33903825283050537,1,0
19,111,0.09070124477148056,0,0
19,112,0.13056680560112,1,0
19,113,0.8797711730003357,1,1
19,114,0.8144204616546631,1,1
19,115,0.9622856378555298,1,1
19,116,0.6438520550727844,1,1
19,117,0.7749961614608765,1,1
19,118,0.27178847789764404,1,1
19,119,0.7788116931915283,1,1
19,120,0.6983104944229126,1,1
19,121,0.9770175814628601,1,1
19,122,0.520453691482544,1,1
19,123,0.8699142336845398,1,1
19,124,0.7196922302246094,1,1
19,125,0.7006049156188965,1,1
19,126,0.7412487268447876,1,1
19,127,0.738189697265625,1,1
19,128,0.9332044124603271,1,1
19,129,0.9404172897338867,1,1
19,130,0.8679107427597046,1,1
19,131,0.9787463545799255,1,1
19,132,0.5956279039382935,1,1
19,133,0.957560658454895,1,1
19,134,0.8891105055809021,1,1
19,135,0.9602228403091431,1,1
19,136,0.7700709104537964,1,1
19,137,0.7689772844314575,1,1
19,138,0.7159216403961182,1,1
19,139,0.2067437618970871,1,1
19,140,0.2801401913166046,1,1
19,141,0.9038305878639221,1,1
19,142,0.7895036935806274,1,1
19,143,0.815878689289093,1,1
19,144,0.5219530463218689,1,1
19,145,0.8942391276359558,1,1
19,146,0.5228997468948364,1,1
19,147,0.5032224655151367,1,1
19,148,0.4848557710647583,1,1
19,149,0.19265902042388916,1,1
19,150,0.15721872448921204,1,1
19,151,0.6647781133651733,1,1
19,152,0.43264397978782654,1,1
19,153,0.6825174689292908,1,1
19,154,0.4192787706851959,1,1
19,155,0.5767542123794556,1,1
19,156,0.37435242533683777,1,1
19,157,0.7258204817771912,1,1
19,158,0.7114510536193848,1,1
19,159,0.6499607563018799,1,1
19,160,0.10479872673749924,1,1
19,161,0.19860562682151794,1,1
19,162,0.5209925174713135,1,1
19,163,0.4655302166938782,1,1
19,164,0.8152182102203369,1,1
19,165,0.7818127870559692,1,1
19,166,0.19805921614170074,1,1
19,167,0.5546768307685852,1,1
19,168,0.45723676681518555,1,1
19,169,0.7173585891723633,1,1
20,0,0.5744838714599609,1,0
20,1,0.29011306166648865,1,0
20,2,0.7054337859153748,1,0
20,3,0.1618584245443344,1,0
20,4,0.1468256264925003,1,0
20,5,0.22216682136058807,1,0
20,6,0.6996639370918274,1,0
20,7,0.012570137158036232,0,0
20,8,0.008594869635999203,0,0
20,9,0.01093067042529583,0,0
20,10,0.015464860014617443,0,0
20,11,0.0016674837097525597,0,0
20,12,0.04238877072930336,0,0
20,13,0.006838878616690636,0,0
20,14,0.003200547769665718,0,0
20,15,0.005284642335027456,0,0
20,16,0.003725336631760001,0,0
20,17,0.003214983269572258,0,0
20,18,0.0028410563245415688,0,0
20,19,0.01644686609506607,0,0
20,20,0.006004998926073313,0,0
20,21,0.03174051269888878,0,0
20,22,0.01954643242061138,0,0
20,23,0.0043658106587827206,0,0
20,24,0.016801021993160248,0,0
20,25,0.011788981966674328,0,0
20,26,0.0020882117096334696,0,0
20,27,0.0022248001769185066,0,0
20,28,0.002297320170328021,0,0
20,29,0.003387786215171218,0,0
20,30,0.0013767388882115483,0,0
20,31,0.006160861346870661,0,0
20,32,0.006324781570583582,0,0
20,33,0.0015491512604057789,0,0
20,34,0.0074523682706058025,0,0
20,35,0.005630903411656618,0,0
20,36,0.0030395728535950184,0,0
20,37,0.05293281748890877,0,0
20,38,0.003613492241129279,0,0
20,39,0.00708294752985239,0,0
20,40,0.004336672835052013,0,0
20,41,0.002479386981576681,0,0
20,42,0.0036346828565001488,0,0
20,43,0.6526415348052979,1,0
20,44,0.02801445871591568,0,0
20,45,0.15220431983470917,1,0
20,46,0.040212441235780716,0,0
20,47,0.2991534471511841,1,0
20,48,0.023413777351379395,0,0
20,49,0.17482586205005646,1,0
20,50,0.014291212894022465,0,0
20,51,0.00564341526478529,0,0
20,52,0.005261648911982775,0,0
20,53,0.055707331746816635,0,0
20,54,0.008381652645766735,0,0
20,55,0.041156571358442307,0,0
20,56,0.03248368948698044,0,0
20,57,0.2924518883228302,1,0
20,58,0.9815661907196045,1,0
20,59,0.8399754166603088,1,0
20,60,0.180000901222229,1,0
20,61,0.9333027601242065,1,0
20,62,0.9453642964363098,1,0
20,63,0.016963252797722816,0,0
20,64,0.04262380674481392,0,0
20,65,0.132948637008667,1,0
20,66,0.21963003277778625,1,0
20,67,0.033215634524822235,0,0
20,68,0.7447476387023926,1,0
20,69,0.6763285398483276,1,0
20,70,0.1782628297805786,1,0
20,71,0.2333250492811203,1,0
20,72,0.3917675316333771,1,0
20,73,0.28953421115875244,1,0
20,74,0.3685644865036011,1,0
20,75,0.6216858625411987,1,0
20,76,0.20448380708694458,1,0
20,77,0.5598917007446289,1,0
20,78,0.5893579721450806,1,0
20,79,0.09979667514562607,0,0
20,80,0.1645665019750595,1,0
20,81,0.18245704472064972,1,0
20,82,0.14649298787117004,1,0
20,83,0.06054294854402542,0,0
20,84,0.3905923068523407,1,0
20,85,0.43493208289146423,1,0
20,86,0.0751711055636406,0,0
20,87,0.07971545308828354,0,0
20,88,0.00905955582857132,0,0
20,89,0.020358359441161156,0,0
20,90,0.0006794905057176948,0,0
20,91,0.6437222957611084,1,0
20,92,0.029840677976608276,0,0
20,93,0.0033635450527071953,0,0
20,94,0.0021294502075761557,0,0
20,95,0.0022210765164345503,0,0
20,96,0.003059875685721636,0,0
20,97,0.0014542783610522747,0,0
20,98,0.00700946431607008,0,0
20,99,0.006777770817279816,0,0
20,100,0.0003662003146018833,0,0
20,101,0.0002573031233623624,0,0
20,102,0.0002065151638817042,0,0
20,103,0.000625988410320133,0,0
20,104,0.000267965515377,0,0
20,105,0.0007949667051434517,0,0
20,106,0.001612905296497047,0,0
20,107,0.0008409474394284189,0,0
20,108,0.0007408137898892164,0,0
20,109,0.008342454209923744,0,0
20,110,0.0006925162742845714,0,0
20,111,0.0037158450577408075,0,0
20,112,0.0003502393956296146,0,0
20,113,9.099466115003452e-05,0,0
20,114,0.07404612004756927,0,1
20,115,0.11257340759038925,1,1
20,116,0.07753502577543259,0,1
20,117,0.10270924121141434,1,1
20,118,0.22542120516300201,1,1
20,119,0.624472975730896,1,1
20,120,0.16174975037574768,1,1
20,121,0.15455931425094604,1,1
20,122,0.011629672721028328,0,1
20,123,0.01219375990331173,0,1
20,124,0.009991081431508064,0,1
20,125,0.009683948010206223,0,1
20,126,0.32037028670310974,1,1
20,127,0.0018768338486552238,0,1
20,128,0.06869915872812271,0,1
20,129,0.006215739995241165,0,1
20,130,0.04579881951212883,0,1
20,131,0.01319519430398941,0,1
20,132,0.01931501366198063,0,1
20,133,0.6069340109825134,1,1
20,134,0.6761409640312195,1,1
20,135,0.5896731615066528,1,1
20,136,0.3089653551578522,1,1
20,137,0.3414347171783447,1,1
20,138,0.13056990504264832,1,1
20,139,0.22174440324306488,1,1
20,140,0.016543753445148468,0,1
20,141,0.0419871062040329,0,1
20,142,0.08728664368391037,0,1
20,143,0.4041978418827057,1,1
20,144,0.03523540124297142,0,1
20,145,0.09206638485193253,0,1
20,146,0.1165909618139267,1,1
20,147,0.2308860421180725,1,1
20,148,0.02843456342816353,0,1
20,149,0.019351065158843994,0,1
20,150,0.282911092042923,1,1
20,151,0.25203654170036316,1,1
20,152,0.1429862231016159,1,1
20,153,0.06488531082868576,0,1
20,154,0.03738466277718544,0,1
20,155,0.2555364668369293,1,1
20,156,0.3167560398578644,1,1
20,157,0.2211644947528839,1,1
20,158,0.40220069885253906,1,1
20,159,0.17013682425022125,1,1
20,160,0.01463403832167387,0,1
20,161,0.12384728342294693,1,1
20,162,0.006302171852439642,0,1
20,163,0.005920359864830971,0,1
20,164,0.04943974316120148,0,1
20,165,0.06542110443115234,0,1
20,166,0.11801835149526596,1,1
20,167,0.1933010071516037,1,1
20,168,0.11428656429052353,1,1
20,169,0.09951331466436386,0,1
21,0,0.022964071482419968,0,1
21,1,0.007403385825455189,0,1
21,2,0.08048634231090546,0,1
21,3,0.020962294191122055,0,1
21,4,0.03545178472995758,0,1
21,5,0.10867143422365189,0,1
21,6,0.030339868739247322,0,1
21,7,0.009348446503281593,0,1
21,8,0.015458869747817516,0,1
21,9,0.011448370292782784,0,1
21,10,0.006842008326202631,0,1
21,11,0.008108442649245262,0,1
21,12,0.008697903715074062,0,1
21,13,0.051991913467645645,0,1
21,14,0.04736698791384697,0,1
21,15,0.08452465385198593,0,1
21,16,0.2952623963356018,0,1
21,17,0.03615468740463257,0,1
21,18,0.06369205564260483,0,1
21,19,0.011548168957233429,0,1
21,20,0.012627785094082355,0,1
21,21,0.006741175428032875,0,1
21,22,0.0627531111240387,0,1
21,23,0.11621652543544769,0,1
21,24,0.022785186767578125,0,1
21,25,0.012984469532966614,0,1
21,26,0.05769878253340721,0,1
21,27,0.1052623987197876,0,1
21,28,0.02541736513376236,0,1
21,29,0.036758262664079666,0,1
21,30,0.006451588589698076,0,1
21,31,0.0027800905518233776,0,1
21,32,0.00588804017752409,0,1
21,33,0.004942839965224266,0,1
21,34,0.001956274500116706,0,1
21,35,0.00479762302711606,0,1
21,36,0.0023271599784493446,0,1
21,37,0.03227367252111435,0,1
21,38,0.011143106035888195,0,1
21,39,0.0051278467290103436,0,1
21,40,0.004029112868010998,0,1
21,41,0.00479572918266058,0,1
21,42,0.019067462533712387,0,1
21,43,0.025280969217419624,0,1
21,44,0.014028179459273815,0,1
21,45,0.0029751346446573734,0,1
21,46,0.053383007645606995,0,1
21,47,0.013853377662599087,0,1
21,48,0.006336135324090719,0,1
21,49,0.01509144064038992,0,1
21,50,0.09853745996952057,0,1
21,51,0.005453307647258043,0,1
21,52,0.000988647690974176,0,1
21,53,0.012581678107380867,0,1
21,54,0.0021487874910235405,0,1
21,55,0.049506593495607376,0,1
21,56,0.012382373213768005,0,1
21,57,0.045622024685144424,0,1
21,58,0.03780036047101021,0,1
21,59,0.8443204164505005,1,0
21,60,0.6595916748046875,0,0
21,61,0.9619730114936829,1,0
21,62,0.9893499612808228,1,0
21,63,0.7821089625358582,0,0
21,64,0.5195013284683228,0,0
21,65,0.8493390679359436,1,0
21,66,0.8090364336967468,0,0
21,67,0.7526097297668457,0,0
21,68,0.8181723356246948,1,0
21,69,0.6232011318206787,0,0
21,70,0.8061597347259521,0,0
21,71,0.7828422784805298,0,0
21,72,0.8684166669845581,1,0
21,73,0.828900158405304,1,0
21,74,0.7954685688018799,0,0
21,75,0.6278400421142578,0,0
21,76,0.3685320317745209,0,0
21,77,0.3858834505081177,0,0
21,78,0.7841781973838806,0,0
21,79,0.8309675455093384,1,0
21,80,0.8456100225448608,1,0
21,81,0.9428099393844604,1,0
21,82,0.9845811724662781,1,0
21,83,0.9847353100776672,1,0
21,84,0.8291154503822327,1,0
21,85,0.8177814483642578,1,0
21,86,0.9510945677757263,1,0
21,87,0.9462295174598694,1,0
21,88,0.9848651885986328,1,0
21,89,0.9541544914245605,1,0
21,90,0.9659814238548279,1,0
21,91,0.97286456823349,1,0
21,92,0.9789033532142639,1,0
21,93,0.9691601395606995,1,0
21,94,0.9782289862632751,1,0
21,95,0.9906724095344543,1,0
21,96,0.9640356302261353,1,0
21,97,0.9924550652503967,1,0
21,98,0.9855290651321411,1,0
21,99,0.981666088104248,1,0
21,100,0.9028751254081726,1,0
21,101,0.9685359597206116,1,0
21,102,0.9754441380500793,1,0
21,103,0.9748992323875427,1,0
21,104,0.9771823287010193,1,0
21,105,0.9398329257965088,1,0
21,106,0.9770281910896301,1,0
21,107,0.9808167815208435,1,0
21,108,0.9799609780311584,1,0
21,109,0.9709816575050354,1,0
21,110,0.9841024279594421,1,0
21,111,0.9801835417747498,1,0
21,112,0.9863386154174805,1,0
21,113,0.9853551387786865,1,0
21,114,0.00019449427782092243,0,0
21,115,0.0005657612346112728,0,0
21,116,0.006469739135354757,0,0
21,117,0.002733280649408698,0,0
21,118,0.0004956767661496997,0,0
21,119,0.001534810638986528,0,0
21,120,7.31068939785473e-05,0,0
21,121,0.001286202110350132,0,0
21,122,0.0059609562158584595,0,0
21,123,0.006246649660170078,0,0
21,124,0.0021847663447260857,0,0
21,125,0.001759746577590704,0,0
21,126,0.005818553734570742,0,0
21,127,0.0017005419358611107,0,0
21,128,0.001457188744097948,0,0
21,129,0.0002686564694158733,0,0
21,130,0.0006526868673972785,0,0
21,131,0.0005525431479327381,0,0
21,132,0.0008014540653675795,0,0
21,133,0.0005868237931281328,0,0
21,134,0.0007713958038948476,0,0
21,135,0.0001310004445258528,0,0
21,136,5.760472049587406e-05,0,0
21,137,8.485003490932286e-05,0,0
21,138,5.0919152272399515e-05,0,0
21,139,7.45175639167428e-05,0,0
21,140,9.020794095704332e-05,0,0
21,141,0.00013042136561125517,0,0
21,142,0.00014751218259334564,0,0
21,143,0.0003893341345246881,0,0
21,144,0.0005140427383594215,0,0
21,145,0.00013196330110076815,0,0
21,146,4.5286356908036396e-05,0,0
21,147,5.5534237617393956e-05,0,0
21,148,0.00022109529527369887,0,0
21,149,0.0002241197944385931,0,0
21,150,0.0006329870084300637,0,0
21,151,0.00019202545809093863,0,0
21,152,0.0006078555015847087,0,0
21,153,0.00011962743155891076,0,0
21,154,0.0002093731745844707,0,0
21,155,0.00017515936633571982,0,0
21,156,0.00015425907622557133,0,0
21,157,0.0004049456038046628,0,0
21,158,0.0004635433724615723,0,0
21,159,0.0006515600834973156,0,0
21,160,0.00023445617989636958,0,0
21,161,0.00012722780229523778,0,0
21,162,0.00014015163469593972,0,0
21,163,0.00011627250205492601,0,0
21,164,5.9383837651694193e-05,0,0
21,165,0.00011601942242123187,0,0
21,166,0.00015728111611679196,0,0
21,167,0.0007857187301851809,0,0
21,168,7.406868098769337e-05,0,0
21,169,0.0013141338713467121,0,0
22,0,0.03806871920824051,0,1
22,1,0.008071919903159142,0,1
22,2,0.03375404328107834,0,1
22,3,0.020014004781842232,0,1
22,4,0.06006140634417534,0,1
22,5,0.018541395664215088,0,1
22,6,0.004160056356340647,0,1
22,7,0.014775319024920464,0,1
22,8,0.007375039160251617,0,1
22,9,0.013501190580427647,0,1
22,10,0.008796801790595055,0,1
22,11,0.012460162863135338,0,1
22,12,0.013452867977321148,0,1
22,13,0.01294277235865593,0,1
22,14,0.013209879398345947,0,1
22,15,0.011766022071242332,0,1
22,16,0.005714202765375376,0,1
22,17,0.021297965198755264,0,1
22,18,0.008496514521539211,0,1
22,19,0.010640637949109077,0,1
22,20,0.01395082101225853,0,1
22,21,0.018038280308246613,0,1
22,22,0.011939619667828083,0,1
22,23,0.010297478176653385,0,1
22,24,0.014578618109226227,0,1
22,25,0.005720439366996288,0,1
22,26,0.014792369678616524,0,1
22,27,0.009237629361450672,0,1
22,28,0.00794906448572874,0,1
22,29,0.009966999292373657,0,1
22,30,0.007756582926958799,0,1
22,31,0.007719589862972498,0,1
22,32,0.017405427992343903,0,1
22,33,0.009123269468545914,0,1
22,34,0.008341369219124317,0,1
22,35,0.0059839398600161076,0,1
22,36,0.007183611858636141,0,1
22,37,0.0054574464447796345,0,1
22,38,0.007025749888271093,0,1
22,39,0.009273167699575424,0,1
22,40,0.010105621069669724,0,1
22,41,0.01056925393640995,0,1
22,42,0.016351129859685898,0,1
22,43,0.010793723165988922,0,1
22,44,0.020544877275824547,0,1
22,45,0.008637163788080215,0,1
22,46,0.012435320764780045,0,1
22,47,0.005044950172305107,0,1
22,48,0.012361923232674599,0,1
22,49,0.006371003575623035,0,1
22,50,0.003050554543733597,0,1
22,51,0.009434475563466549,0,1
22,52,0.006003447808325291,0,1
22,53,0.004680055659264326,0,1
22,54,0.0069342427887022495,0,1
22,55,0.008794927038252354,0,1
22,56,0.05050595849752426,0,0
22,57,0.17261941730976105,0,0
22,58,0.04282374680042267,0,0
22,59,0.0628541111946106,0,0
22,60,0.31945040822029114,0,0
22,61,0.16667041182518005,0,0
22,62,0.1275208443403244,0,0
22,63,0.06952893733978271,0,0
22,64,0.12047316879034042,0,0
22,65,0.07813988626003265,0,0
22,66,0.10088575631380081,0,0
22,67,0.03388440981507301,0,0
22,68,0.16462251543998718,0,0
22,69,0.2528889775276184,0,0
22,70,0.034941449761390686,0,0
22,71,0.2697908878326416,0,0
22,72,0.49122995138168335,1,0
22,73,0.2690698802471161,0,0
22,74,0.4232063591480255,0,0
22,75,0.1060752272605896,0,0
22,76,0.26988571882247925,0,0
22,77,0.3668892979621887,0,0
22,78,0.09217532724142075,0,0
22,79,0.6520770788192749,1,0
22,80,0.4391278326511383,0,0
22,81,0.16446226835250854,0,0
22,82,0.6467318534851074,1,0
22,83,0.07951167970895767,0,0
22,84,0.04367022588849068,0,0
22,85,0.018041804432868958,0,0
22,86,0.007889592088758945,0,0
22,87,0.05178461968898773,0,0
22,88,0.1461891233921051,0,0
22,89,0.0389048270881176,0,0
22,90,0.14505034685134888,0,0
22,91,0.19860486686229706,0,0
22,92,0.038335949182510376,0,0
22,93,0.2978076934814453,0,0
22,94,0.550603985786438,1,0
22,95,0.4352373778820038,0,0
22,96,0.2785523235797882,0,0
22,97,0.2475975900888443,0,0
22,98,0.07505588978528976,0,0
22,99,0.6412700414657593,1,0
22,100,0.7754073143005371,1,0
22,101,0.5105364322662354,1,0
22,102,0.6672079563140869,1,0
22,103,0.10743694752454758,0,0
22,104,0.34287747740745544,0,0
22,105,0.7718579173088074,1,0
22,106,0.0536121241748333,0,0
22,107,0.4271119236946106,0,0
22,108,0.29051536321640015,0,0
22,109,0.19658203423023224,0,0
22,110,0.16804248094558716,0,0
22,111,0.17191527783870697,0,0
22,112,0.16712185740470886,0,0
22,113,0.06611207127571106,0,0
22,114,0.18295207619667053,0,0
22,115,0.005401351489126682,0,0
22,116,0.00468924967572093,0,0
22,117,0.005647949408739805,0,0
22,118,0.00541802030056715,0,0
22,119,0.0064655933529138565,0,0
22,120,0.0021351580508053303,0,0
22,121,0.004312033299356699,0,0
22,122,0.008479460142552853,0,0
22,123,0.012125109322369099,0,0
22,124,0.0061912527307868,0,0
22,125,0.006948939058929682,0,0
22,126,0.01671026460826397,0,0
22,127,0.009263505227863789,0,0
22,128,0.005500192288309336,0,0
22,129,0.008358738385140896,0,0
22,130,0.012164157815277576,0,0
22,131,0.007516544312238693,0,0
22,132,0.009603509679436684,0,0
22,133,0.012252885848283768,0,0
22,134,0.019433649256825447,0,0
22,135,0.004378688521683216,0,0
22,136,0.0025323601439595222,0,0
22,137,0.004981497302651405,0,0
22,138,0.00824568048119545,0,0
22,139,0.00486020976677537,0,0
22,140,0.005968287121504545,0,0
22,141,0.010069072246551514,0,0
22,142,0.006760180927813053,0,0
22,143,0.0048796809278428555,0,0
22,144,0.005699767265468836,0,0
22,145,0.007208695635199547,0,0
22,146,0.008312798105180264,0,0
22,147,0.006927045527845621,0,0
22,148,0.011974907480180264,0,0
22,149,0.006240096874535084,0,0
22,150,0.006690710783004761,0,0
22,151,0.003922350239008665,0,0
22,152,0.015969399362802505,0,0
22,153,0.00983413215726614,0,0
22,154,0.007689052261412144,0,0
22,155,0.014811666682362556,0,0
22,156,0.0065923347137868404,0,0
22,157,0.01028770487755537,0,0
22,158,0.007064349949359894,0,0
22,159,0.005492774304002523,0,0
22,160,0.006175982765853405,0,0
22,161,0.01717723160982132,0,0
22,162,0.01061802264302969,0,0
22,163,0.007530041504651308,0,0
22,164,0.01446625031530857,0,0
22,165,0.012597214430570602,0,0
22,166,0.014156205579638481,0,0
22,167,0.011761398985981941,0,0
22,168,0.0068587251007556915,0,0
22,169,0.011994544416666031,0,0
23,0,0.01813320629298687,0,0
23,1,0.5659196376800537,0,0
23,2,0.9623281359672546,1,0
23,3,0.46378767490386963,0,0
23,4,0.7965102195739746,1,0
23,5,0.025637749582529068,0,0
23,6,0.5759425163269043,0,0
23,7,0.43650561571121216,0,0
23,8,0.5734761953353882,0,0
23,9,0.2590809762477875,0,0
23,10,0.6593940258026123,0,0
23,11,0.8524478077888489,1,0
23,12,0.8191549181938171,1,0
23,13,0.9203416109085083,1,0
23,14,0.789880633354187,1,0
23,15,0.9834861755371094,1,0
23,16,0.13564617931842804,0,0
23,17,0.5060564279556274,0,0
23,18,0.1711260974407196,0,0
23,19,0.25054171681404114,0,0
23,20,0.18743476271629333,0,0
23,21,0.27464601397514343,0,0
23,22,0.6663873195648193,0,0
23,23,0.20199400186538696,0,0
23,24,0.1873743087053299,0,0
23,25,0.339115172624588,0,0
23,26,0.617821216583252,0,0
23,27,0.05247369036078453,0,0
23,28,0.8955131769180298,1,0
23,29,0.8647559881210327,1,0
23,30,0.8125207424163818,1,0
23,31,0.38292446732521057,0,0
23,32,0.9888377785682678,1,0
23,33,0.28524869680404663,0,0
23,34,0.1789955049753189,0,0
23,35,0.3054041564464569,0,0
23,36,0.7433410286903381,0,0
23,37,0.8276443481445312,1,0
23,38,0.9575129151344299,1,0
23,39,0.8744560480117798,1,0
23,40,0.749805212020874,0,0
23,41,0.004517385270446539,0,0
23,42,0.7920568585395813,1,0
23,43,0.8649082183837891,1,0
23,44,0.35217857360839844,0,0
23,45,0.6440790295600891,0,0
23,46,0.03247575834393501,0,0
23,47,0.013003194704651833,0,0
23,48,0.93947833776474,1,0
23,49,0.9330453872680664,1,0
23,50,0.9813119769096375,1,0
23,51,0.9782041907310486,1,0
23,52,0.9291859865188599,1,0
23,53,0.9496009945869446,1,0
23,54,0.9174692034721375,1,0
23,55,0.9632687568664551,1,0
23,56,0.9897437691688538,1,0
23,57,0.9436621069908142,1,0
23,58,0.2876289188861847,0,0
23,59,0.0022628747392445803,0,0
23,60,0.01936199516057968,0,0
23,61,0.05480431020259857,0,0
23,62,0.05046046897768974,0,0
23,63,0.0667966902256012,0,0
23,64,0.001416464219801128,0,0
23,65,0.11147776246070862,0,0
23,66,0.006209717132151127,0,0
23,67,0.9925480484962463,1,0
23,68,0.9960039258003235,1,0
23,69,0.07916130125522614,0,0
23,70,0.012175693176686764,0,0
23,71,0.0976782739162445,0,0
23,72,0.016389958560466766,0,0
23,73,0.175634503364563,0,0
23,74,0.09436854720115662,0,0
23,75,0.224681556224823,0,0
23,76,0.12499135732650757,0,0
23,77,0.0684257298707962,0,0
23,78,0.12797696888446808,0,0
23,79,0.12269601225852966,0,0
23,80,0.03123355098068714,0,0
23,81,0.17832501232624054,0,0
23,82,0.003791799768805504,0,0
23,83,0.09334501624107361,0,0
23,84,0.1402088701725006,0,0
23,85,0.2819212079048157,0,0
23,86,0.08107420802116394,0,0
23,87,0.04384416714310646,0,0
23,88,0.021011624485254288,0,0
23,89,0.06513693928718567,0,0
23,90,0.053007423877716064,0,0
23,91,0.12147096544504166,0,0
23,92,0.03598928079009056,0,0
23,93,0.047232843935489655,0,0
23,94,0.16561900079250336,0,0
23,95,0.01063065230846405,0,0
23,96,0.010714385658502579,0,0
23,97,0.1298828274011612,0,0
23,98,0.044075313955545425,0,0
23,99,0.04210267961025238,0,0
23,100,0.13476158678531647,0,0
23,101,0.07697460055351257,0,0
23,102,0.16525906324386597,0,0
23,103,0.16674605011940002,0,0
23,104,0.05520898848772049,0,0
23,105,0.3677143156528473,0,0
23,106,0.4884794354438782,0,0
23,107,0.4457462430000305,0,0
23,108,0.004577904008328915,0,0
23,109,0.0018588214879855514,0,0
23,110,0.0020750851836055517,0,0
23,111,0.08473404496908188,0,0
23,112,0.19506382942199707,0,0
23,113,0.006132756359875202,0,0
23,114,0.0028913540299981833,0,0
23,115,0.003594763809815049,0,0
23,116,0.0016750568756833673,0,0
23,117,0.009624331258237362,0,1
23,118,0.6987004280090332,0,1
23,119,0.6186507940292358,0,1
23,120,0.15795303881168365,0,1
23,121,0.009303958155214787,0,1
23,122,0.07603739202022552,0,1
23,123,0.014659907668828964,0,1
23,124,0.00674477219581604,0,1
23,125,0.9270503520965576,1,1
23,126,0.016043134033679962,0,1
23,127,0.8314250707626343,1,1
23,128,0.8619131445884705,1,1
23,129,0.5378177165985107,0,1
23,130,0.7806257605552673,1,1
23,131,0.06385865062475204,0,1
23,132,0.14230094850063324,0,1
23,133,0.02594592794775963,0,1
23,134,0.01877705194056034,0,1
23,135,0.075655497610569,0,1
23,136,0.23482531309127808,0,1
23,137,0.2603744566440582,0,1
23,138,0.6502238512039185,0,1
23,139,0.7807621955871582,1,1
23,140,0.1699012666940689,0,1
23,141,0.0055093104019761086,0,1
23,142,0.8982040286064148,1,1
23,143,0.28912872076034546,0,1
23,144,0.40884068608283997,0,1
23,145,0.20093533396720886,0,1
23,146,0.128503680229187,0,1
23,147,0.23699425160884857,0,1
23,148,0.0832909420132637,0,1
23,149,0.0765596404671669,0,1
23,150,0.8933179974555969,1,1
23,151,0.7300837635993958,0,1
23,152,0.6431626677513123,0,1
23,153,0.9406133890151978,1,1
23,154,0.12201172858476639,0,1
23,155,0.1695520132780075,0,1
23,156,0.07042025774717331,0,1
23,157,0.1883428543806076,0,1
23,158,0.32396653294563293,0,1
23,159,0.13872279226779938,0,1
23,160,0.01568853110074997,0,1
23,161,0.025528818368911743,0,1
23,162,0.37151122093200684,0,1
23,163,0.6126792430877686,0,1
23,164,0.044660888612270355,0,1
23,165,0.09567831456661224,0,1
23,166,0.13992030918598175,0,1
23,167,0.1930789053440094,0,1
23,168,0.16638502478599548,0,1
23,169,0.3310934007167816,0,1
24,0,0.6338841319084167,1,1
24,1,0.6479320526123047,1,1
24,2,0.7077285051345825,1,1
24,3,0.7049494981765747,1,1
24,4,0.6687164306640625,1,1
24,5,0.70196932554245,1,1
24,6,0.7062024474143982,1,1
24,7,0.7028114199638367,1,1
24,8,0.6654539108276367,1,1
24,9,0.7065244317054749,1,1
24,10,0.6840071678161621,1,1
24,11,0.5918105840682983,1,1
24,12,0.4855417311191559,1,1
24,13,0.47039347887039185,1,1
24,14,0.5601041316986084,1,1
24,15,0.7438240051269531,1,1
24,16,0.12638291716575623,0,1
24,17,0.16629374027252197,0,1
24,18,0.5408903360366821,1,1
24,19,0.7615814805030823,1,1
24,20,0.8558639287948608,1,1
24,21,0.862873911857605,1,1
24,22,0.9677631258964539,1,1
24,23,0.10191994905471802,0,1
24,24,0.4532468318939209,1,1
24,25,0.7026787996292114,1,1
24,26,0.2644434869289398,0,1
24,27,0.2780448794364929,0,1
24,28,0.3116597831249237,0,1
24,29,0.33172664046287537,1,1
24,30,0.2330203503370285,0,1
24,31,0.1644744724035263,0,1
24,32,0.26549243927001953,0,1
24,33,0.24095457792282104,0,1
24,34,0.632875919342041,1,1
24,35,0.1997673362493515,0,1
24,36,0.2667608857154846,0,1
24,37,0.3071664273738861,0,1
24,38,0.20765003561973572,0,1
24,39,0.08568840473890305,0,1
24,40,0.13213378190994263,0,1
24,41,0.3326988220214844,1,1
24,42,0.6925636529922485,1,1
24,43,0.5228397846221924,1,1
24,44,0.4361056983470917,1,1
24,45,0.7023488283157349,1,1
24,46,0.18391332030296326,0,1
24,47,0.24831432104110718,0,1
24,48,0.7258751392364502,1,1
24,49,0.4780770242214203,1,1
24,50,0.5732426643371582,1,1
24,51,0.6245709657669067,1,1
24,52,0.3915843665599823,1,1
24,53,0.4927314817905426,1,1
24,54,0.30373769998550415,0,1
24,55,0.7103222608566284,1,1
24,56,0.7835921049118042,1,1
24,57,0.8085019588470459,1,1
24,58,0.13632960617542267,0,0
24,59,0.10661474615335464,0,0
24,60,0.11608514934778214,0,0
24,61,0.11592115461826324,0,0
24,62,0.12098991125822067,0,0
24,63,0.105045385658741,0,0
24,64,0.10476692765951157,0,0
24,65,0.09951610863208771,0,0
24,66,0.0829058513045311,0,0
24,67,0.039879973977804184,0,0
24,68,0.1141301766037941,0,0
24,69,0.025082828477025032,0,0
24,70,0.02605905570089817,0,0
24,71,0.2744557559490204,0,0
24,72,0.11250275373458862,0,0
24,73,0.12745018303394318,0,0
24,74,0.7146987915039062,1,0
24,75,0.28456956148147583,0,0
24,76,0.11522694677114487,0,0
24,77,0.7244408130645752,1,0
24,78,0.5278149843215942,1,0
24,79,0.1504473239183426,0,0
24,80,0.27861443161964417,0,0
24,81,0.6130071878433228,1,0
24,82,0.19268926978111267,0,0
24,83,0.7748942375183105,1,0
24,84,0.3226562738418579,1,0
24,85,0.34451910853385925,1,0
24,86,0.8389016389846802,1,0
24,87,0.6165770292282104,1,0
24,88,0.5626296401023865,1,0
24,89,0.3122631907463074,0,0
24,90,0.19797925651073456,0,0
24,91,0.5343917012214661,1,0
24,92,0.17001627385616302,0,0
24,93,0.0964844822883606,0,0
24,94,0.14190389215946198,0,0
24,95,0.22779704630374908,0,0
24,96,0.23364205658435822,0,0
24,97,0.716704249382019,1,0
24,98,0.03726290538907051,0,0
24,99,0.29581788182258606,0,0
24,100,0.5703762173652649,1,0
24,101,0.09725703299045563,0,0
24,102,0.06943005323410034,0,0
24,103,0.3075830042362213,0,0
24,104,0.12212532013654709,0,0
24,105,0.20523764193058014,0,0
24,106,0.8204016089439392,1,0
24,107,0.8027462363243103,1,0
24,108,0.5727739334106445,1,0
24,109,0.25189638137817383,0,0
24,110,0.7971040606498718,1,0
24,111,0.705371081829071,1,0
24,112,0.11404848843812943,0,0
24,113,0.4551674723625183,1,0
24,114,0.04767143726348877,0,0
24,115,0.07383488118648529,0,0
24,116,0.1905541867017746,0,0
24,117,0.24625200033187866,0,0
24,118,0.35957518219947815,1,0
24,119,0.14312385022640228,0,0
24,120,0.41634973883628845,1,0
24,121,0.12857374548912048,0,0
24,122,0.10626961290836334,0,0
24,123,0.11771253496408463,0,0
24,124,0.0744868665933609,0,0
24,125,0.006482293363660574,0,0
24,126,0.419031023979187,1,0
24,127,0.5135430097579956,1,0
24,128,0.0038781051989644766,0,0
24,129,0.01593780890107155,0,0
24,130,0.09197880327701569,0,0
24,131,0.02554289437830448,0,0
24,132,0.004406825173646212,0,0
24,133,0.018935784697532654,0,0
24,134,0.05898067355155945,0,0
24,135,0.019369032233953476,0,0
24,136,0.09232647716999054,0,0
24,137,0.03880896046757698,0,0
24,138,0.08546718209981918,0,0
24,139,0.15009859204292297,0,0
24,140,0.23680879175662994,0,0
24,141,0.3897741734981537,1,0
24,142,0.14982038736343384,0,0
24,143,0.22136101126670837,0,0
24,144,0.23710410296916962,0,0
24,145,0.11367660760879517,0,0
24,146,0.0064050802029669285,0,0
24,147,0.18235957622528076,0,0
24,148,0.2726112902164459,0,0
24,149,0.3525215685367584,1,0
24,150,0.5122387409210205,1,0
24,151,0.5572394728660583,1,0
24,152,0.31953203678131104,0,0
24,153,0.44933822751045227,1,0
24,154,0.24909184873104095,0,0
24,155,0.2195163071155548,0,0
24,156,0.4885099530220032,1,0
24,157,0.3666048049926758,1,0
24,158,0.36590635776519775,1,0
24,159,0.07542958110570908,0,0
24,160,0.20970134437084198,0,0
24,161,0.3411652147769928,1,0
24,162,0.04505851864814758,0,0
24,163,0.054834961891174316,0,0
24,164,0.06431315094232559,0,0
24,165,0.3115462064743042,0,0
24,166,0.21666540205478668,0,0
24,167,0.08575703203678131,0,0
24,168,0.07782526314258575,0,0
24,169,0.5895009636878967,1,0
